2026-04-12 18:49:52,063 - __main__ - INFO - ”¶”√≥Ã–Ú∆Ù∂Ø
2026-04-12 18:49:52,923 - __main__ - INFO - ƒ£–Õº”‘ÿ≥…π¶: best.onnx
2026-04-12 18:49:52,925 - __main__ - INFO - º”‘ÿ¡À 2 ∏ˆƒ£–ÕŒƒº˛
2026-04-12 18:49:53,100 - __main__ - INFO - ƒ£–Õº”‘ÿ≥…π¶: best.onnx
2026-04-12 18:49:53,107 - __main__ - INFO - ≤Œ ˝ª÷∏¥≥…π¶
2026-04-12 18:49:59,536 - __main__ - INFO - ƒ£–Õº”‘ÿ≥…π¶: yolov5s.onnx
2026-04-12 18:50:17,214 - __main__ - INFO - Õº∆¨ºÏ≤‚“—ÕÍ≥… (ª≠√Ê3): D:/Projects/yolov5-pyqt5/test_img/5.jpg
2026-04-12 18:50:22,811 - __main__ - INFO - Õº∆¨ºÏ≤‚“—ÕÍ≥… (ª≠√Ê4): D:/Projects/yolov5-pyqt5/test_img/28.jpg
2026-04-12 18:50:24,535 - __main__ - INFO -  ”∆µºÏ≤‚“—Õ£÷π (ª≠√Ê2): D:/Projects/yolov5-pyqt5/test_img/…˙≥…≤‚ ‘Ãı¥¯ ”∆µ.mp4
2026-04-12 18:50:34,506 - __main__ - INFO -  ”∆µºÏ≤‚“—Õ£÷π (ª≠√Ê1): D:/Projects/yolov5-pyqt5/test_img/3.mp4
2026-04-12 18:50:39,059 - __main__ - INFO -  ”∆µºÏ≤‚“—Õ£÷π (ª≠√Ê5): D:/Projects/yolov5-pyqt5/test_img/…˙≥…≤‚ ‘Ãı¥¯ ”∆µ.mp4
2026-04-12 18:50:41,004 - __main__ - INFO -  ”∆µºÏ≤‚“—Õ£÷π (ª≠√Ê6): D:/Projects/yolov5-pyqt5/test_img/…˙≥…≤‚ ‘Ãı¥¯ ”∆µ.mp4
2026-04-12 18:55:30,381 - __main__ - INFO - Õº∆¨ºÏ≤‚“—ÕÍ≥… (ª≠√Ê1): D:/Projects/yolov5-pyqt5/test_img/6.jpg
2026-04-12 18:55:36,683 - __main__ - INFO -  ”∆µºÏ≤‚“—Õ£÷π (ª≠√Ê3): D:/Projects/yolov5-pyqt5/test_img/3.mp4
2026-04-12 18:55:38,584 - __main__ - INFO - Õº∆¨ºÏ≤‚“—ÕÍ≥… (ª≠√Ê2): D:/Projects/yolov5-pyqt5/test_img/6.jpg
2026-04-12 18:59:24,358 - __main__ - INFO -  ”∆µºÏ≤‚“—Õ£÷π (ª≠√Ê2): D:/Projects/yolov5-pyqt5/test_img/…˙≥…≤‚ ‘Ãı¥¯ ”∆µ.mp4
2026-04-12 18:59:35,321 - __main__ - INFO -  ”∆µºÏ≤‚“—Õ£÷π (ª≠√Ê1): D:/Projects/yolov5-pyqt5/test_img/3.mp4
2026-04-12 18:59:38,604 - __main__ - INFO -  ”∆µºÏ≤‚“—Õ£÷π (ª≠√Ê4): D:/Projects/yolov5-pyqt5/test_img/…˙≥…≤‚ ‘Ãı¥¯ ”∆µ.mp4
2026-04-12 18:59:49,497 - __main__ - INFO -  ”∆µºÏ≤‚“—Õ£÷π (ª≠√Ê7): D:/Projects/yolov5-pyqt5/test_img/…˙≥…≤‚ ‘Ãı¥¯ ”∆µ.mp4
2026-04-12 18:59:50,361 - __main__ - INFO -  ”∆µºÏ≤‚“—Õ£÷π (ª≠√Ê3): D:/Projects/yolov5-pyqt5/test_img/3.mp4
2026-04-12 18:59:56,163 - __main__ - INFO -  ”∆µºÏ≤‚“—Õ£÷π (ª≠√Ê5): D:/Projects/yolov5-pyqt5/test_img/3.mp4
2026-04-12 19:00:05,653 - __main__ - INFO - …„œÒÕ∑ºÏ≤‚“—Õ£÷π (ª≠√Ê8)
2026-04-12 19:00:40,574 - __main__ - INFO - ≥Ã–Ú’˝‘⁄ÕÀ≥ˆ...
2026-04-12 19:11:15,029 - __main__ - INFO - ”¶”√≥Ã–Ú∆Ù∂Ø
2026-04-12 19:11:15,827 - __main__ - INFO - ƒ£–Õº”‘ÿ≥…π¶: best.onnx
2026-04-12 19:11:15,830 - __main__ - INFO - º”‘ÿ¡À 2 ∏ˆƒ£–ÕŒƒº˛
2026-04-12 19:11:16,003 - __main__ - INFO - ƒ£–Õº”‘ÿ≥…π¶: best.onnx
2026-04-12 19:11:16,012 - __main__ - INFO - ≤Œ ˝ª÷∏¥≥…π¶
2026-04-12 19:11:30,632 - __main__ - INFO -  ”∆µºÏ≤‚“—Õ£÷π (ª≠√Ê1): D:/Projects/yolov5-pyqt5/test_img/3.mp4
2026-04-12 19:11:31,906 - __main__ - INFO - …„œÒÕ∑ºÏ≤‚“—Õ£÷π (ª≠√Ê2)
2026-04-12 19:11:34,863 - __main__ - INFO - ƒ£–Õº”‘ÿ≥…π¶: yolov5s.onnx
2026-04-12 19:11:47,750 - __main__ - INFO - …„œÒÕ∑ºÏ≤‚“—Õ£÷π (ª≠√Ê2)
2026-04-12 19:11:58,681 - __main__ - INFO -  ”∆µºÏ≤‚“—Õ£÷π (ª≠√Ê1): D:/Projects/yolov5-pyqt5/test_img/3.mp4
2026-04-12 19:12:40,534 - __main__ - INFO - ‰Ø¿¿∆˜º”‘ÿ¡À 341 ÃıºÏ≤‚º«¬º
2026-04-12 19:14:32,699 - __main__ - INFO - ”¶”√≥Ã–Ú∆Ù∂Ø
2026-04-12 19:14:33,500 - __main__ - INFO - ƒ£–Õº”‘ÿ≥…π¶: best.onnx
2026-04-12 19:14:33,503 - __main__ - INFO - º”‘ÿ¡À 2 ∏ˆƒ£–ÕŒƒº˛
2026-04-12 19:14:33,684 - __main__ - INFO - ƒ£–Õº”‘ÿ≥…π¶: best.onnx
2026-04-12 19:14:33,695 - __main__ - INFO - ≤Œ ˝ª÷∏¥≥…π¶
2026-04-12 19:14:38,946 - __main__ - INFO - Õº∆¨ºÏ≤‚“—ÕÍ≥… (ª≠√Ê1): D:/Projects/yolov5-pyqt5/test_img/5.jpg
2026-04-12 19:14:41,098 - __main__ - INFO - ƒ£–Õº”‘ÿ≥…π¶: yolov5s.onnx
2026-04-12 19:14:42,740 - __main__ - INFO - Õº∆¨ºÏ≤‚“—ÕÍ≥… (ª≠√Ê1): D:/Projects/yolov5-pyqt5/test_img/5.jpg
2026-04-12 19:16:09,302 - __main__ - INFO -  ”∆µºÏ≤‚“—Õ£÷π (ª≠√Ê1): D:/Projects/yolov5-pyqt5/test_img/…˙≥…≤‚ ‘Ãı¥¯ ”∆µ.mp4
2026-04-12 19:17:18,274 - __main__ - INFO - ”¶”√≥Ã–Ú∆Ù∂Ø
2026-04-12 19:17:19,046 - __main__ - INFO - ƒ£–Õº”‘ÿ≥…π¶: best.onnx
2026-04-12 19:17:19,048 - __main__ - INFO - º”‘ÿ¡À 2 ∏ˆƒ£–ÕŒƒº˛
2026-04-12 19:17:19,240 - __main__ - INFO - ƒ£–Õº”‘ÿ≥…π¶: best.onnx
2026-04-12 19:17:19,251 - __main__ - INFO - ≤Œ ˝ª÷∏¥≥…π¶
2026-04-12 19:17:23,380 - __main__ - INFO - ƒ£–Õº”‘ÿ≥…π¶: yolov5s.onnx
2026-04-12 19:18:03,527 - __main__ - INFO - ”¶”√≥Ã–Ú∆Ù∂Ø
2026-04-12 19:18:04,326 - __main__ - INFO - ƒ£–Õº”‘ÿ≥…π¶: best.onnx
2026-04-12 19:18:04,328 - __main__ - INFO - º”‘ÿ¡À 2 ∏ˆƒ£–ÕŒƒº˛
2026-04-12 19:18:04,497 - __main__ - INFO - ƒ£–Õº”‘ÿ≥…π¶: best.onnx
2026-04-12 19:18:04,502 - __main__ - INFO - ≤Œ ˝ª÷∏¥≥…π¶
2026-04-12 19:18:51,499 - __main__ - INFO - ”¶”√≥Ã–Ú∆Ù∂Ø
2026-04-12 19:18:52,305 - __main__ - INFO - ƒ£–Õº”‘ÿ≥…π¶: best.onnx
2026-04-12 19:18:52,308 - __main__ - INFO - º”‘ÿ¡À 2 ∏ˆƒ£–ÕŒƒº˛
2026-04-12 19:18:52,497 - __main__ - INFO - ƒ£–Õº”‘ÿ≥…π¶: best.onnx
2026-04-12 19:18:52,506 - __main__ - INFO - ≤Œ ˝ª÷∏¥≥…π¶
2026-04-12 19:18:56,066 - __main__ - INFO - ƒ£–Õº”‘ÿ≥…π¶: yolov5s.onnx
2026-04-12 19:19:04,320 - __main__ - INFO -  ”∆µºÏ≤‚“—Õ£÷π (ª≠√Ê1): D:/Projects/yolov5-pyqt5/test_img/…˙≥…≤‚ ‘Ãı¥¯ ”∆µ.mp4
2026-04-12 19:19:56,240 - __main__ - INFO - HTML±®∏Ê“—…˙≥…: ./results\report_20260412_191956.html
2026-04-12 19:20:04,158 - __main__ - INFO - HTML±®∏Ê“—…˙≥…: ./results\report_20260412_191956.html
2026-04-12 19:20:06,026 - __main__ - INFO - ‰Ø¿¿∆˜º”‘ÿ¡À 543 ÃıºÏ≤‚º«¬º
2026-04-12 19:20:47,388 - __main__ - INFO - ”¶”√≥Ã–Ú∆Ù∂Ø
2026-04-12 19:20:48,159 - __main__ - INFO - ƒ£–Õº”‘ÿ≥…π¶: best.onnx
2026-04-12 19:20:48,162 - __main__ - INFO - º”‘ÿ¡À 2 ∏ˆƒ£–ÕŒƒº˛
2026-04-12 19:20:48,352 - __main__ - INFO - ƒ£–Õº”‘ÿ≥…π¶: best.onnx
2026-04-12 19:20:48,361 - __main__ - INFO - ≤Œ ˝ª÷∏¥≥…π¶
2026-04-12 19:20:51,615 - __main__ - INFO - ƒ£–Õº”‘ÿ≥…π¶: yolov5s.onnx
2026-04-12 19:21:01,102 - __main__ - INFO -  ”∆µºÏ≤‚“—Õ£÷π (ª≠√Ê1): D:/Projects/yolov5-pyqt5/test_img/3.mp4
2026-04-12 19:21:09,324 - __main__ - INFO -  ”∆µºÏ≤‚“—Õ£÷π (ª≠√Ê1): D:/Projects/yolov5-pyqt5/test_img/…˙≥…≤‚ ‘Ãı¥¯ ”∆µ.mp4
2026-04-12 19:21:23,359 - __main__ - INFO - HTML±®∏Ê“—…˙≥…: ./results\report_20260412_192123.html
2026-04-12 19:21:47,422 - __main__ - INFO - HTML±®∏Ê“—…˙≥…: ./results\report_20260412_192123.html
2026-04-12 19:25:01,912 - __main__ - INFO - ”¶”√≥Ã–Ú∆Ù∂Ø
2026-04-12 19:26:02,849 - __main__ - INFO - ”¶”√≥Ã–Ú∆Ù∂Ø
2026-04-12 19:26:20,384 - __main__ - INFO - ”¶”√≥Ã–Ú∆Ù∂Ø
2026-04-12 19:26:21,087 - __main__ - INFO - ƒ£–Õº”‘ÿ≥…π¶: best.onnx
2026-04-12 19:26:21,089 - __main__ - INFO - º”‘ÿ¡À 2 ∏ˆƒ£–ÕŒƒº˛
2026-04-12 19:26:21,266 - __main__ - INFO - ƒ£–Õº”‘ÿ≥…π¶: best.onnx
2026-04-12 19:26:21,278 - __main__ - INFO - ≤Œ ˝ª÷∏¥≥…π¶
2026-04-12 19:26:24,904 - __main__ - INFO - ƒ£–Õº”‘ÿ≥…π¶: yolov5s.onnx
2026-04-12 19:26:35,128 - __main__ - INFO -  ”∆µºÏ≤‚“—Õ£÷π (ª≠√Ê1): D:/Projects/yolov5-pyqt5/test_img/…˙≥…≤‚ ‘Ãı¥¯ ”∆µ.mp4
2026-04-12 19:28:26,423 - __main__ - INFO - ”¶”√≥Ã–Ú∆Ù∂Ø
2026-04-12 19:28:27,187 - __main__ - INFO - ƒ£–Õº”‘ÿ≥…π¶: best.onnx
2026-04-12 19:28:27,190 - __main__ - INFO - º”‘ÿ¡À 2 ∏ˆƒ£–ÕŒƒº˛
2026-04-12 19:28:27,382 - __main__ - INFO - ƒ£–Õº”‘ÿ≥…π¶: best.onnx
2026-04-12 19:28:27,391 - __main__ - INFO - ≤Œ ˝ª÷∏¥≥…π¶
2026-04-12 19:28:31,298 - __main__ - INFO - ƒ£–Õº”‘ÿ≥…π¶: yolov5s.onnx
2026-04-12 19:28:52,935 - __main__ - INFO - ”¶”√≥Ã–Ú∆Ù∂Ø
2026-04-12 19:28:53,670 - __main__ - INFO - ƒ£–Õº”‘ÿ≥…π¶: best.onnx
2026-04-12 19:28:53,674 - __main__ - INFO - º”‘ÿ¡À 2 ∏ˆƒ£–ÕŒƒº˛
2026-04-12 19:28:53,852 - __main__ - INFO - ƒ£–Õº”‘ÿ≥…π¶: best.onnx
2026-04-12 19:28:53,859 - __main__ - INFO - ≤Œ ˝ª÷∏¥≥…π¶
2026-04-12 19:29:12,347 - __main__ - INFO - Õº∆¨ºÏ≤‚“—ÕÍ≥… (ª≠√Ê4): D:/Projects/yolov5-pyqt5/test_img/5.jpg
2026-04-12 19:32:11,785 - __main__ - INFO - ”¶”√≥Ã–Ú∆Ù∂Ø
2026-04-12 19:32:12,533 - __main__ - INFO - ƒ£–Õº”‘ÿ≥…π¶: best.onnx
2026-04-12 19:32:12,535 - __main__ - INFO - º”‘ÿ¡À 2 ∏ˆƒ£–ÕŒƒº˛
2026-04-12 19:32:12,704 - __main__ - INFO - ƒ£–Õº”‘ÿ≥…π¶: best.onnx
2026-04-12 19:32:12,712 - __main__ - INFO - ≤Œ ˝ª÷∏¥≥…π¶
2026-04-12 19:32:15,283 - __main__ - INFO - ƒ£–Õº”‘ÿ≥…π¶: yolov5s.onnx
2026-04-12 19:32:32,087 - __main__ - INFO - ”¶”√≥Ã–Ú∆Ù∂Ø
2026-04-12 19:32:32,869 - __main__ - INFO - ƒ£–Õº”‘ÿ≥…π¶: best.onnx
2026-04-12 19:32:32,871 - __main__ - INFO - º”‘ÿ¡À 2 ∏ˆƒ£–ÕŒƒº˛
2026-04-12 19:32:33,048 - __main__ - INFO - ƒ£–Õº”‘ÿ≥…π¶: best.onnx
2026-04-12 19:32:33,056 - __main__ - INFO - ≤Œ ˝ª÷∏¥≥…π¶
2026-04-12 19:32:41,155 - __main__ - INFO -  ”∆µºÏ≤‚“—Õ£÷π (ª≠√Ê1): D:/Projects/yolov5-pyqt5/test_img/3.mp4
2026-04-12 19:32:44,678 - __main__ - INFO - ƒ£–Õº”‘ÿ≥…π¶: yolov5s.onnx
2026-04-12 19:32:56,650 - __main__ - WARNING - ª≠√Ê2 Õ∆¿ÌÀ¯≥¨ ±
2026-04-12 19:33:55,969 - __main__ - INFO - ”¶”√≥Ã–Ú∆Ù∂Ø
2026-04-12 19:33:56,781 - __main__ - INFO - ƒ£–Õº”‘ÿ≥…π¶: best.onnx
2026-04-12 19:33:56,782 - __main__ - INFO - º”‘ÿ¡À 2 ∏ˆƒ£–ÕŒƒº˛
2026-04-12 19:33:56,978 - __main__ - INFO - ƒ£–Õº”‘ÿ≥…π¶: best.onnx
2026-04-12 19:33:56,987 - __main__ - INFO - ≤Œ ˝ª÷∏¥≥…π¶
2026-04-12 19:34:00,267 - __main__ - INFO - ƒ£–Õº”‘ÿ≥…π¶: yolov5s.onnx
2026-04-12 19:34:10,580 - __main__ - INFO -  ”∆µºÏ≤‚“—Õ£÷π (ª≠√Ê1): D:/Projects/yolov5-pyqt5/test_img/…˙≥…≤‚ ‘Ãı¥¯ ”∆µ.mp4
2026-04-12 19:34:32,586 - __main__ - INFO -  ”∆µºÏ≤‚“—Õ£÷π (ª≠√Ê1): D:/Projects/yolov5-pyqt5/test_img/3.mp4
2026-04-12 19:34:39,357 - __main__ - INFO - HTML±®∏Ê“—…˙≥…: ./results\report_20260412_193439.html
2026-04-12 19:34:52,021 - __main__ - INFO - HTML±®∏Ê“—…˙≥…: ./results\report_20260412_193439.html
2026-04-12 19:34:58,977 - __main__ - INFO - ”¶”√≥Ã–Ú∆Ù∂Ø
2026-04-12 19:34:59,791 - __main__ - INFO - ƒ£–Õº”‘ÿ≥…π¶: best.onnx
2026-04-12 19:34:59,793 - __main__ - INFO - º”‘ÿ¡À 2 ∏ˆƒ£–ÕŒƒº˛
2026-04-12 19:34:59,964 - __main__ - INFO - ƒ£–Õº”‘ÿ≥…π¶: best.onnx
2026-04-12 19:34:59,971 - __main__ - INFO - ≤Œ ˝ª÷∏¥≥…π¶
2026-04-12 19:35:02,750 - __main__ - INFO - ƒ£–Õº”‘ÿ≥…π¶: yolov5s.onnx
2026-04-12 19:35:07,459 - __main__ - INFO - …„œÒÕ∑ºÏ≤‚“—Õ£÷π (ª≠√Ê1)
2026-04-12 19:38:17,271 - __main__ - INFO - ”¶”√≥Ã–Ú∆Ù∂Ø
2026-04-12 19:39:57,507 - __main__ - INFO - ”¶”√≥Ã–Ú∆Ù∂Ø
2026-04-12 19:39:58,271 - __main__ - INFO - ƒ£–Õº”‘ÿ≥…π¶: best.onnx
2026-04-12 19:39:58,274 - __main__ - INFO - º”‘ÿ¡À 2 ∏ˆƒ£–ÕŒƒº˛
2026-04-12 19:39:58,445 - __main__ - INFO - ƒ£–Õº”‘ÿ≥…π¶: best.onnx
2026-04-12 19:39:58,452 - __main__ - INFO - ≤Œ ˝ª÷∏¥≥…π¶
2026-04-12 19:40:01,808 - __main__ - INFO - ƒ£–Õº”‘ÿ≥…π¶: yolov5s.onnx
2026-04-12 19:45:17,781 - __main__ - INFO - ”¶”√≥Ã–Ú∆Ù∂Ø
2026-04-12 19:45:18,539 - __main__ - INFO - ƒ£–Õº”‘ÿ≥…π¶: best.onnx
2026-04-12 19:45:18,541 - __main__ - INFO - º”‘ÿ¡À 2 ∏ˆƒ£–ÕŒƒº˛
2026-04-12 19:45:18,710 - __main__ - INFO - ƒ£–Õº”‘ÿ≥…π¶: best.onnx
2026-04-12 19:45:18,719 - __main__ - INFO - ≤Œ ˝ª÷∏¥≥…π¶
2026-04-12 19:45:21,798 - __main__ - INFO - ƒ£–Õº”‘ÿ≥…π¶: yolov5s.onnx
2026-04-12 19:45:31,766 - __main__ - INFO -  ”∆µºÏ≤‚“—Õ£÷π (ª≠√Ê1): D:/Projects/yolov5-pyqt5/test_img/…˙≥…≤‚ ‘Ãı¥¯ ”∆µ.mp4
2026-04-12 19:45:36,411 - __main__ - INFO - Õº∆¨ºÏ≤‚“—ÕÍ≥… (ª≠√Ê4): D:/Projects/yolov5-pyqt5/test_img/6.jpg
2026-04-12 19:45:41,498 - __main__ - INFO - HTML±®∏Ê“—…˙≥…: ./results\report_20260412_194541.html
2026-04-12 19:45:46,294 - __main__ - INFO - HTML±®∏Ê“—…˙≥…: ./results\report_20260412_194541.html
2026-04-12 19:45:50,241 - __main__ - INFO -  ”∆µºÏ≤‚“—Õ£÷π (ª≠√Ê2): D:/Projects/yolov5-pyqt5/test_img/3.mp4
2026-04-12 19:45:54,116 - __main__ - INFO -  ”∆µºÏ≤‚“—Õ£÷π (ª≠√Ê3): D:/Projects/yolov5-pyqt5/test_img/3.mp4
2026-04-12 19:45:58,284 - __main__ - INFO - HTML±®∏Ê“—…˙≥…: ./results\report_20260412_194558.html
2026-04-12 19:46:03,337 - __main__ - INFO - HTML±®∏Ê“—…˙≥…: ./results\report_20260412_194558.html
2026-04-12 19:52:13,980 - __main__ - INFO - ”¶”√≥Ã–Ú∆Ù∂Ø
2026-04-12 19:52:14,743 - __main__ - INFO - ƒ£–Õº”‘ÿ≥…π¶: best.onnx
2026-04-12 19:52:14,744 - __main__ - INFO - º”‘ÿ¡À 2 ∏ˆƒ£–ÕŒƒº˛
2026-04-12 19:52:14,916 - __main__ - INFO - ƒ£–Õº”‘ÿ≥…π¶: best.onnx
2026-04-12 19:52:14,926 - __main__ - INFO - ≤Œ ˝ª÷∏¥≥…π¶
2026-04-12 19:52:40,090 - __main__ - INFO - Õº∆¨ºÏ≤‚“—ÕÍ≥… (ª≠√Ê5): D:/Projects/yolov5-pyqt5/test_img/6.jpg
2026-04-12 19:52:42,090 - __main__ - INFO -  ”∆µºÏ≤‚“—Õ£÷π (ª≠√Ê1): D:/Projects/yolov5-pyqt5/test_img/…˙≥…≤‚ ‘Ãı¥¯ ”∆µ.mp4
2026-04-12 19:52:42,827 - __main__ - INFO - ƒ£–Õº”‘ÿ≥…π¶: yolov5s.onnx
2026-04-12 19:52:56,831 - __main__ - INFO -  ”∆µºÏ≤‚“—Õ£÷π (ª≠√Ê2): D:/Projects/yolov5-pyqt5/test_img/3.mp4
2026-04-12 19:52:59,306 - __main__ - INFO -  ”∆µºÏ≤‚“—Õ£÷π (ª≠√Ê3): D:/Projects/yolov5-pyqt5/test_img/3.mp4
2026-04-12 19:55:18,611 - __main__ - INFO - ”¶”√≥Ã–Ú∆Ù∂Ø
2026-04-12 19:55:19,425 - __main__ - INFO - ƒ£–Õº”‘ÿ≥…π¶: best.onnx
2026-04-12 19:55:19,428 - __main__ - INFO - º”‘ÿ¡À 2 ∏ˆƒ£–ÕŒƒº˛
2026-04-12 19:55:19,612 - __main__ - INFO - ƒ£–Õº”‘ÿ≥…π¶: best.onnx
2026-04-12 19:55:19,623 - __main__ - INFO - ≤Œ ˝ª÷∏¥≥…π¶
2026-04-12 19:55:27,995 - __main__ - INFO - ƒ£–Õº”‘ÿ≥…π¶: yolov5s.onnx
2026-04-12 19:55:31,597 - __main__ - INFO -  ”∆µºÏ≤‚“—Õ£÷π (ª≠√Ê1): D:/Projects/yolov5-pyqt5/test_img/…˙≥…≤‚ ‘Ãı¥¯ ”∆µ.mp4
2026-04-12 19:55:41,887 - __main__ - INFO - …„œÒÕ∑ºÏ≤‚“—Õ£÷π (ª≠√Ê3)
2026-04-12 19:55:42,184 - __main__ - INFO - …„œÒÕ∑ºÏ≤‚“—Õ£÷π (ª≠√Ê3)
2026-04-12 19:55:44,658 - __main__ - INFO -  ”∆µºÏ≤‚“—Õ£÷π (ª≠√Ê2): D:/Projects/yolov5-pyqt5/test_img/…˙≥…≤‚ ‘Ãı¥¯ ”∆µ.mp4
2026-04-12 19:55:49,842 - __main__ - INFO - …„œÒÕ∑ºÏ≤‚“—Õ£÷π (ª≠√Ê3)
2026-04-12 19:55:52,392 - __main__ - INFO -  ”∆µºÏ≤‚“—Õ£÷π (ª≠√Ê1): D:/Projects/yolov5-pyqt5/test_img/3.mp4
2026-04-12 19:56:07,109 - __main__ - ERROR - ¥Úø™Õ≥º∆¥∞ø⁄ ß∞‹: wrapped C/C++ object of type StatisticsPanel has been deleted
Traceback (most recent call last):
  File "main.py", line 905, in show_statistics
    if self.statistics_window is None or not self.statistics_window.isVisible():
RuntimeError: wrapped C/C++ object of type StatisticsPanel has been deleted
2026-04-12 19:56:10,055 - __main__ - ERROR - ¥Úø™Õ≥º∆¥∞ø⁄ ß∞‹: wrapped C/C++ object of type StatisticsPanel has been deleted
Traceback (most recent call last):
  File "main.py", line 905, in show_statistics
    if self.statistics_window is None or not self.statistics_window.isVisible():
RuntimeError: wrapped C/C++ object of type StatisticsPanel has been deleted
2026-04-12 19:56:15,686 - __main__ - ERROR - ¥Úø™Õ≥º∆¥∞ø⁄ ß∞‹: wrapped C/C++ object of type StatisticsPanel has been deleted
Traceback (most recent call last):
  File "main.py", line 905, in show_statistics
    if self.statistics_window is None or not self.statistics_window.isVisible():
RuntimeError: wrapped C/C++ object of type StatisticsPanel has been deleted
2026-04-12 19:56:19,201 - __main__ - ERROR - ¥Úø™Õ≥º∆¥∞ø⁄ ß∞‹: wrapped C/C++ object of type StatisticsPanel has been deleted
Traceback (most recent call last):
  File "main.py", line 905, in show_statistics
    if self.statistics_window is None or not self.statistics_window.isVisible():
RuntimeError: wrapped C/C++ object of type StatisticsPanel has been deleted
2026-04-12 19:56:21,603 - __main__ - ERROR - ¥Úø™Õ≥º∆¥∞ø⁄ ß∞‹: wrapped C/C++ object of type StatisticsPanel has been deleted
Traceback (most recent call last):
  File "main.py", line 905, in show_statistics
    if self.statistics_window is None or not self.statistics_window.isVisible():
RuntimeError: wrapped C/C++ object of type StatisticsPanel has been deleted
2026-04-12 19:56:31,717 - __main__ - INFO - …„œÒÕ∑ºÏ≤‚“—Õ£÷π (ª≠√Ê2)
2026-04-12 19:56:40,109 - __main__ - INFO -  ”∆µºÏ≤‚“—Õ£÷π (ª≠√Ê2): D:/Projects/yolov5-pyqt5/test_img/…˙≥…≤‚ ‘Ãı¥¯ ”∆µ.mp4
2026-04-12 19:56:49,041 - __main__ - INFO -  ”∆µºÏ≤‚“—Õ£÷π (ª≠√Ê1): D:/Projects/yolov5-pyqt5/test_img/3.mp4
2026-04-12 19:56:49,668 - __main__ - ERROR - ¥Úø™Õ≥º∆¥∞ø⁄ ß∞‹: wrapped C/C++ object of type StatisticsPanel has been deleted
Traceback (most recent call last):
  File "main.py", line 905, in show_statistics
    if self.statistics_window is None or not self.statistics_window.isVisible():
RuntimeError: wrapped C/C++ object of type StatisticsPanel has been deleted
2026-04-12 19:56:51,696 - __main__ - ERROR - ¥Úø™Õ≥º∆¥∞ø⁄ ß∞‹: wrapped C/C++ object of type StatisticsPanel has been deleted
Traceback (most recent call last):
  File "main.py", line 905, in show_statistics
    if self.statistics_window is None or not self.statistics_window.isVisible():
RuntimeError: wrapped C/C++ object of type StatisticsPanel has been deleted
2026-04-12 19:58:14,631 - __main__ - INFO - ”¶”√≥Ã–Ú∆Ù∂Ø
2026-04-12 19:58:15,415 - __main__ - INFO - ƒ£–Õº”‘ÿ≥…π¶: best.onnx
2026-04-12 19:58:15,415 - __main__ - INFO - º”‘ÿ¡À 2 ∏ˆƒ£–ÕŒƒº˛
2026-04-12 19:58:15,592 - __main__ - INFO - ƒ£–Õº”‘ÿ≥…π¶: best.onnx
2026-04-12 19:58:15,604 - __main__ - INFO - ≤Œ ˝ª÷∏¥≥…π¶
2026-04-12 19:58:18,147 - __main__ - INFO - ƒ£–Õº”‘ÿ≥…π¶: yolov5s.onnx
2026-04-12 19:58:26,947 - __main__ - INFO - Õº∆¨ºÏ≤‚“—ÕÍ≥… (ª≠√Ê3): D:/Projects/yolov5-pyqt5/test_img/5.jpg
2026-04-12 19:58:30,185 - __main__ - INFO -  ”∆µºÏ≤‚“—Õ£÷π (ª≠√Ê2): D:/Projects/yolov5-pyqt5/test_img/…˙≥…≤‚ ‘Ãı¥¯ ”∆µ.mp4
2026-04-12 19:58:40,963 - __main__ - INFO -  ”∆µºÏ≤‚“—Õ£÷π (ª≠√Ê1): D:/Projects/yolov5-pyqt5/test_img/3.mp4
2026-04-12 19:58:44,546 - __main__ - ERROR - ¥Úø™Õ≥º∆¥∞ø⁄ ß∞‹: wrapped C/C++ object of type StatisticsPanel has been deleted
Traceback (most recent call last):
  File "main.py", line 905, in show_statistics
    if self.statistics_window is None or not self.statistics_window.isVisible():
RuntimeError: wrapped C/C++ object of type StatisticsPanel has been deleted
2026-04-12 19:58:47,517 - __main__ - ERROR - ¥Úø™Õ≥º∆¥∞ø⁄ ß∞‹: wrapped C/C++ object of type StatisticsPanel has been deleted
Traceback (most recent call last):
  File "main.py", line 905, in show_statistics
    if self.statistics_window is None or not self.statistics_window.isVisible():
RuntimeError: wrapped C/C++ object of type StatisticsPanel has been deleted
2026-04-12 19:58:51,815 - __main__ - ERROR - ¥Úø™Õ≥º∆¥∞ø⁄ ß∞‹: wrapped C/C++ object of type StatisticsPanel has been deleted
Traceback (most recent call last):
  File "main.py", line 905, in show_statistics
    if self.statistics_window is None or not self.statistics_window.isVisible():
RuntimeError: wrapped C/C++ object of type StatisticsPanel has been deleted
2026-04-12 19:59:01,266 - __main__ - INFO - ”¶”√≥Ã–Ú∆Ù∂Ø
2026-04-12 19:59:02,085 - __main__ - INFO - ƒ£–Õº”‘ÿ≥…π¶: best.onnx
2026-04-12 19:59:02,088 - __main__ - INFO - º”‘ÿ¡À 2 ∏ˆƒ£–ÕŒƒº˛
2026-04-12 19:59:02,266 - __main__ - INFO - ƒ£–Õº”‘ÿ≥…π¶: best.onnx
2026-04-12 19:59:02,275 - __main__ - INFO - ≤Œ ˝ª÷∏¥≥…π¶
2026-04-12 19:59:06,439 - __main__ - INFO - ƒ£–Õº”‘ÿ≥…π¶: yolov5s.onnx
2026-04-12 19:59:30,971 - __main__ - INFO -  ”∆µºÏ≤‚“—Õ£÷π (ª≠√Ê2): D:/Projects/yolov5-pyqt5/test_img/3.mp4
2026-04-12 19:59:37,380 - __main__ - INFO - HTML±®∏Ê“—…˙≥…: ./results\report_20260412_195937.html
2026-04-12 19:59:40,446 - __main__ - INFO - HTML±®∏Ê“—…˙≥…: ./results\report_20260412_195937.html
2026-04-12 19:59:50,715 - __main__ - INFO -  ”∆µºÏ≤‚“—Õ£÷π (ª≠√Ê1): D:/Projects/yolov5-pyqt5/test_img/…˙≥…≤‚ ‘Ãı¥¯ ”∆µ.mp4
2026-04-12 19:59:51,104 - __main__ - ERROR - ¥Úø™Õ≥º∆¥∞ø⁄ ß∞‹: wrapped C/C++ object of type StatisticsPanel has been deleted
Traceback (most recent call last):
  File "main.py", line 905, in show_statistics
    if self.statistics_window is None or not self.statistics_window.isVisible():
RuntimeError: wrapped C/C++ object of type StatisticsPanel has been deleted
2026-04-12 20:08:43,850 - __main__ - INFO - ”¶”√≥Ã–Ú∆Ù∂Ø
2026-04-12 20:08:44,662 - __main__ - INFO - ƒ£–Õº”‘ÿ≥…π¶: best.onnx
2026-04-12 20:08:44,665 - __main__ - INFO - º”‘ÿ¡À 2 ∏ˆƒ£–ÕŒƒº˛
2026-04-12 20:08:44,843 - __main__ - INFO - ƒ£–Õº”‘ÿ≥…π¶: best.onnx
2026-04-12 20:08:44,850 - __main__ - INFO - ≤Œ ˝ª÷∏¥≥…π¶
2026-04-12 20:08:47,812 - __main__ - INFO - ƒ£–Õº”‘ÿ≥…π¶: yolov5s.onnx
2026-04-12 20:09:00,630 - __main__ - INFO -  ”∆µºÏ≤‚“—Õ£÷π (ª≠√Ê2): D:/Projects/yolov5-pyqt5/test_img/…˙≥…≤‚ ‘Ãı¥¯ ”∆µ.mp4
2026-04-12 20:09:11,805 - __main__ - INFO -  ”∆µºÏ≤‚“—Õ£÷π (ª≠√Ê1): D:/Projects/yolov5-pyqt5/test_img/3.mp4
2026-04-12 20:09:26,526 - __main__ - INFO -  ”∆µºÏ≤‚“—Õ£÷π (ª≠√Ê3): D:/Projects/yolov5-pyqt5/test_img/…˙≥…≤‚ ‘Ãı¥¯ ”∆µ.mp4
2026-04-12 20:10:14,678 - __main__ - INFO - Õº∆¨ºÏ≤‚“—ÕÍ≥… (ª≠√Ê4): D:/Projects/yolov5-pyqt5/test_img/6.jpg
2026-04-12 20:10:26,842 - __main__ - INFO - ≥Ã–Ú’˝‘⁄ÕÀ≥ˆ...
2026-04-12 20:10:32,743 - __main__ - INFO - ”¶”√≥Ã–Ú∆Ù∂Ø
2026-04-12 20:10:33,509 - __main__ - INFO - ƒ£–Õº”‘ÿ≥…π¶: best.onnx
2026-04-12 20:10:33,511 - __main__ - INFO - º”‘ÿ¡À 2 ∏ˆƒ£–ÕŒƒº˛
2026-04-12 20:10:33,688 - __main__ - INFO - ƒ£–Õº”‘ÿ≥…π¶: best.onnx
2026-04-12 20:10:33,696 - __main__ - INFO - ≤Œ ˝ª÷∏¥≥…π¶
2026-04-12 20:10:43,450 - __main__ - INFO - Õº∆¨ºÏ≤‚“—ÕÍ≥… (ª≠√Ê1): D:/Projects/yolov5-pyqt5/test_img/6.jpg
2026-04-12 20:10:45,734 - __main__ - INFO - ƒ£–Õº”‘ÿ≥…π¶: yolov5s.onnx
2026-04-12 20:10:47,724 - __main__ - INFO - Õº∆¨ºÏ≤‚“—ÕÍ≥… (ª≠√Ê1): D:/Projects/yolov5-pyqt5/test_img/6.jpg
2026-04-12 20:11:03,826 - __main__ - INFO -  ”∆µºÏ≤‚“—Õ£÷π (ª≠√Ê2): D:/Projects/yolov5-pyqt5/test_img/…˙≥…≤‚ ‘Ãı¥¯ ”∆µ.mp4
2026-04-12 20:11:29,326 - __main__ - INFO -  ”∆µºÏ≤‚“—Õ£÷π (ª≠√Ê3): D:/Projects/yolov5-pyqt5/test_img/3.mp4
2026-04-12 20:14:56,969 - __main__ - INFO - ”¶”√≥Ã–Ú∆Ù∂Ø
2026-04-12 20:14:57,710 - __main__ - INFO - ƒ£–Õº”‘ÿ≥…π¶: best.onnx
2026-04-12 20:14:57,711 - __main__ - INFO - º”‘ÿ¡À 2 ∏ˆƒ£–ÕŒƒº˛
2026-04-12 20:14:57,896 - __main__ - INFO - ƒ£–Õº”‘ÿ≥…π¶: best.onnx
2026-04-12 20:14:57,905 - __main__ - INFO - ≤Œ ˝ª÷∏¥≥…π¶
2026-04-12 20:15:02,322 - __main__ - INFO - ƒ£–Õº”‘ÿ≥…π¶: yolov5s.onnx
2026-04-12 20:15:15,138 - __main__ - INFO - Õº∆¨ºÏ≤‚“—ÕÍ≥… (ª≠√Ê3): D:/Projects/yolov5-pyqt5/test_img/8.jpg
2026-04-12 20:15:17,504 - __main__ - INFO -  ”∆µºÏ≤‚“—Õ£÷π (ª≠√Ê2): D:/Projects/yolov5-pyqt5/test_img/…˙≥…≤‚ ‘Ãı¥¯ ”∆µ.mp4
2026-04-12 20:15:18,899 - __main__ - INFO - Õº∆¨ºÏ≤‚“—ÕÍ≥… (ª≠√Ê4): D:/Projects/yolov5-pyqt5/test_img/21.jpg
2026-04-12 20:15:21,856 - __main__ - INFO - Õº∆¨ºÏ≤‚“—ÕÍ≥… (ª≠√Ê5): D:/Projects/yolov5-pyqt5/test_img/17.jpg
2026-04-12 20:15:24,169 - __main__ - INFO - Õº∆¨ºÏ≤‚“—ÕÍ≥… (ª≠√Ê6): D:/Projects/yolov5-pyqt5/test_img/12.jpg
2026-04-12 20:15:26,664 - __main__ - INFO - Õº∆¨ºÏ≤‚“—ÕÍ≥… (ª≠√Ê7): D:/Projects/yolov5-pyqt5/test_img/14.jpg
2026-04-12 20:15:27,065 - __main__ - INFO -  ”∆µºÏ≤‚“—Õ£÷π (ª≠√Ê1): D:/Projects/yolov5-pyqt5/test_img/3.mp4
2026-04-12 20:19:22,598 - __main__ - INFO - ”¶”√≥Ã–Ú∆Ù∂Ø
2026-04-12 20:19:23,319 - __main__ - INFO - ƒ£–Õº”‘ÿ≥…π¶: best.onnx
2026-04-12 20:19:23,320 - __main__ - INFO - º”‘ÿ¡À 2 ∏ˆƒ£–ÕŒƒº˛
2026-04-12 20:19:23,504 - __main__ - INFO - ƒ£–Õº”‘ÿ≥…π¶: best.onnx
2026-04-12 20:19:23,512 - __main__ - INFO - ≤Œ ˝ª÷∏¥≥…π¶
2026-04-12 20:19:31,124 - __main__ - INFO - ƒ£–Õº”‘ÿ≥…π¶: yolov5s.onnx
2026-04-12 20:19:41,149 - __main__ - INFO -  ”∆µºÏ≤‚“—Õ£÷π (ª≠√Ê1): D:/Projects/yolov5-pyqt5/test_img/…˙≥…≤‚ ‘Ãı¥¯ ”∆µ.mp4
2026-04-12 20:20:00,287 - __main__ - INFO -  ”∆µºÏ≤‚“—Õ£÷π (ª≠√Ê2): D:/Projects/yolov5-pyqt5/test_img/3.mp4
2026-04-12 20:20:12,684 - __main__ - INFO - Õº∆¨ºÏ≤‚“—ÕÍ≥… (ª≠√Ê3): D:/Projects/yolov5-pyqt5/test_img/6.jpg
2026-04-12 20:21:14,833 - __main__ - INFO - ”¶”√≥Ã–Ú∆Ù∂Ø
2026-04-12 20:21:15,510 - __main__ - INFO - ƒ£–Õº”‘ÿ≥…π¶: best.onnx
2026-04-12 20:21:15,511 - __main__ - INFO - º”‘ÿ¡À 2 ∏ˆƒ£–ÕŒƒº˛
2026-04-12 20:21:15,695 - __main__ - INFO - ƒ£–Õº”‘ÿ≥…π¶: best.onnx
2026-04-12 20:21:15,702 - __main__ - INFO - ≤Œ ˝ª÷∏¥≥…π¶
2026-04-12 20:21:18,283 - __main__ - INFO - ƒ£–Õº”‘ÿ≥…π¶: yolov5s.onnx
2026-04-12 20:21:21,291 - __main__ - INFO - Õº∆¨ºÏ≤‚“—ÕÍ≥… (ª≠√Ê1): D:/Projects/yolov5-pyqt5/test_img/5.jpg
2026-04-12 20:21:31,295 - __main__ - INFO -  ”∆µºÏ≤‚“—Õ£÷π (ª≠√Ê2): D:/Projects/yolov5-pyqt5/test_img/…˙≥…≤‚ ‘Ãı¥¯ ”∆µ.mp4
2026-04-12 20:22:35,329 - __main__ - INFO - ”¶”√≥Ã–Ú∆Ù∂Ø
2026-04-12 20:22:36,078 - __main__ - INFO - ƒ£–Õº”‘ÿ≥…π¶: best.onnx
2026-04-12 20:22:36,078 - __main__ - INFO - º”‘ÿ¡À 2 ∏ˆƒ£–ÕŒƒº˛
2026-04-12 20:22:36,247 - __main__ - INFO - ƒ£–Õº”‘ÿ≥…π¶: best.onnx
2026-04-12 20:22:36,256 - __main__ - INFO - ≤Œ ˝ª÷∏¥≥…π¶
2026-04-12 20:22:39,350 - __main__ - INFO - ƒ£–Õº”‘ÿ≥…π¶: yolov5s.onnx
2026-04-12 20:22:51,794 - __main__ - INFO -  ”∆µºÏ≤‚“—Õ£÷π (ª≠√Ê1): D:/Projects/yolov5-pyqt5/test_img/…˙≥…≤‚ ‘Ãı¥¯ ”∆µ.mp4
2026-04-12 20:22:58,217 - __main__ - INFO -  ”∆µºÏ≤‚“—Õ£÷π (ª≠√Ê2): D:/Projects/yolov5-pyqt5/test_img/3.mp4
2026-04-12 20:23:04,522 - __main__ - INFO -  ”∆µºÏ≤‚“—Õ£÷π (ª≠√Ê2): D:/Projects/yolov5-pyqt5/test_img/3.mp4
2026-04-12 20:23:04,553 - __main__ - INFO -  ”∆µºÏ≤‚“—Õ£÷π (ª≠√Ê1): D:/Projects/yolov5-pyqt5/test_img/…˙≥…≤‚ ‘Ãı¥¯ ”∆µ.mp4
2026-04-12 20:23:11,408 - __main__ - INFO -  ”∆µºÏ≤‚“—Õ£÷π (ª≠√Ê1): D:/Projects/yolov5-pyqt5/test_img/…˙≥…≤‚ ‘Ãı¥¯ ”∆µ.mp4
2026-04-12 20:23:13,404 - __main__ - ERROR - ÷°¥¶¿Ì¥ÌŒÛ (ª≠√Ê2): wrapped C/C++ object of type Ui_MainWindow has been deleted
Traceback (most recent call last):
  File "main.py", line 599, in _process_and_render_frame
    self.signal.emit(feed_id, summary, 'res')
RuntimeError: wrapped C/C++ object of type Ui_MainWindow has been deleted
2026-04-12 20:23:13,405 - __main__ - WARNING - ¥¶¿Ì÷° ß∞‹ (ª≠√Ê2): wrapped C/C++ object of type Ui_MainWindow has been deleted
2026-04-12 20:25:50,407 - __main__ - INFO - ”¶”√≥Ã–Ú∆Ù∂Ø
2026-04-12 20:25:51,204 - __main__ - INFO - ƒ£–Õº”‘ÿ≥…π¶: best.onnx
2026-04-12 20:25:51,204 - __main__ - INFO - º”‘ÿ¡À 2 ∏ˆƒ£–ÕŒƒº˛
2026-04-12 20:25:51,385 - __main__ - INFO - ƒ£–Õº”‘ÿ≥…π¶: best.onnx
2026-04-12 20:25:51,394 - __main__ - INFO - ≤Œ ˝ª÷∏¥≥…π¶
2026-04-12 20:25:56,053 - __main__ - INFO - ƒ£–Õº”‘ÿ≥…π¶: yolov5s.onnx
2026-04-12 20:26:06,064 - __main__ - INFO -  ”∆µºÏ≤‚“—Õ£÷π (ª≠√Ê1): D:/Projects/yolov5-pyqt5/test_img/…˙≥…≤‚ ‘Ãı¥¯ ”∆µ.mp4
2026-04-12 20:26:18,186 - __main__ - INFO - HTML±®∏Ê“—…˙≥…: ./results\report_20260412_202618.html
2026-04-12 20:26:23,709 - __main__ - INFO -  ”∆µºÏ≤‚“—Õ£÷π (ª≠√Ê2): D:/Projects/yolov5-pyqt5/test_img/3.mp4
2026-04-12 20:26:26,537 - __main__ - INFO - HTML±®∏Ê“—…˙≥…: ./results\report_20260412_202618.html
2026-04-12 20:26:30,815 - __main__ - INFO - Õº∆¨ºÏ≤‚“—ÕÍ≥… (ª≠√Ê3): D:/Projects/yolov5-pyqt5/test_img/5.jpg
2026-04-12 20:26:33,305 - __main__ - INFO - Õº∆¨ºÏ≤‚“—ÕÍ≥… (ª≠√Ê4): D:/Projects/yolov5-pyqt5/test_img/6.jpg
2026-04-12 20:26:36,444 - __main__ - INFO - Õº∆¨ºÏ≤‚“—ÕÍ≥… (ª≠√Ê5): D:/Projects/yolov5-pyqt5/test_img/19.jpg
2026-04-12 20:28:24,147 - __main__ - INFO - ”¶”√≥Ã–Ú∆Ù∂Ø
2026-04-12 20:28:24,929 - __main__ - INFO - ƒ£–Õº”‘ÿ≥…π¶: best.onnx
2026-04-12 20:28:24,930 - __main__ - INFO - º”‘ÿ¡À 2 ∏ˆƒ£–ÕŒƒº˛
2026-04-12 20:28:25,114 - __main__ - INFO - ƒ£–Õº”‘ÿ≥…π¶: best.onnx
2026-04-12 20:28:25,127 - __main__ - INFO - ≤Œ ˝ª÷∏¥≥…π¶
2026-04-12 20:28:30,682 - __main__ - INFO - ƒ£–Õº”‘ÿ≥…π¶: yolov5s.onnx
2026-04-12 20:28:54,378 - __main__ - INFO -  ”∆µºÏ≤‚“—Õ£÷π (ª≠√Ê1): D:/Projects/yolov5-pyqt5/test_img/3.mp4
2026-04-12 20:28:57,447 - __main__ - INFO -  ”∆µºÏ≤‚“—Õ£÷π (ª≠√Ê2): D:/Projects/yolov5-pyqt5/test_img/3.mp4
2026-04-12 20:31:46,885 - __main__ - INFO - ”¶”√≥Ã–Ú∆Ù∂Ø
2026-04-12 20:31:47,663 - __main__ - INFO - ƒ£–Õº”‘ÿ≥…π¶: best.onnx
2026-04-12 20:31:47,664 - __main__ - INFO - º”‘ÿ¡À 2 ∏ˆƒ£–ÕŒƒº˛
2026-04-12 20:31:47,842 - __main__ - INFO - ƒ£–Õº”‘ÿ≥…π¶: best.onnx
2026-04-12 20:31:47,848 - __main__ - INFO - ≤Œ ˝ª÷∏¥≥…π¶
2026-04-12 20:31:54,423 - __main__ - INFO - ƒ£–Õº”‘ÿ≥…π¶: yolov5s.onnx
2026-04-12 20:32:06,250 - __main__ - INFO -  ”∆µºÏ≤‚“—Õ£÷π (ª≠√Ê2): D:/Projects/yolov5-pyqt5/test_img/…˙≥…≤‚ ‘Ãı¥¯ ”∆µ.mp4
2026-04-12 20:32:17,229 - __main__ - INFO -  ”∆µºÏ≤‚“—Õ£÷π (ª≠√Ê1): D:/Projects/yolov5-pyqt5/test_img/3.mp4
2026-04-12 20:33:37,325 - __main__ - INFO - Õº∆¨ºÏ≤‚“—ÕÍ≥… (ª≠√Ê3): D:/Projects/yolov5-pyqt5/test_img/6.jpg
2026-04-12 20:33:40,021 - __main__ - INFO - Õº∆¨ºÏ≤‚“—ÕÍ≥… (ª≠√Ê4): D:/Projects/yolov5-pyqt5/test_img/12.jpg
2026-04-12 20:33:48,650 - __main__ - INFO -  ”∆µºÏ≤‚“—Õ£÷π (ª≠√Ê2): D:/Projects/yolov5-pyqt5/test_img/…˙≥…≤‚ ‘Ãı¥¯ ”∆µ.mp4
2026-04-12 20:33:56,581 - __main__ - INFO - ‰Ø¿¿∆˜º”‘ÿ¡À 1641 ÃıºÏ≤‚º«¬º
2026-04-12 20:34:03,394 - __main__ - INFO -  ”∆µºÏ≤‚“—Õ£÷π (ª≠√Ê1): D:/Projects/yolov5-pyqt5/test_img/3.mp4
2026-04-12 20:35:45,775 - __main__ - INFO - ”¶”√≥Ã–Ú∆Ù∂Ø
2026-04-12 20:35:46,517 - __main__ - INFO - ƒ£–Õº”‘ÿ≥…π¶: best.onnx
2026-04-12 20:35:46,518 - __main__ - INFO - º”‘ÿ¡À 2 ∏ˆƒ£–ÕŒƒº˛
2026-04-12 20:35:46,717 - __main__ - INFO - ƒ£–Õº”‘ÿ≥…π¶: best.onnx
2026-04-12 20:35:46,724 - __main__ - INFO - ≤Œ ˝ª÷∏¥≥…π¶
2026-04-12 20:35:50,040 - __main__ - INFO - ƒ£–Õº”‘ÿ≥…π¶: yolov5s.onnx
2026-04-12 20:36:07,202 - __main__ - INFO -  ”∆µºÏ≤‚“—Õ£÷π (ª≠√Ê2): D:/Projects/yolov5-pyqt5/test_img/…˙≥…≤‚ ‘Ãı¥¯ ”∆µ.mp4
2026-04-12 20:36:19,436 - __main__ - INFO -  ”∆µºÏ≤‚“—Õ£÷π (ª≠√Ê1): D:/Projects/yolov5-pyqt5/test_img/3.mp4
2026-04-12 20:36:51,132 - __main__ - INFO - HTML±®∏Ê“—…˙≥…: ./results\report_20260412_203651.html
2026-04-12 20:37:04,291 - __main__ - INFO - HTML±®∏Ê“—…˙≥…: ./results\report_20260412_203651.html
2026-04-12 20:38:14,859 - __main__ - INFO - ”¶”√≥Ã–Ú∆Ù∂Ø
2026-04-12 20:38:15,635 - __main__ - INFO - ƒ£–Õº”‘ÿ≥…π¶: best.onnx
2026-04-12 20:38:15,635 - __main__ - INFO - º”‘ÿ¡À 2 ∏ˆƒ£–ÕŒƒº˛
2026-04-12 20:38:15,805 - __main__ - INFO - ƒ£–Õº”‘ÿ≥…π¶: best.onnx
2026-04-12 20:38:15,815 - __main__ - INFO - ≤Œ ˝ª÷∏¥≥…π¶
2026-04-12 20:38:18,449 - __main__ - INFO - ƒ£–Õº”‘ÿ≥…π¶: yolov5s.onnx
2026-04-12 20:38:32,142 - __main__ - INFO -  ”∆µºÏ≤‚“—Õ£÷π (ª≠√Ê2): D:/Projects/yolov5-pyqt5/test_img/…˙≥…≤‚ ‘Ãı¥¯ ”∆µ.mp4
2026-04-12 20:38:32,600 - __main__ - INFO - Õº∆¨ºÏ≤‚“—ÕÍ≥… (ª≠√Ê3): D:/Projects/yolov5-pyqt5/test_img/1.jpg
2026-04-12 20:38:43,608 - __main__ - INFO -  ”∆µºÏ≤‚“—Õ£÷π (ª≠√Ê1): D:/Projects/yolov5-pyqt5/test_img/3.mp4
2026-04-12 20:41:36,372 - __main__ - INFO - ”¶”√≥Ã–Ú∆Ù∂Ø
2026-04-12 20:41:37,110 - __main__ - INFO - ƒ£–Õº”‘ÿ≥…π¶: best.onnx
2026-04-12 20:41:37,110 - __main__ - INFO - º”‘ÿ¡À 2 ∏ˆƒ£–ÕŒƒº˛
2026-04-12 20:41:37,280 - __main__ - INFO - ƒ£–Õº”‘ÿ≥…π¶: best.onnx
2026-04-12 20:41:37,290 - __main__ - INFO - ≤Œ ˝ª÷∏¥≥…π¶
2026-04-12 20:41:40,138 - __main__ - INFO - ƒ£–Õº”‘ÿ≥…π¶: yolov5s.onnx
2026-04-12 20:41:50,511 - __main__ - INFO -  ”∆µºÏ≤‚“—Õ£÷π (ª≠√Ê1): D:/Projects/yolov5-pyqt5/test_img/…˙≥…≤‚ ‘Ãı¥¯ ”∆µ.mp4
2026-04-12 20:41:58,711 - __main__ - INFO - Õº∆¨ºÏ≤‚“—ÕÍ≥… (ª≠√Ê3): D:/Projects/yolov5-pyqt5/test_img/5.jpg
2026-04-12 20:42:05,827 - __main__ - INFO - Õº∆¨ºÏ≤‚“—ÕÍ≥… (ª≠√Ê4): D:/Projects/yolov5-pyqt5/test_img/14.jpg
2026-04-12 20:42:08,131 - __main__ - INFO -  ”∆µºÏ≤‚“—Õ£÷π (ª≠√Ê2): D:/Projects/yolov5-pyqt5/test_img/3.mp4
2026-04-12 20:42:12,147 - __main__ - INFO - Õº∆¨ºÏ≤‚“—ÕÍ≥… (ª≠√Ê5): D:/Projects/yolov5-pyqt5/test_img/26.jpg
2026-04-12 20:50:42,164 - __main__ - INFO - ”¶”√≥Ã–Ú∆Ù∂Ø
2026-04-12 20:50:42,968 - __main__ - INFO - ƒ£–Õº”‘ÿ≥…π¶: best.onnx
2026-04-12 20:50:42,969 - __main__ - INFO - º”‘ÿ¡À 2 ∏ˆƒ£–ÕŒƒº˛
2026-04-12 20:50:43,152 - __main__ - INFO - ƒ£–Õº”‘ÿ≥…π¶: best.onnx
2026-04-12 20:50:43,157 - __main__ - INFO - ≤Œ ˝ª÷∏¥≥…π¶
2026-04-12 20:50:46,242 - __main__ - INFO - ƒ£–Õº”‘ÿ≥…π¶: yolov5s.onnx
2026-04-12 20:50:55,540 - __main__ - INFO -  ”∆µºÏ≤‚“—Õ£÷π (ª≠√Ê1): D:/Projects/yolov5-pyqt5/test_img/…˙≥…≤‚ ‘Ãı¥¯ ”∆µ.mp4
2026-04-12 20:51:00,747 - __main__ - INFO - Õº∆¨ºÏ≤‚“—ÕÍ≥… (ª≠√Ê3): D:/Projects/yolov5-pyqt5/test_img/8.jpg
2026-04-12 20:51:12,200 - __main__ - INFO -  ”∆µºÏ≤‚“—Õ£÷π (ª≠√Ê2): D:/Projects/yolov5-pyqt5/test_img/3.mp4
2026-04-12 20:53:58,737 - __main__ - INFO - ”¶”√≥Ã–Ú∆Ù∂Ø
2026-04-12 20:53:59,634 - __main__ - INFO - ƒ£–Õº”‘ÿ≥…π¶: best.onnx
2026-04-12 20:53:59,635 - __main__ - INFO - º”‘ÿ¡À 2 ∏ˆƒ£–ÕŒƒº˛
2026-04-12 20:53:59,828 - __main__ - INFO - ƒ£–Õº”‘ÿ≥…π¶: best.onnx
2026-04-12 20:53:59,834 - __main__ - INFO - ≤Œ ˝ª÷∏¥≥…π¶
2026-04-12 20:54:02,761 - __main__ - INFO - ƒ£–Õº”‘ÿ≥…π¶: yolov5s.onnx
2026-04-12 20:54:12,194 - __main__ - INFO - Õº∆¨ºÏ≤‚“—ÕÍ≥… (ª≠√Ê3): D:/Projects/yolov5-pyqt5/test_img/5.jpg
2026-04-12 20:54:14,855 - __main__ - INFO -  ”∆µºÏ≤‚“—Õ£÷π (ª≠√Ê2): D:/Projects/yolov5-pyqt5/test_img/…˙≥…≤‚ ‘Ãı¥¯ ”∆µ.mp4
2026-04-12 20:54:25,651 - __main__ - INFO -  ”∆µºÏ≤‚“—Õ£÷π (ª≠√Ê1): D:/Projects/yolov5-pyqt5/test_img/3.mp4
2026-04-12 20:57:44,679 - __main__ - INFO - ”¶”√≥Ã–Ú∆Ù∂Ø
2026-04-12 20:57:45,402 - __main__ - INFO - ƒ£–Õº”‘ÿ≥…π¶: best.onnx
2026-04-12 20:57:45,402 - __main__ - INFO - º”‘ÿ¡À 2 ∏ˆƒ£–ÕŒƒº˛
2026-04-12 20:57:45,582 - __main__ - INFO - ƒ£–Õº”‘ÿ≥…π¶: best.onnx
2026-04-12 20:57:45,592 - __main__ - INFO - ≤Œ ˝ª÷∏¥≥…π¶
2026-04-12 20:57:48,784 - __main__ - INFO - ƒ£–Õº”‘ÿ≥…π¶: yolov5s.onnx
2026-04-12 20:57:56,997 - __main__ - INFO - Õº∆¨ºÏ≤‚“—ÕÍ≥… (ª≠√Ê3): D:/Projects/yolov5-pyqt5/test_img/6.jpg
2026-04-12 20:57:59,846 - __main__ - INFO -  ”∆µºÏ≤‚“—Õ£÷π (ª≠√Ê2): D:/Projects/yolov5-pyqt5/test_img/…˙≥…≤‚ ‘Ãı¥¯ ”∆µ.mp4
2026-04-12 20:58:02,632 - __main__ - INFO - Õº∆¨ºÏ≤‚“—ÕÍ≥… (ª≠√Ê4): D:/Projects/yolov5-pyqt5/test_img/12.jpg
2026-04-12 20:58:06,813 - __main__ - INFO - Õº∆¨ºÏ≤‚“—ÕÍ≥… (ª≠√Ê5): D:/Projects/yolov5-pyqt5/test_img/18.jpg
2026-04-12 20:58:11,337 - __main__ - INFO - Õº∆¨ºÏ≤‚“—ÕÍ≥… (ª≠√Ê6): D:/Projects/yolov5-pyqt5/test_img/15.jpg
2026-04-12 20:58:11,782 - __main__ - INFO -  ”∆µºÏ≤‚“—Õ£÷π (ª≠√Ê1): D:/Projects/yolov5-pyqt5/test_img/3.mp4
2026-04-12 21:02:43,365 - __main__ - INFO - ”¶”√≥Ã–Ú∆Ù∂Ø
2026-04-12 21:02:44,117 - __main__ - INFO - ƒ£–Õº”‘ÿ≥…π¶: best.onnx
2026-04-12 21:02:44,118 - __main__ - INFO - º”‘ÿ¡À 2 ∏ˆƒ£–ÕŒƒº˛
2026-04-12 21:02:44,296 - __main__ - INFO - ƒ£–Õº”‘ÿ≥…π¶: best.onnx
2026-04-12 21:02:44,303 - __main__ - INFO - ≤Œ ˝ª÷∏¥≥…π¶
2026-04-12 21:02:47,643 - __main__ - INFO - ƒ£–Õº”‘ÿ≥…π¶: yolov5s.onnx
2026-04-12 21:02:56,587 - __main__ - INFO - Õº∆¨ºÏ≤‚“—ÕÍ≥… (ª≠√Ê3): D:/Projects/yolov5-pyqt5/test_img/6.jpg
2026-04-12 21:03:00,328 - __main__ - INFO -  ”∆µºÏ≤‚“—Õ£÷π (ª≠√Ê2): D:/Projects/yolov5-pyqt5/test_img/…˙≥…≤‚ ‘Ãı¥¯ ”∆µ.mp4
2026-04-12 21:03:03,322 - __main__ - INFO - Õº∆¨ºÏ≤‚“—ÕÍ≥… (ª≠√Ê4): D:/Projects/yolov5-pyqt5/test_img/23.jpg
2026-04-12 21:03:10,753 - __main__ - INFO -  ”∆µºÏ≤‚“—Õ£÷π (ª≠√Ê1): D:/Projects/yolov5-pyqt5/test_img/3.mp4
2026-04-12 21:43:50,484 - __main__ - INFO - ”¶”√≥Ã–Ú∆Ù∂Ø
2026-04-12 21:43:51,230 - __main__ - INFO - ƒ£–Õº”‘ÿ≥…π¶: best.onnx
2026-04-12 21:43:51,230 - __main__ - INFO - º”‘ÿ¡À 2 ∏ˆƒ£–ÕŒƒº˛
2026-04-12 21:43:51,399 - __main__ - INFO - ƒ£–Õº”‘ÿ≥…π¶: best.onnx
2026-04-12 21:43:51,409 - __main__ - INFO - ≤Œ ˝ª÷∏¥≥…π¶
2026-04-12 21:43:54,287 - __main__ - INFO - ƒ£–Õº”‘ÿ≥…π¶: yolov5s.onnx
2026-04-12 21:44:03,832 - __main__ - INFO - Õº∆¨ºÏ≤‚“—ÕÍ≥… (ª≠√Ê3): D:/Projects/yolov5-pyqt5/test_img/6.jpg
2026-04-12 21:44:06,113 - __main__ - INFO - Õº∆¨ºÏ≤‚“—ÕÍ≥… (ª≠√Ê4): D:/Projects/yolov5-pyqt5/test_img/5.jpg
2026-04-12 21:44:07,784 - __main__ - INFO -  ”∆µºÏ≤‚“—Õ£÷π (ª≠√Ê2): D:/Projects/yolov5-pyqt5/test_img/…˙≥…≤‚ ‘Ãı¥¯ ”∆µ.mp4
2026-04-12 21:44:14,461 - __main__ - ERROR - ÷°¥¶¿Ì¥ÌŒÛ (ª≠√Ê1): wrapped C/C++ object of type Ui_MainWindow has been deleted
Traceback (most recent call last):
  File "main.py", line 564, in _process_and_render_frame
    self.signal.emit(feed_id, summary, 'res')
RuntimeError: wrapped C/C++ object of type Ui_MainWindow has been deleted
2026-04-12 21:44:14,461 - __main__ - WARNING - ¥¶¿Ì÷° ß∞‹ (ª≠√Ê1): wrapped C/C++ object of type Ui_MainWindow has been deleted
2026-04-12 23:06:26,739 - __main__ - INFO - ”¶”√≥Ã–Ú∆Ù∂Ø
2026-04-12 23:06:27,559 - __main__ - INFO - ƒ£–Õº”‘ÿ≥…π¶: best.onnx
2026-04-12 23:06:27,560 - __main__ - INFO - º”‘ÿ¡À 2 ∏ˆƒ£–ÕŒƒº˛
2026-04-12 23:06:27,729 - __main__ - INFO - ƒ£–Õº”‘ÿ≥…π¶: best.onnx
2026-04-12 23:06:27,735 - __main__ - INFO - ≤Œ ˝ª÷∏¥≥…π¶
2026-04-12 23:06:30,472 - __main__ - INFO - ƒ£–Õº”‘ÿ≥…π¶: yolov5s.onnx
2026-04-12 23:06:40,506 - __main__ - INFO -  ”∆µºÏ≤‚“—Õ£÷π (ª≠√Ê1): D:/Projects/yolov5-pyqt5/test_img/…˙≥…≤‚ ‘Ãı¥¯ ”∆µ.mp4
2026-04-12 23:06:44,933 - __main__ - INFO - Õº∆¨ºÏ≤‚“—ÕÍ≥… (ª≠√Ê3): D:/Projects/yolov5-pyqt5/test_img/8.jpg
2026-04-12 23:06:58,328 - __main__ - INFO - ‰Ø¿¿∆˜º”‘ÿ¡À 856 ÃıºÏ≤‚º«¬º
2026-04-12 23:06:59,513 - __main__ - INFO -  ”∆µºÏ≤‚“—Õ£÷π (ª≠√Ê2): D:/Projects/yolov5-pyqt5/test_img/3.mp4
2026-04-12 23:07:28,360 - __main__ - ERROR - ÷°¥¶¿Ì¥ÌŒÛ (ª≠√Ê1): wrapped C/C++ object of type Ui_MainWindow has been deleted
Traceback (most recent call last):
  File "main.py", line 564, in _process_and_render_frame
    self.signal.emit(feed_id, summary, 'res')
RuntimeError: wrapped C/C++ object of type Ui_MainWindow has been deleted
2026-04-12 23:07:28,362 - __main__ - WARNING - ¥¶¿Ì÷° ß∞‹ (ª≠√Ê1): wrapped C/C++ object of type Ui_MainWindow has been deleted
2026-04-12 23:36:59,348 - __main__ - INFO - ”¶”√≥Ã–Ú∆Ù∂Ø
2026-04-12 23:37:00,113 - __main__ - INFO - ƒ£–Õº”‘ÿ≥…π¶: best.onnx
2026-04-12 23:37:00,114 - __main__ - INFO - º”‘ÿ¡À 2 ∏ˆƒ£–ÕŒƒº˛
2026-04-12 23:37:00,308 - __main__ - INFO - ƒ£–Õº”‘ÿ≥…π¶: best.onnx
2026-04-12 23:37:00,314 - __main__ - INFO - ≤Œ ˝ª÷∏¥≥…π¶
2026-04-12 23:37:03,817 - __main__ - INFO - ƒ£–Õº”‘ÿ≥…π¶: yolov5s.onnx
2026-04-12 23:37:12,764 - __main__ - INFO -  ”∆µºÏ≤‚“—Õ£÷π (ª≠√Ê1): D:/Projects/yolov5-pyqt5/test_img/…˙≥…≤‚ ‘Ãı¥¯ ”∆µ.mp4
2026-04-12 23:37:23,078 - __main__ - INFO - Õº∆¨ºÏ≤‚“—ÕÍ≥… (ª≠√Ê5): D:/Projects/yolov5-pyqt5/test_img/6.jpg
2026-04-12 23:37:32,200 - __main__ - INFO -  ”∆µºÏ≤‚“—Õ£÷π (ª≠√Ê2): D:/Projects/yolov5-pyqt5/test_img/3.mp4
2026-04-12 23:37:35,856 - __main__ - INFO -  ”∆µºÏ≤‚“—Õ£÷π (ª≠√Ê3): D:/Projects/yolov5-pyqt5/test_img/3.mp4
2026-04-12 23:37:39,427 - __main__ - INFO -  ”∆µºÏ≤‚“—Õ£÷π (ª≠√Ê4): D:/Projects/yolov5-pyqt5/test_img/3.mp4
2026-04-12 23:46:42,528 - __main__ - INFO - ”¶”√≥Ã–Ú∆Ù∂Ø
2026-04-12 23:46:43,272 - __main__ - INFO - ƒ£–Õº”‘ÿ≥…π¶: best.onnx
2026-04-12 23:46:43,273 - __main__ - INFO - º”‘ÿ¡À 2 ∏ˆƒ£–ÕŒƒº˛
2026-04-12 23:46:43,448 - __main__ - INFO - ƒ£–Õº”‘ÿ≥…π¶: best.onnx
2026-04-12 23:46:43,454 - __main__ - INFO - ≤Œ ˝ª÷∏¥≥…π¶
2026-04-12 23:46:47,125 - __main__ - INFO - ƒ£–Õº”‘ÿ≥…π¶: yolov5s.onnx
2026-04-12 23:47:14,541 - __main__ - INFO -  ”∆µºÏ≤‚“—Õ£÷π (ª≠√Ê2): D:/Projects/yolov5-pyqt5/test_img/…˙≥…≤‚ ‘Ãı¥¯ ”∆µ.mp4
2026-04-12 23:47:21,031 - __main__ - INFO -  ”∆µºÏ≤‚“—Õ£÷π (ª≠√Ê1): D:/Projects/yolov5-pyqt5/test_img/3.mp4
2026-04-12 23:47:52,364 - __main__ - INFO -  ”∆µºÏ≤‚“—Õ£÷π (ª≠√Ê2): D:/Projects/yolov5-pyqt5/test_img/…˙≥…≤‚ ‘Ãı¥¯ ”∆µ.mp4
2026-04-12 23:47:52,403 - __main__ - INFO -  ”∆µºÏ≤‚“—Õ£÷π (ª≠√Ê1): D:/Projects/yolov5-pyqt5/test_img/3.mp4
2026-04-12 23:47:52,432 - __main__ - INFO -  ”∆µºÏ≤‚“—Õ£÷π (ª≠√Ê1): D:/Projects/yolov5-pyqt5/test_img/3.mp4
2026-04-12 23:47:52,464 - __main__ - INFO -  ”∆µºÏ≤‚“—Õ£÷π (ª≠√Ê2): D:/Projects/yolov5-pyqt5/test_img/…˙≥…≤‚ ‘Ãı¥¯ ”∆µ.mp4
2026-04-12 23:47:56,250 - __main__ - INFO - ‰Ø¿¿∆˜º”‘ÿ¡À 1061 ÃıºÏ≤‚º«¬º
2026-04-12 23:48:04,521 - __main__ - INFO - HTML±®∏Ê“—…˙≥…: ./results\report_20260412_234804.html
2026-04-12 23:52:14,832 - __main__ - INFO - HTML±®∏Ê“—…˙≥…: ./results\report_20260412_234804.html
2026-04-13 01:04:57,391 - __main__ - INFO - ”¶”√≥Ã–Ú∆Ù∂Ø
2026-04-13 01:04:58,567 - __main__ - INFO - ƒ£–Õº”‘ÿ≥…π¶: best.onnx
2026-04-13 01:04:58,567 - __main__ - INFO - º”‘ÿ¡À 2 ∏ˆƒ£–ÕŒƒº˛
2026-04-13 01:04:58,731 - __main__ - INFO - ƒ£–Õº”‘ÿ≥…π¶: best.onnx
2026-04-13 01:04:58,741 - __main__ - INFO - ≤Œ ˝ª÷∏¥≥…π¶
2026-04-13 01:05:16,516 - __main__ - INFO - ƒ£–Õº”‘ÿ≥…π¶: yolov5s.onnx
2026-04-13 01:05:18,128 - __main__ - INFO -  ”∆µºÏ≤‚“—Õ£÷π (ª≠√Ê1): D:/Projects/yolov5-pyqt5/test_img/…˙≥…≤‚ ‘Ãı¥¯ ”∆µ.mp4
2026-04-13 01:05:33,064 - __main__ - INFO -  ”∆µºÏ≤‚“—Õ£÷π (ª≠√Ê2): D:/Projects/yolov5-pyqt5/test_img/3.mp4
2026-04-13 01:05:33,114 - __main__ - INFO -  ”∆µºÏ≤‚“—Õ£÷π (ª≠√Ê2): D:/Projects/yolov5-pyqt5/test_img/3.mp4
2026-04-13 01:05:33,156 - __main__ - INFO -  ”∆µºÏ≤‚“—Õ£÷π (ª≠√Ê1): D:/Projects/yolov5-pyqt5/test_img/…˙≥…≤‚ ‘Ãı¥¯ ”∆µ.mp4
2026-04-13 01:05:43,948 - __main__ - INFO -  ”∆µºÏ≤‚“—Õ£÷π (ª≠√Ê1): D:/Projects/yolov5-pyqt5/test_img/…˙≥…≤‚ ‘Ãı¥¯ ”∆µ.mp4
2026-04-13 01:05:56,971 - __main__ - INFO -  ”∆µºÏ≤‚“—Õ£÷π (ª≠√Ê2): D:/Projects/yolov5-pyqt5/test_img/3.mp4
2026-04-13 01:26:18,373 - __main__ - INFO - ”¶”√≥Ã–Ú∆Ù∂Ø
2026-04-13 01:26:19,097 - __main__ - INFO - ƒ£–Õº”‘ÿ≥…π¶: best.onnx
2026-04-13 01:26:19,097 - __main__ - INFO - º”‘ÿ¡À 2 ∏ˆƒ£–ÕŒƒº˛
2026-04-13 01:26:19,276 - __main__ - INFO - ƒ£–Õº”‘ÿ≥…π¶: best.onnx
2026-04-13 01:26:19,286 - __main__ - INFO - ≤Œ ˝ª÷∏¥≥…π¶
2026-04-13 01:26:23,070 - __main__ - INFO - ƒ£–Õº”‘ÿ≥…π¶: yolov5s.onnx
2026-04-13 01:26:44,742 - __main__ - INFO -  ”∆µºÏ≤‚“—Õ£÷π (ª≠√Ê2): D:/Projects/yolov5-pyqt5/test_img/…˙≥…≤‚ ‘Ãı¥¯ ”∆µ.mp4
2026-04-13 01:26:45,869 - __main__ - INFO - Õº∆¨ºÏ≤‚“—ÕÍ≥… (ª≠√Ê4): D:/Projects/yolov5-pyqt5/test_img/3.jpg
2026-04-13 01:26:50,020 - __main__ - INFO -  ”∆µºÏ≤‚“—Õ£÷π (ª≠√Ê1): D:/Projects/yolov5-pyqt5/test_img/3.mp4
2026-04-13 01:26:55,843 - __main__ - INFO - Õº∆¨ºÏ≤‚“—ÕÍ≥… (ª≠√Ê5): D:/Projects/yolov5-pyqt5/------.v1i.yolov5pytorch/test/images/-_060756_0032_jpg.rf.a9ea08fb6111a6fa913474189c2137f3.jpg
2026-04-13 01:26:59,767 - __main__ - INFO -  ”∆µºÏ≤‚“—Õ£÷π (ª≠√Ê3): D:/Projects/yolov5-pyqt5/test_img/3.mp4
2026-04-13 01:27:07,037 - __main__ - INFO - Õº∆¨ºÏ≤‚“—ÕÍ≥… (ª≠√Ê5): D:/Projects/yolov5-pyqt5/------.v1i.yolov5pytorch/test/images/-_061844_0683_jpg.rf.e2edef3825fb8304a58ba66fedfd7e48.jpg
2026-04-13 01:27:12,183 - __main__ - INFO - Õº∆¨ºÏ≤‚“—ÕÍ≥… (ª≠√Ê5): D:/Projects/yolov5-pyqt5/------.v1i.yolov5pytorch/test/images/-_074548_0162_jpg.rf.4d3ee10ebb20effe571e862a338145ed.jpg
2026-04-13 01:27:18,169 - __main__ - INFO - Õº∆¨ºÏ≤‚“—ÕÍ≥… (ª≠√Ê6): D:/Projects/yolov5-pyqt5/------.v1i.yolov5pytorch/test/images/-_074801_0919_jpg.rf.3a751f2615e92942dd75e3bc8a0614db.jpg
2026-04-13 09:42:45,274 - __main__ - INFO - ”¶”√≥Ã–Ú∆Ù∂Ø
2026-04-13 09:42:46,080 - __main__ - INFO - ƒ£–Õº”‘ÿ≥…π¶: best.onnx
2026-04-13 09:42:46,080 - __main__ - INFO - º”‘ÿ¡À 2 ∏ˆƒ£–ÕŒƒº˛
2026-04-13 09:42:46,275 - __main__ - INFO - ƒ£–Õº”‘ÿ≥…π¶: best.onnx
2026-04-13 09:42:46,280 - __main__ - INFO - ≤Œ ˝ª÷∏¥≥…π¶
2026-04-13 09:42:48,959 - __main__ - INFO - ƒ£–Õº”‘ÿ≥…π¶: yolov5s.onnx
2026-04-13 09:42:54,576 - __main__ - INFO - Õº∆¨ºÏ≤‚“—ÕÍ≥… (ª≠√Ê2): D:/Projects/yolov5-pyqt5/test_img/5.jpg
2026-04-13 09:42:57,382 - __main__ - INFO - Õº∆¨ºÏ≤‚“—ÕÍ≥… (ª≠√Ê3): D:/Projects/yolov5-pyqt5/test_img/3.jpg
2026-04-13 09:42:58,434 - __main__ - INFO -  ”∆µºÏ≤‚“—Õ£÷π (ª≠√Ê1): D:/Projects/yolov5-pyqt5/test_img/…˙≥…≤‚ ‘Ãı¥¯ ”∆µ.mp4
2026-04-13 09:43:18,286 - __main__ - INFO - HTML±®∏Ê“—…˙≥…: ./results\report_20260413_094318.html
2026-04-13 09:43:21,940 - __main__ - INFO - HTML±®∏Ê“—…˙≥…: ./results\report_20260413_094318.html
2026-04-13 09:44:17,525 - __main__ - INFO - Õº∆¨ºÏ≤‚“—ÕÍ≥… (ª≠√Ê2): D:/Projects/yolov5-pyqt5/test_img/6.jpg
2026-04-13 09:44:20,492 - __main__ - INFO -  ”∆µºÏ≤‚“—Õ£÷π (ª≠√Ê1): D:/Projects/yolov5-pyqt5/test_img/…˙≥…≤‚ ‘Ãı¥¯ ”∆µ.mp4
2026-04-13 09:59:35,186 - __main__ - INFO - ”¶”√≥Ã–Ú∆Ù∂Ø
2026-04-13 10:00:40,873 - __main__ - INFO - ”¶”√≥Ã–Ú∆Ù∂Ø
2026-04-13 10:00:41,714 - __main__ - INFO - ƒ£–Õº”‘ÿ≥…π¶: best.onnx
2026-04-13 10:00:41,714 - __main__ - INFO - º”‘ÿ¡À 2 ∏ˆƒ£–ÕŒƒº˛
2026-04-13 10:00:41,891 - __main__ - INFO - ƒ£–Õº”‘ÿ≥…π¶: best.onnx
2026-04-13 10:00:41,898 - __main__ - INFO - ≤Œ ˝ª÷∏¥≥…π¶
2026-04-13 10:01:59,166 - __main__ - INFO - ”¶”√≥Ã–Ú∆Ù∂Ø
2026-04-13 10:01:59,959 - __main__ - INFO - ƒ£–Õº”‘ÿ≥…π¶: best.onnx
2026-04-13 10:01:59,963 - __main__ - INFO - º”‘ÿ¡À 2 ∏ˆƒ£–ÕŒƒº˛
2026-04-13 10:02:00,137 - __main__ - INFO - ƒ£–Õº”‘ÿ≥…π¶: best.onnx
2026-04-13 10:02:00,144 - __main__ - INFO - ≤Œ ˝ª÷∏¥≥…π¶
2026-04-13 10:02:09,619 - __main__ - INFO - ƒ£–Õº”‘ÿ≥…π¶: yolov5s.onnx
2026-04-13 10:02:18,931 - __main__ - INFO -  ”∆µºÏ≤‚“—Õ£÷π (ª≠√Ê1): D:/Projects/yolov5-pyqt5/test_img/…˙≥…≤‚ ‘Ãı¥¯ ”∆µ.mp4
2026-04-13 10:02:23,391 - __main__ - INFO - Õº∆¨ºÏ≤‚“—ÕÍ≥… (ª≠√Ê2): D:/Projects/yolov5-pyqt5/test_img/5.jpg
2026-04-13 10:02:33,356 - __main__ - INFO -  ”∆µºÏ≤‚“—Õ£÷π (ª≠√Ê1): D:/Projects/yolov5-pyqt5/test_img/…˙≥…≤‚ ‘Ãı¥¯ ”∆µ.mp4
2026-04-13 10:02:43,479 - __main__ - INFO -  ”∆µºÏ≤‚“—Õ£÷π (ª≠√Ê1): D:/Projects/yolov5-pyqt5/test_img/3.mp4
2026-04-13 10:02:43,503 - __main__ - INFO -  ”∆µºÏ≤‚“—Õ£÷π (ª≠√Ê2): D:/Projects/yolov5-pyqt5/test_img/3.mp4
2026-04-13 10:03:04,713 - __main__ - INFO -  ”∆µºÏ≤‚“—Õ£÷π (ª≠√Ê1): D:/Projects/yolov5-pyqt5/test_img/3.mp4
2026-04-13 10:03:14,087 - __main__ - INFO -  ”∆µºÏ≤‚“—Õ£÷π (ª≠√Ê2): D:/Projects/yolov5-pyqt5/test_img/3.mp4
2026-04-13 10:04:28,444 - __main__ - INFO - ‰Ø¿¿∆˜º”‘ÿ¡À 1895 ÃıºÏ≤‚º«¬º
2026-04-13 10:04:47,143 - __main__ - INFO - ‰Ø¿¿∆˜º”‘ÿ¡À 1895 ÃıºÏ≤‚º«¬º
2026-04-13 10:05:08,866 - __main__ - INFO - ‰Ø¿¿∆˜º”‘ÿ¡À 1895 ÃıºÏ≤‚º«¬º
2026-04-13 10:08:32,922 - __main__ - INFO - ”¶”√≥Ã–Ú∆Ù∂Ø
2026-04-13 10:10:11,211 - __main__ - INFO - ”¶”√≥Ã–Ú∆Ù∂Ø
2026-04-13 10:10:11,997 - __main__ - INFO - ƒ£–Õº”‘ÿ≥…π¶: best.onnx
2026-04-13 10:10:12,001 - __main__ - INFO - º”‘ÿ¡À 2 ∏ˆƒ£–ÕŒƒº˛
2026-04-13 10:10:12,175 - __main__ - INFO - ƒ£–Õº”‘ÿ≥…π¶: best.onnx
2026-04-13 10:10:12,185 - __main__ - INFO - ≤Œ ˝ª÷∏¥≥…π¶
2026-04-13 10:10:20,377 - __main__ - INFO -  ”∆µºÏ≤‚“—Õ£÷π (ª≠√Ê1): D:/Projects/yolov5-pyqt5/test_img/…˙≥…≤‚ ‘Ãı¥¯ ”∆µ.mp4
2026-04-13 10:10:21,876 - __main__ - INFO - ƒ£–Õº”‘ÿ≥…π¶: yolov5s.onnx
2026-04-13 10:10:34,225 - __main__ - INFO -  ”∆µºÏ≤‚“—Õ£÷π (ª≠√Ê2): D:/Projects/yolov5-pyqt5/test_img/…˙≥…≤‚ ‘Ãı¥¯ ”∆µ.mp4
2026-04-13 10:10:44,094 - __main__ - INFO - ‰Ø¿¿∆˜º”‘ÿ¡À 859 ÃıºÏ≤‚º«¬º
2026-04-13 10:10:44,365 - __main__ - INFO -  ”∆µºÏ≤‚“—Õ£÷π (ª≠√Ê1): D:/Projects/yolov5-pyqt5/test_img/3.mp4
2026-04-13 10:11:56,037 - __main__ - INFO - HTML±®∏Ê“—…˙≥…: ./results\report_20260413_101156.html
2026-04-13 10:12:03,142 - __main__ - INFO - HTML±®∏Ê“—…˙≥…: ./results\report_20260413_101156.html
2026-04-13 10:14:25,351 - __main__ - INFO - ”¶”√≥Ã–Ú∆Ù∂Ø
2026-04-13 10:14:26,179 - __main__ - INFO - ƒ£–Õº”‘ÿ≥…π¶: best.onnx
2026-04-13 10:14:26,181 - __main__ - INFO - º”‘ÿ¡À 2 ∏ˆƒ£–ÕŒƒº˛
2026-04-13 10:14:26,357 - __main__ - INFO - ƒ£–Õº”‘ÿ≥…π¶: best.onnx
2026-04-13 10:14:26,367 - __main__ - INFO - ≤Œ ˝ª÷∏¥≥…π¶
2026-04-13 10:14:31,138 - __main__ - INFO - ƒ£–Õº”‘ÿ≥…π¶: yolov5s.onnx
2026-04-13 10:14:49,123 - __main__ - INFO - ‰Ø¿¿∆˜º”‘ÿ¡À 369 ÃıºÏ≤‚º«¬º
2026-04-13 10:14:51,207 - __main__ - INFO - ‰Ø¿¿∆˜º”‘ÿ¡À 431 ÃıºÏ≤‚º«¬º
2026-04-13 10:14:52,785 - __main__ - INFO - ‰Ø¿¿∆˜º”‘ÿ¡À 470 ÃıºÏ≤‚º«¬º
2026-04-13 10:14:53,453 - __main__ - INFO - ‰Ø¿¿∆˜º”‘ÿ¡À 489 ÃıºÏ≤‚º«¬º
2026-04-13 10:14:53,862 - __main__ - INFO - ‰Ø¿¿∆˜º”‘ÿ¡À 498 ÃıºÏ≤‚º«¬º
2026-04-13 10:14:54,304 - __main__ - INFO - ‰Ø¿¿∆˜º”‘ÿ¡À 508 ÃıºÏ≤‚º«¬º
2026-04-13 10:14:54,653 - __main__ - INFO - ‰Ø¿¿∆˜º”‘ÿ¡À 518 ÃıºÏ≤‚º«¬º
2026-04-13 10:14:55,001 - __main__ - INFO - ‰Ø¿¿∆˜º”‘ÿ¡À 526 ÃıºÏ≤‚º«¬º
2026-04-13 10:14:55,022 - __main__ - INFO -  ”∆µºÏ≤‚“—Õ£÷π (ª≠√Ê1): D:/Projects/yolov5-pyqt5/test_img/3.mp4
2026-04-13 10:14:55,399 - __main__ - INFO - ‰Ø¿¿∆˜º”‘ÿ¡À 536 ÃıºÏ≤‚º«¬º
2026-04-13 10:14:55,582 - __main__ - INFO - ‰Ø¿¿∆˜º”‘ÿ¡À 536 ÃıºÏ≤‚º«¬º
2026-04-13 10:14:55,747 - __main__ - INFO - ‰Ø¿¿∆˜º”‘ÿ¡À 536 ÃıºÏ≤‚º«¬º
2026-04-13 10:14:55,907 - __main__ - INFO - ‰Ø¿¿∆˜º”‘ÿ¡À 536 ÃıºÏ≤‚º«¬º
2026-04-13 10:14:56,079 - __main__ - INFO - ‰Ø¿¿∆˜º”‘ÿ¡À 536 ÃıºÏ≤‚º«¬º
2026-04-13 10:15:08,366 - __main__ - INFO -  ”∆µºÏ≤‚“—Õ£÷π (ª≠√Ê2): D:/Projects/yolov5-pyqt5/test_img/3.mp4
2026-04-13 10:15:28,851 - __main__ - INFO - HTML±®∏Ê“—…˙≥…: ./results\report_20260413_101528.html
2026-04-13 10:16:16,208 - __main__ - INFO - HTML±®∏Ê“—…˙≥…: ./results\report_20260413_101528.html
2026-04-13 16:08:42,550 - __main__ - INFO - ”¶”√≥Ã–Ú∆Ù∂Ø
2026-04-13 16:08:43,871 - __main__ - INFO - ƒ£–Õº”‘ÿ≥…π¶: best.onnx
2026-04-13 16:08:43,871 - __main__ - INFO - º”‘ÿ¡À 2 ∏ˆƒ£–ÕŒƒº˛
2026-04-13 16:08:44,041 - __main__ - INFO - ƒ£–Õº”‘ÿ≥…π¶: best.onnx
2026-04-13 16:08:44,051 - __main__ - INFO - ≤Œ ˝ª÷∏¥≥…π¶
2026-04-13 16:08:49,061 - __main__ - INFO - ƒ£–Õº”‘ÿ≥…π¶: yolov5s.onnx
2026-04-13 16:09:03,623 - __main__ - INFO - Õº∆¨ºÏ≤‚“—ÕÍ≥… (ª≠√Ê4): D:/Projects/yolov5-pyqt5/test_img/6.jpg
2026-04-13 16:09:06,530 - __main__ - INFO - Õº∆¨ºÏ≤‚“—ÕÍ≥… (ª≠√Ê5): D:/Projects/yolov5-pyqt5/test_img/5.jpg
2026-04-13 16:09:09,338 - __main__ - INFO - Õº∆¨ºÏ≤‚“—ÕÍ≥… (ª≠√Ê6): D:/Projects/yolov5-pyqt5/test_img/12.jpg
2026-04-13 16:09:11,795 - __main__ - INFO - Õº∆¨ºÏ≤‚“—ÕÍ≥… (ª≠√Ê7): D:/Projects/yolov5-pyqt5/test_img/5.jpg
2026-04-13 16:09:11,979 - __main__ - INFO -  ”∆µºÏ≤‚“—Õ£÷π (ª≠√Ê3): D:/Projects/yolov5-pyqt5/test_img/…˙≥…≤‚ ‘Ãı¥¯ ”∆µ.mp4
2026-04-13 16:09:14,237 - __main__ - INFO -  ”∆µºÏ≤‚“—Õ£÷π (ª≠√Ê1): D:/Projects/yolov5-pyqt5/test_img/3.mp4
2026-04-13 16:09:14,597 - __main__ - INFO - Õº∆¨ºÏ≤‚“—ÕÍ≥… (ª≠√Ê8): D:/Projects/yolov5-pyqt5/test_img/16.jpg
2026-04-13 16:09:25,648 - __main__ - INFO -  ”∆µºÏ≤‚“—Õ£÷π (ª≠√Ê2): D:/Projects/yolov5-pyqt5/test_img/3.mp4
2026-04-13 16:09:45,858 - __main__ - INFO - HTML±®∏Ê“—…˙≥…: ./results\report_20260413_160945.html
2026-04-13 16:10:09,873 - __main__ - INFO - HTML±®∏Ê“—…˙≥…: ./results\report_20260413_160945.html
2026-04-13 16:10:11,957 - __main__ - INFO - ‰Ø¿¿∆˜º”‘ÿ¡À 1229 ÃıºÏ≤‚º«¬º
2026-04-13 16:22:25,957 - __main__ - INFO - ”¶”√≥Ã–Ú∆Ù∂Ø
2026-04-13 16:22:26,662 - __main__ - INFO - ƒ£–Õº”‘ÿ≥…π¶: best.onnx
2026-04-13 16:22:26,662 - __main__ - INFO - º”‘ÿ¡À 2 ∏ˆƒ£–ÕŒƒº˛
2026-04-13 16:22:26,837 - __main__ - INFO - ƒ£–Õº”‘ÿ≥…π¶: best.onnx
2026-04-13 16:22:26,842 - __main__ - INFO - ≤Œ ˝ª÷∏¥≥…π¶
2026-04-13 16:22:28,725 - __main__ - INFO - ƒ£–Õº”‘ÿ≥…π¶: yolov5s.onnx
2026-04-13 16:22:42,856 - __main__ - INFO - Õº∆¨ºÏ≤‚“—ÕÍ≥… (ª≠√Ê4): D:/Projects/yolov5-pyqt5/test_img/8.jpg
2026-04-13 16:22:45,593 - __main__ - INFO -  ”∆µºÏ≤‚“—Õ£÷π (ª≠√Ê2): D:/Projects/yolov5-pyqt5/test_img/…˙≥…≤‚ ‘Ãı¥¯ ”∆µ.mp4
2026-04-13 16:22:46,023 - __main__ - INFO - Õº∆¨ºÏ≤‚“—ÕÍ≥… (ª≠√Ê5): D:/Projects/yolov5-pyqt5/test_img/5.jpg
2026-04-13 16:22:48,832 - __main__ - INFO - Õº∆¨ºÏ≤‚“—ÕÍ≥… (ª≠√Ê6): D:/Projects/yolov5-pyqt5/test_img/24.jpg
2026-04-13 16:22:52,641 - __main__ - INFO - Õº∆¨ºÏ≤‚“—ÕÍ≥… (ª≠√Ê7): D:/Projects/yolov5-pyqt5/test_img/19.jpg
2026-04-13 16:22:53,171 - __main__ - INFO -  ”∆µºÏ≤‚“—Õ£÷π (ª≠√Ê1): D:/Projects/yolov5-pyqt5/test_img/3.mp4
2026-04-13 16:22:55,122 - __main__ - INFO - Õº∆¨ºÏ≤‚“—ÕÍ≥… (ª≠√Ê8): D:/Projects/yolov5-pyqt5/test_img/21.jpg
2026-04-13 16:23:00,811 - __main__ - INFO -  ”∆µºÏ≤‚“—Õ£÷π (ª≠√Ê3): D:/Projects/yolov5-pyqt5/test_img/3.mp4
2026-04-13 16:23:03,909 - __main__ - INFO - HTML±®∏Ê“—…˙≥…: ./results\report_20260413_162303.html
2026-04-13 16:23:25,457 - __main__ - INFO - HTML±®∏Ê“—…˙≥…: ./results\report_20260413_162303.html
2026-04-13 18:59:13,528 - __main__ - INFO - ”¶”√≥Ã–Ú∆Ù∂Ø
2026-04-13 18:59:14,880 - __main__ - INFO - ƒ£–Õº”‘ÿ≥…π¶: best.onnx
2026-04-13 18:59:14,885 - __main__ - INFO - º”‘ÿ¡À 2 ∏ˆƒ£–ÕŒƒº˛
2026-04-13 18:59:15,047 - __main__ - INFO - ƒ£–Õº”‘ÿ≥…π¶: best.onnx
2026-04-13 18:59:15,057 - __main__ - INFO - ≤Œ ˝ª÷∏¥≥…π¶
2026-04-13 18:59:18,637 - __main__ - INFO - ƒ£–Õº”‘ÿ≥…π¶: yolov5s.onnx
2026-04-13 18:59:42,987 - __main__ - INFO - HTML±®∏Ê“—…˙≥…: ./results\report_20260413_185942.html
2026-04-13 18:59:43,532 - __main__ - INFO -  ”∆µºÏ≤‚“—Õ£÷π (ª≠√Ê1): D:/Projects/yolov5-pyqt5/test_img/3.mp4
2026-04-13 18:59:52,600 - __main__ - INFO - HTML±®∏Ê“—…˙≥…: ./results\report_20260413_185942.html
2026-04-13 18:59:54,406 - __main__ - INFO -  ”∆µºÏ≤‚“—Õ£÷π (ª≠√Ê2): D:/Projects/yolov5-pyqt5/test_img/3.mp4
2026-04-14 12:11:33,969 - __main__ - INFO - ”¶”√≥Ã–Ú∆Ù∂Ø
2026-04-14 12:11:34,947 - __main__ - INFO - ƒ£–Õº”‘ÿ≥…π¶: best.onnx
2026-04-14 12:11:34,952 - __main__ - INFO - º”‘ÿ¡À 2 ∏ˆƒ£–ÕŒƒº˛
2026-04-14 12:11:35,127 - __main__ - INFO - ƒ£–Õº”‘ÿ≥…π¶: best.onnx
2026-04-14 12:11:35,142 - __main__ - INFO - ≤Œ ˝ª÷∏¥≥…π¶
2026-04-14 12:11:53,710 - __main__ - INFO -  ”∆µºÏ≤‚“—Õ£÷π (ª≠√Ê1): D:/Projects/yolov5-pyqt5/test_img/…˙≥…≤‚ ‘Ãı¥¯ ”∆µ.mp4
2026-04-14 12:11:55,563 - __main__ - INFO - Õº∆¨ºÏ≤‚“—ÕÍ≥… (ª≠√Ê1): D:/Projects/yolov5-pyqt5/test_img/6.jpg
2026-04-14 12:19:18,199 - __main__ - INFO - ”¶”√≥Ã–Ú∆Ù∂Ø
2026-04-14 12:19:19,026 - __main__ - INFO - ƒ£–Õº”‘ÿ≥…π¶: best.onnx
2026-04-14 12:19:19,027 - __main__ - INFO - º”‘ÿ¡À 2 ∏ˆƒ£–ÕŒƒº˛
2026-04-14 12:19:19,212 - __main__ - INFO - ƒ£–Õº”‘ÿ≥…π¶: best.onnx
2026-04-14 12:19:19,221 - __main__ - INFO - ≤Œ ˝ª÷∏¥≥…π¶
2026-04-14 12:19:36,921 - __main__ - INFO -  ”∆µºÏ≤‚“—Õ£÷π (ª≠√Ê1): D:/Projects/yolov5-pyqt5/test_img/…˙≥…≤‚ ‘Ãı¥¯ ”∆µ.mp4
2026-04-14 12:20:11,268 - __main__ - INFO - Õº∆¨ºÏ≤‚“—ÕÍ≥… (ª≠√Ê1): D:/Projects/yolov5-pyqt5/datasets/images/train/-_041903_0542_jpg.rf.4c0aa89d6b845db24c05beca13a1db87.jpg
2026-04-14 12:22:44,393 - __main__ - INFO - ”¶”√≥Ã–Ú∆Ù∂Ø
2026-04-14 12:22:45,192 - __main__ - INFO - ƒ£–Õº”‘ÿ≥…π¶: best.onnx
2026-04-14 12:22:45,194 - __main__ - INFO - º”‘ÿ¡À 2 ∏ˆƒ£–ÕŒƒº˛
2026-04-14 12:22:45,365 - __main__ - INFO - ƒ£–Õº”‘ÿ≥…π¶: best.onnx
2026-04-14 12:22:45,370 - __main__ - INFO - ≤Œ ˝ª÷∏¥≥…π¶
2026-04-14 12:22:53,194 - __main__ - INFO - Õº∆¨ºÏ≤‚“—ÕÍ≥… (ª≠√Ê1): D:/Projects/yolov5-pyqt5/test_img/5.jpg
2026-04-14 12:22:56,089 - __main__ - INFO - Õº∆¨ºÏ≤‚“—ÕÍ≥… (ª≠√Ê1): D:/Projects/yolov5-pyqt5/test_img/18.jpg
2026-04-14 12:23:26,116 - __main__ - INFO - ‰Ø¿¿∆˜º”‘ÿ¡À 247 ÃıºÏ≤‚º«¬º
2026-04-14 12:23:29,466 - __main__ - INFO -  ”∆µºÏ≤‚“—Õ£÷π (ª≠√Ê1): D:/Projects/yolov5-pyqt5/test_img/3.mp4
2026-04-14 12:28:20,298 - __main__ - INFO - HTML±®∏Ê“—…˙≥…: ./results\report_20260414_122820.html
2026-04-14 12:29:18,499 - __main__ - INFO - HTML±®∏Ê“—…˙≥…: ./results\report_20260414_122820.html
2026-04-14 12:29:51,646 - __main__ - INFO -  ”∆µºÏ≤‚“—Õ£÷π (ª≠√Ê1): D:/Projects/yolov5-pyqt5/test_img/3.mp4
2026-04-14 12:29:56,780 - __main__ - INFO -  ”∆µºÏ≤‚“—Õ£÷π (ª≠√Ê2): D:/Projects/yolov5-pyqt5/test_img/3.mp4
2026-04-14 12:29:58,675 - __main__ - INFO - Õº∆¨ºÏ≤‚“—ÕÍ≥… (ª≠√Ê3): D:/Projects/yolov5-pyqt5/------.v1i.yolov5pytorch/test/images/-_060756_0032_jpg.rf.a9ea08fb6111a6fa913474189c2137f3.jpg
2026-04-14 12:30:06,386 - __main__ - INFO - HTML±®∏Ê“—…˙≥…: ./results\report_20260414_123006.html
2026-04-14 12:30:18,377 - __main__ - INFO - HTML±®∏Ê“—…˙≥…: ./results\report_20260414_123006.html
2026-04-14 12:30:20,564 - __main__ - INFO - ‰Ø¿¿∆˜º”‘ÿ¡À 939 ÃıºÏ≤‚º«¬º
2026-04-14 12:31:55,389 - __main__ - INFO - ”¶”√≥Ã–Ú∆Ù∂Ø
2026-04-14 12:31:56,189 - __main__ - INFO - ƒ£–Õº”‘ÿ≥…π¶: best.onnx
2026-04-14 12:31:56,192 - __main__ - INFO - º”‘ÿ¡À 2 ∏ˆƒ£–ÕŒƒº˛
2026-04-14 12:31:56,372 - __main__ - INFO - ƒ£–Õº”‘ÿ≥…π¶: best.onnx
2026-04-14 12:31:56,382 - __main__ - INFO - ≤Œ ˝ª÷∏¥≥…π¶
2026-04-14 12:32:18,326 - __main__ - INFO -  ”∆µºÏ≤‚“—Õ£÷π (ª≠√Ê1): D:/Projects/yolov5-pyqt5/test_img/…˙≥…≤‚ ‘Ãı¥¯ ”∆µ.mp4
2026-04-14 12:32:24,094 - __main__ - INFO - Õº∆¨ºÏ≤‚“—ÕÍ≥… (ª≠√Ê3): D:/Projects/yolov5-pyqt5/------.v1i.yolov5pytorch/test/images/-_061920_0207_jpg.rf.11c4dd3ec13f9eb3691dc931609423c1.jpg
2026-04-14 12:32:35,822 - __main__ - INFO - Õº∆¨ºÏ≤‚“—ÕÍ≥… (ª≠√Ê4): D:/Projects/yolov5-pyqt5/------.v1i.yolov5pytorch/test/images/-_061920_0207_jpg.rf.11c4dd3ec13f9eb3691dc931609423c1.jpg
2026-04-14 12:32:36,546 - __main__ - INFO -  ”∆µºÏ≤‚“—Õ£÷π (ª≠√Ê2): D:/Projects/yolov5-pyqt5/test_img/3.mp4
2026-04-14 12:32:48,388 - __main__ - INFO - ‰Ø¿¿∆˜º”‘ÿ¡À 721 ÃıºÏ≤‚º«¬º
2026-04-14 12:33:10,160 - __main__ - INFO - HTML±®∏Ê“—…˙≥…: ./results\report_20260414_123310.html
2026-04-14 12:33:34,799 - __main__ - INFO - HTML±®∏Ê“—…˙≥…: ./results\report_20260414_123310.html
2026-04-14 12:36:28,943 - __main__ - INFO - ”¶”√≥Ã–Ú∆Ù∂Ø
2026-04-14 12:36:29,881 - __main__ - INFO - ƒ£–Õº”‘ÿ≥…π¶: best.onnx
2026-04-14 12:36:29,883 - __main__ - INFO - º”‘ÿ¡À 2 ∏ˆƒ£–ÕŒƒº˛
2026-04-14 12:36:30,075 - __main__ - INFO - ƒ£–Õº”‘ÿ≥…π¶: best.onnx
2026-04-14 12:36:30,082 - __main__ - INFO - ≤Œ ˝ª÷∏¥≥…π¶
2026-04-14 12:36:54,465 - __main__ - INFO - Õº∆¨ºÏ≤‚“—ÕÍ≥… (ª≠√Ê3): D:/Projects/yolov5-pyqt5/------.v1i.yolov5pytorch/test/images/-_060756_0032_jpg.rf.a9ea08fb6111a6fa913474189c2137f3.jpg
2026-04-14 12:36:58,438 - __main__ - INFO - Õº∆¨ºÏ≤‚“—ÕÍ≥… (ª≠√Ê4): D:/Projects/yolov5-pyqt5/------.v1i.yolov5pytorch/test/images/-_060756_0032_jpg.rf.a9ea08fb6111a6fa913474189c2137f3.jpg
2026-04-14 12:37:04,070 - __main__ - INFO - Õº∆¨ºÏ≤‚“—ÕÍ≥… (ª≠√Ê5): D:/Projects/yolov5-pyqt5/------.v1i.yolov5pytorch/test/images/-_061920_0207_jpg.rf.11c4dd3ec13f9eb3691dc931609423c1.jpg
2026-04-14 12:37:07,222 - __main__ - INFO -  ”∆µºÏ≤‚“—Õ£÷π (ª≠√Ê1): D:/Projects/yolov5-pyqt5/test_img/3.mp4
2026-04-14 12:37:07,325 - __main__ - INFO - Õº∆¨ºÏ≤‚“—ÕÍ≥… (ª≠√Ê6): D:/Projects/yolov5-pyqt5/------.v1i.yolov5pytorch/test/images/-_053617_0365_jpg.rf.7d0508d47602140079b98f30e8f9c205.jpg
2026-04-14 12:37:16,305 - __main__ - INFO - ‰Ø¿¿∆˜º”‘ÿ¡À 493 ÃıºÏ≤‚º«¬º
2026-04-14 12:37:31,094 - __main__ - INFO -  ”∆µºÏ≤‚“—Õ£÷π (ª≠√Ê2): D:/Projects/yolov5-pyqt5/test_img/3.mp4
2026-04-14 12:37:34,838 - __main__ - INFO - ‰Ø¿¿∆˜º”‘ÿ¡À 599 ÃıºÏ≤‚º«¬º
2026-04-14 12:37:37,560 - __main__ - INFO - HTML±®∏Ê“—…˙≥…: ./results\report_20260414_123737.html
2026-04-14 12:38:21,735 - __main__ - INFO - HTML±®∏Ê“—…˙≥…: ./results\report_20260414_123737.html
2026-04-14 12:42:01,394 - __main__ - INFO - ”¶”√≥Ã–Ú∆Ù∂Ø
2026-04-14 12:42:02,182 - __main__ - INFO - ƒ£–Õº”‘ÿ≥…π¶: best.onnx
2026-04-14 12:42:02,182 - __main__ - INFO - º”‘ÿ¡À 2 ∏ˆƒ£–ÕŒƒº˛
2026-04-14 12:42:02,367 - __main__ - INFO - ƒ£–Õº”‘ÿ≥…π¶: best.onnx
2026-04-14 12:42:02,372 - __main__ - INFO - ≤Œ ˝ª÷∏¥≥…π¶
2026-04-14 12:42:49,423 - __main__ - INFO - ‰Ø¿¿∆˜º”‘ÿ¡À 848 ÃıºÏ≤‚º«¬º
2026-04-14 12:42:51,160 - __main__ - INFO -  ”∆µºÏ≤‚“—Õ£÷π (ª≠√Ê2): D:/Projects/yolov5-pyqt5/test_img/…˙≥…≤‚ ‘Ãı¥¯ ”∆µ.mp4
2026-04-14 12:42:52,102 - __main__ - INFO - ‰Ø¿¿∆˜º”‘ÿ¡À 911 ÃıºÏ≤‚º«¬º
2026-04-14 12:42:52,831 - __main__ - INFO - ‰Ø¿¿∆˜º”‘ÿ¡À 922 ÃıºÏ≤‚º«¬º
2026-04-14 12:42:53,460 - __main__ - INFO - ‰Ø¿¿∆˜º”‘ÿ¡À 936 ÃıºÏ≤‚º«¬º
2026-04-14 12:42:54,338 - __main__ - INFO - ‰Ø¿¿∆˜º”‘ÿ¡À 948 ÃıºÏ≤‚º«¬º
2026-04-14 12:42:55,500 - __main__ - INFO -  ”∆µºÏ≤‚“—Õ£÷π (ª≠√Ê1): D:/Projects/yolov5-pyqt5/test_img/3.mp4
2026-04-14 12:43:11,866 - __main__ - INFO - HTML±®∏Ê“—…˙≥…: ./results\report_20260414_124311.html
2026-04-14 12:43:12,923 - __main__ - INFO -  ”∆µºÏ≤‚“—Õ£÷π (ª≠√Ê3): D:/Projects/yolov5-pyqt5/test_img/3.mp4
2026-04-14 12:43:30,414 - __main__ - INFO -  ”∆µºÏ≤‚“—Õ£÷π (ª≠√Ê4): D:/Projects/yolov5-pyqt5/test_img/3.mp4
2026-04-14 12:44:07,556 - __main__ - INFO - HTML±®∏Ê“—…˙≥…: ./results\report_20260414_124311.html
2026-04-14 12:56:58,118 - __main__ - INFO - ”¶”√≥Ã–Ú∆Ù∂Ø
2026-04-14 12:56:59,495 - __main__ - INFO - ƒ£–Õº”‘ÿ≥…π¶: best.onnx
2026-04-14 12:56:59,495 - __main__ - INFO - º”‘ÿ¡À 2 ∏ˆƒ£–ÕŒƒº˛
2026-04-14 12:56:59,680 - __main__ - INFO - ƒ£–Õº”‘ÿ≥…π¶: best.onnx
2026-04-14 12:56:59,690 - __main__ - INFO - ≤Œ ˝ª÷∏¥≥…π¶
2026-04-14 12:57:38,270 - __main__ - INFO -  ”∆µºÏ≤‚“—Õ£÷π (ª≠√Ê1): D:/Projects/yolov5-pyqt5/test_img/ ”∆µ1.mp4
2026-04-14 12:58:01,701 - __main__ - INFO - Õº∆¨ºÏ≤‚“—ÕÍ≥… (ª≠√Ê3): D:/Projects/yolov5-pyqt5/test_img/13.jpg
2026-04-14 12:58:04,321 - __main__ - INFO - Õº∆¨ºÏ≤‚“—ÕÍ≥… (ª≠√Ê4): D:/Projects/yolov5-pyqt5/test_img/8.jpg
2026-04-14 12:58:08,352 - __main__ - INFO - Õº∆¨ºÏ≤‚“—ÕÍ≥… (ª≠√Ê5): D:/Projects/yolov5-pyqt5/test_img/19.jpg
2026-04-14 12:58:10,843 - __main__ - INFO - Õº∆¨ºÏ≤‚“—ÕÍ≥… (ª≠√Ê6): D:/Projects/yolov5-pyqt5/test_img/19.jpg
2026-04-14 12:58:13,460 - __main__ - INFO - Õº∆¨ºÏ≤‚“—ÕÍ≥… (ª≠√Ê7): D:/Projects/yolov5-pyqt5/test_img/24.jpg
2026-04-14 12:58:23,671 - __main__ - ERROR - ÕºœÒ¥ÌŒÛ (ª≠√Ê8): Œﬁ∑®∂¡»°ÕºœÒ: D:/Users/26838/Desktop/Girid-∂Øª≠Ω«…´”°œÛ±Ì .png
Traceback (most recent call last):
  File "main.py", line 533, in start_image
    raise RuntimeError(f"Œﬁ∑®∂¡»°ÕºœÒ: {image_path}")
RuntimeError: Œﬁ∑®∂¡»°ÕºœÒ: D:/Users/26838/Desktop/Girid-∂Øª≠Ω«…´”°œÛ±Ì .png
2026-04-14 12:58:27,529 - __main__ - ERROR - ÕºœÒ¥ÌŒÛ (ª≠√Ê8): Œﬁ∑®∂¡»°ÕºœÒ: D:/Users/26838/Desktop/Girid-∂Øª≠Ω«…´”°œÛ±Ì .png
Traceback (most recent call last):
  File "main.py", line 533, in start_image
    raise RuntimeError(f"Œﬁ∑®∂¡»°ÕºœÒ: {image_path}")
RuntimeError: Œﬁ∑®∂¡»°ÕºœÒ: D:/Users/26838/Desktop/Girid-∂Øª≠Ω«…´”°œÛ±Ì .png
2026-04-14 12:58:31,198 - __main__ - INFO - Õº∆¨ºÏ≤‚“—ÕÍ≥… (ª≠√Ê8): D:/Users/26838/Desktop/b_0eadfdd7e1ca7e76824282ed6ee90357.jpg
2026-04-14 12:58:47,560 - __main__ - INFO - ‰Ø¿¿∆˜º”‘ÿ¡À 1416 ÃıºÏ≤‚º«¬º
2026-04-14 12:59:02,005 - __main__ - INFO - ≥Ã–Ú’˝‘⁄ÕÀ≥ˆ...
2026-04-14 12:59:02,036 - __main__ - ERROR - ÷°¥¶¿Ì¥ÌŒÛ (ª≠√Ê2): wrapped C/C++ object of type Ui_MainWindow has been deleted
Traceback (most recent call last):
  File "main.py", line 577, in _process_and_render_frame
    self.signal.emit(feed_id, summary, 'res')
RuntimeError: wrapped C/C++ object of type Ui_MainWindow has been deleted
2026-04-14 12:59:02,036 - __main__ - WARNING - ¥¶¿Ì÷° ß∞‹ (ª≠√Ê2): wrapped C/C++ object of type Ui_MainWindow has been deleted
2026-04-14 12:59:02,036 - __main__ - INFO -  ”∆µºÏ≤‚“—Õ£÷π (ª≠√Ê2): D:/Projects/yolov5-pyqt5/test_img/ ”∆µ2.mp4
2026-04-14 12:59:05,153 - __main__ - INFO - ”¶”√≥Ã–Ú∆Ù∂Ø
2026-04-14 12:59:05,911 - __main__ - INFO - ƒ£–Õº”‘ÿ≥…π¶: best.onnx
2026-04-14 12:59:05,911 - __main__ - INFO - º”‘ÿ¡À 2 ∏ˆƒ£–ÕŒƒº˛
2026-04-14 12:59:06,084 - __main__ - INFO - ƒ£–Õº”‘ÿ≥…π¶: best.onnx
2026-04-14 12:59:06,100 - __main__ - INFO - ≤Œ ˝ª÷∏¥≥…π¶
2026-04-14 12:59:24,659 - __main__ - INFO -  ”∆µºÏ≤‚“—Õ£÷π (ª≠√Ê1): D:/Projects/yolov5-pyqt5/test_img/ ”∆µ1.mp4
2026-04-14 12:59:24,743 - __main__ - INFO -  ”∆µºÏ≤‚“—Õ£÷π (ª≠√Ê1): D:/Projects/yolov5-pyqt5/test_img/ ”∆µ2.mp4
2026-04-14 12:59:35,971 - __main__ - INFO - Õº∆¨ºÏ≤‚“—ÕÍ≥… (ª≠√Ê2): D:/Projects/yolov5-pyqt5/test_img/1.jpg
2026-04-14 12:59:38,422 - __main__ - INFO - Õº∆¨ºÏ≤‚“—ÕÍ≥… (ª≠√Ê3): D:/Projects/yolov5-pyqt5/test_img/19.jpg
2026-04-14 12:59:41,632 - __main__ - INFO - ‰Ø¿¿∆˜º”‘ÿ¡À 359 ÃıºÏ≤‚º«¬º
2026-04-14 12:59:43,748 - __main__ - INFO - ‰Ø¿¿∆˜º”‘ÿ¡À 380 ÃıºÏ≤‚º«¬º
2026-04-14 12:59:44,929 - __main__ - INFO - ‰Ø¿¿∆˜º”‘ÿ¡À 393 ÃıºÏ≤‚º«¬º
2026-04-14 12:59:50,867 - __main__ - ERROR - ÷°¥¶¿Ì¥ÌŒÛ (ª≠√Ê1): wrapped C/C++ object of type Ui_MainWindow has been deleted
Traceback (most recent call last):
  File "main.py", line 577, in _process_and_render_frame
    self.signal.emit(feed_id, summary, 'res')
RuntimeError: wrapped C/C++ object of type Ui_MainWindow has been deleted
2026-04-14 12:59:50,882 - __main__ - WARNING - ¥¶¿Ì÷° ß∞‹ (ª≠√Ê1): wrapped C/C++ object of type Ui_MainWindow has been deleted
2026-04-14 13:02:07,036 - __main__ - INFO - ”¶”√≥Ã–Ú∆Ù∂Ø
2026-04-14 13:02:07,845 - __main__ - INFO - ƒ£–Õº”‘ÿ≥…π¶: best.onnx
2026-04-14 13:02:07,847 - __main__ - INFO - º”‘ÿ¡À 2 ∏ˆƒ£–ÕŒƒº˛
2026-04-14 13:02:08,017 - __main__ - INFO - ƒ£–Õº”‘ÿ≥…π¶: best.onnx
2026-04-14 13:02:08,025 - __main__ - INFO - ≤Œ ˝ª÷∏¥≥…π¶
2026-04-14 13:02:16,843 - __main__ - INFO - ‰Ø¿¿∆˜º”‘ÿ¡À 70 ÃıºÏ≤‚º«¬º
2026-04-14 13:02:19,850 - __main__ - INFO - ‰Ø¿¿∆˜º”‘ÿ¡À 119 ÃıºÏ≤‚º«¬º
2026-04-14 13:02:21,973 - __main__ - INFO - HTML±®∏Ê“—…˙≥…: ./results\report_20260414_130221.html
2026-04-14 13:02:31,881 - __main__ - INFO - HTML±®∏Ê“—…˙≥…: ./results\report_20260414_130221.html
2026-04-14 13:02:34,080 - __main__ - INFO -  ”∆µºÏ≤‚“—Õ£÷π (ª≠√Ê1): D:/Projects/yolov5-pyqt5/test_img/ ”∆µ1.mp4
2026-04-14 13:02:37,121 - __main__ - INFO - ‰Ø¿¿∆˜º”‘ÿ¡À 312 ÃıºÏ≤‚º«¬º
2026-04-14 13:03:27,425 - __main__ - INFO - ‰Ø¿¿∆˜º”‘ÿ¡À 312 ÃıºÏ≤‚º«¬º
2026-04-14 13:03:52,671 - __main__ - INFO - HTML±®∏Ê“—…˙≥…: ./results\report_20260414_130352.html
2026-04-14 13:03:55,284 - __main__ - INFO - HTML±®∏Ê“—…˙≥…: ./results\report_20260414_130352.html
2026-04-14 13:03:56,493 - __main__ - INFO - ‰Ø¿¿∆˜º”‘ÿ¡À 312 ÃıºÏ≤‚º«¬º
2026-04-14 13:04:01,959 - __main__ - INFO - ‰Ø¿¿∆˜º”‘ÿ¡À 312 ÃıºÏ≤‚º«¬º
2026-04-14 13:04:02,108 - __main__ - INFO - ‰Ø¿¿∆˜º”‘ÿ¡À 312 ÃıºÏ≤‚º«¬º
2026-04-14 13:04:02,576 - __main__ - INFO - ‰Ø¿¿∆˜º”‘ÿ¡À 312 ÃıºÏ≤‚º«¬º
2026-04-14 13:04:02,753 - __main__ - INFO - ‰Ø¿¿∆˜º”‘ÿ¡À 312 ÃıºÏ≤‚º«¬º
2026-04-14 13:05:33,765 - __main__ - INFO - ”¶”√≥Ã–Ú∆Ù∂Ø
2026-04-14 13:05:34,525 - __main__ - INFO - ƒ£–Õº”‘ÿ≥…π¶: best.onnx
2026-04-14 13:05:34,528 - __main__ - INFO - º”‘ÿ¡À 2 ∏ˆƒ£–ÕŒƒº˛
2026-04-14 13:05:34,719 - __main__ - INFO - ƒ£–Õº”‘ÿ≥…π¶: best.onnx
2026-04-14 13:05:34,729 - __main__ - INFO - ≤Œ ˝ª÷∏¥≥…π¶
2026-04-14 13:05:46,165 - __main__ - INFO - ‰Ø¿¿∆˜º”‘ÿ¡À 104 ÃıºÏ≤‚º«¬º
2026-04-14 13:05:47,927 - __main__ - INFO - ‰Ø¿¿∆˜º”‘ÿ¡À 129 ÃıºÏ≤‚º«¬º
2026-04-14 13:05:48,490 - __main__ - INFO - ‰Ø¿¿∆˜º”‘ÿ¡À 135 ÃıºÏ≤‚º«¬º
2026-04-14 13:05:48,781 - __main__ - INFO - ‰Ø¿¿∆˜º”‘ÿ¡À 138 ÃıºÏ≤‚º«¬º
2026-04-14 13:05:48,971 - __main__ - INFO - ‰Ø¿¿∆˜º”‘ÿ¡À 140 ÃıºÏ≤‚º«¬º
2026-04-14 13:05:49,140 - __main__ - INFO - ‰Ø¿¿∆˜º”‘ÿ¡À 144 ÃıºÏ≤‚º«¬º
2026-04-14 13:05:49,267 - __main__ - INFO - ‰Ø¿¿∆˜º”‘ÿ¡À 146 ÃıºÏ≤‚º«¬º
2026-04-14 13:05:49,543 - __main__ - INFO - ‰Ø¿¿∆˜º”‘ÿ¡À 153 ÃıºÏ≤‚º«¬º
2026-04-14 13:06:01,060 - __main__ - INFO -  ”∆µºÏ≤‚“—Õ£÷π (ª≠√Ê1): D:/Projects/yolov5-pyqt5/test_img/ ”∆µ1.mp4
2026-04-14 13:07:28,801 - __main__ - INFO - ”¶”√≥Ã–Ú∆Ù∂Ø
2026-04-14 13:07:29,556 - __main__ - INFO - ƒ£–Õº”‘ÿ≥…π¶: best.onnx
2026-04-14 13:07:29,560 - __main__ - INFO - º”‘ÿ¡À 2 ∏ˆƒ£–ÕŒƒº˛
2026-04-14 13:07:29,736 - __main__ - INFO - ƒ£–Õº”‘ÿ≥…π¶: best.onnx
2026-04-14 13:07:29,747 - __main__ - INFO - ≤Œ ˝ª÷∏¥≥…π¶
2026-04-14 13:07:38,951 - __main__ - INFO - ‰Ø¿¿∆˜º”‘ÿ¡À 74 ÃıºÏ≤‚º«¬º
2026-04-14 13:07:42,181 - __main__ - INFO - ‰Ø¿¿∆˜º”‘ÿ¡À 126 ÃıºÏ≤‚º«¬º
2026-04-14 13:07:42,994 - __main__ - INFO - ‰Ø¿¿∆˜º”‘ÿ¡À 134 ÃıºÏ≤‚º«¬º
2026-04-14 13:07:43,177 - __main__ - INFO - ‰Ø¿¿∆˜º”‘ÿ¡À 136 ÃıºÏ≤‚º«¬º
2026-04-14 13:07:43,341 - __main__ - INFO - ‰Ø¿¿∆˜º”‘ÿ¡À 138 ÃıºÏ≤‚º«¬º
2026-04-14 13:07:43,502 - __main__ - INFO - ‰Ø¿¿∆˜º”‘ÿ¡À 140 ÃıºÏ≤‚º«¬º
2026-04-14 13:07:43,649 - __main__ - INFO - ‰Ø¿¿∆˜º”‘ÿ¡À 142 ÃıºÏ≤‚º«¬º
2026-04-14 13:07:43,835 - __main__ - INFO - ‰Ø¿¿∆˜º”‘ÿ¡À 146 ÃıºÏ≤‚º«¬º
2026-04-14 13:07:44,022 - __main__ - INFO - ‰Ø¿¿∆˜º”‘ÿ¡À 150 ÃıºÏ≤‚º«¬º
2026-04-14 13:07:44,170 - __main__ - INFO - ‰Ø¿¿∆˜º”‘ÿ¡À 154 ÃıºÏ≤‚º«¬º
2026-04-14 13:07:44,351 - __main__ - INFO - ‰Ø¿¿∆˜º”‘ÿ¡À 156 ÃıºÏ≤‚º«¬º
2026-04-14 13:07:44,561 - __main__ - INFO - ‰Ø¿¿∆˜º”‘ÿ¡À 161 ÃıºÏ≤‚º«¬º
2026-04-14 13:07:44,696 - __main__ - INFO - ‰Ø¿¿∆˜º”‘ÿ¡À 162 ÃıºÏ≤‚º«¬º
2026-04-14 13:07:44,875 - __main__ - INFO - ‰Ø¿¿∆˜º”‘ÿ¡À 168 ÃıºÏ≤‚º«¬º
2026-04-14 13:07:45,048 - __main__ - INFO - ‰Ø¿¿∆˜º”‘ÿ¡À 170 ÃıºÏ≤‚º«¬º
2026-04-14 13:07:45,221 - __main__ - INFO - ‰Ø¿¿∆˜º”‘ÿ¡À 171 ÃıºÏ≤‚º«¬º
2026-04-14 13:07:45,383 - __main__ - INFO - ‰Ø¿¿∆˜º”‘ÿ¡À 171 ÃıºÏ≤‚º«¬º
2026-04-14 13:07:45,592 - __main__ - INFO - ‰Ø¿¿∆˜º”‘ÿ¡À 173 ÃıºÏ≤‚º«¬º
2026-04-14 13:07:45,789 - __main__ - INFO - ‰Ø¿¿∆˜º”‘ÿ¡À 177 ÃıºÏ≤‚º«¬º
2026-04-14 13:07:45,966 - __main__ - INFO - ‰Ø¿¿∆˜º”‘ÿ¡À 180 ÃıºÏ≤‚º«¬º
2026-04-14 13:07:46,142 - __main__ - INFO - ‰Ø¿¿∆˜º”‘ÿ¡À 180 ÃıºÏ≤‚º«¬º
2026-04-14 13:07:46,286 - __main__ - INFO - ‰Ø¿¿∆˜º”‘ÿ¡À 181 ÃıºÏ≤‚º«¬º
2026-04-14 13:07:46,457 - __main__ - INFO - ‰Ø¿¿∆˜º”‘ÿ¡À 183 ÃıºÏ≤‚º«¬º
2026-04-14 13:07:46,649 - __main__ - INFO - ‰Ø¿¿∆˜º”‘ÿ¡À 185 ÃıºÏ≤‚º«¬º
2026-04-14 13:07:46,810 - __main__ - INFO - ‰Ø¿¿∆˜º”‘ÿ¡À 187 ÃıºÏ≤‚º«¬º
2026-04-14 13:07:46,983 - __main__ - INFO - ‰Ø¿¿∆˜º”‘ÿ¡À 189 ÃıºÏ≤‚º«¬º
2026-04-14 13:07:47,166 - __main__ - INFO - ‰Ø¿¿∆˜º”‘ÿ¡À 191 ÃıºÏ≤‚º«¬º
2026-04-14 13:07:47,353 - __main__ - INFO - ‰Ø¿¿∆˜º”‘ÿ¡À 193 ÃıºÏ≤‚º«¬º
2026-04-14 13:07:47,527 - __main__ - INFO - ‰Ø¿¿∆˜º”‘ÿ¡À 195 ÃıºÏ≤‚º«¬º
2026-04-14 13:07:47,709 - __main__ - INFO - ‰Ø¿¿∆˜º”‘ÿ¡À 197 ÃıºÏ≤‚º«¬º
2026-04-14 13:07:47,886 - __main__ - INFO - ‰Ø¿¿∆˜º”‘ÿ¡À 201 ÃıºÏ≤‚º«¬º
2026-04-14 13:07:48,087 - __main__ - INFO - ‰Ø¿¿∆˜º”‘ÿ¡À 203 ÃıºÏ≤‚º«¬º
2026-04-14 13:07:48,207 - __main__ - INFO - ‰Ø¿¿∆˜º”‘ÿ¡À 204 ÃıºÏ≤‚º«¬º
2026-04-14 13:07:48,401 - __main__ - INFO - ‰Ø¿¿∆˜º”‘ÿ¡À 206 ÃıºÏ≤‚º«¬º
2026-04-14 13:07:48,610 - __main__ - INFO - ‰Ø¿¿∆˜º”‘ÿ¡À 210 ÃıºÏ≤‚º«¬º
2026-04-14 13:07:48,887 - __main__ - INFO - ‰Ø¿¿∆˜º”‘ÿ¡À 213 ÃıºÏ≤‚º«¬º
2026-04-14 13:07:51,829 - __main__ - INFO - ‰Ø¿¿∆˜º”‘ÿ¡À 243 ÃıºÏ≤‚º«¬º
2026-04-14 13:07:52,031 - __main__ - INFO - ‰Ø¿¿∆˜º”‘ÿ¡À 243 ÃıºÏ≤‚º«¬º
2026-04-14 13:07:55,714 - __main__ - INFO -  ”∆µºÏ≤‚“—Õ£÷π (ª≠√Ê1): D:/Projects/yolov5-pyqt5/test_img/ ”∆µ1.mp4
2026-04-14 13:10:39,345 - __main__ - INFO - ”¶”√≥Ã–Ú∆Ù∂Ø
2026-04-14 13:10:40,176 - __main__ - INFO - ƒ£–Õº”‘ÿ≥…π¶: best.onnx
2026-04-14 13:10:40,177 - __main__ - INFO - º”‘ÿ¡À 2 ∏ˆƒ£–ÕŒƒº˛
2026-04-14 13:10:40,362 - __main__ - INFO - ƒ£–Õº”‘ÿ≥…π¶: best.onnx
2026-04-14 13:10:40,376 - __main__ - INFO - ≤Œ ˝ª÷∏¥≥…π¶
2026-04-14 13:11:15,333 - __main__ - INFO -  ”∆µºÏ≤‚“—Õ£÷π (ª≠√Ê1): D:/Projects/yolov5-pyqt5/test_img/ ”∆µ1.mp4
2026-04-14 13:11:20,115 - __main__ - INFO - Õº∆¨ºÏ≤‚“—ÕÍ≥… (ª≠√Ê2): D:/Projects/yolov5-pyqt5/test_img/7.jpg
2026-04-14 13:11:29,900 - __main__ - INFO - Õº∆¨ºÏ≤‚“—ÕÍ≥… (ª≠√Ê2): D:/Projects/yolov5-pyqt5/test_img/7.jpg
2026-04-14 13:11:33,457 - __main__ - INFO - Õº∆¨ºÏ≤‚“—ÕÍ≥… (ª≠√Ê2): D:/Projects/yolov5-pyqt5/test_img/7.jpg
2026-04-14 13:11:45,574 - __main__ - INFO - Õº∆¨ºÏ≤‚“—ÕÍ≥… (ª≠√Ê2): D:/Projects/yolov5-pyqt5/test_img/7.jpg
2026-04-14 13:11:56,518 - __main__ - INFO - ”¶”√≥Ã–Ú∆Ù∂Ø
2026-04-14 13:11:57,273 - __main__ - INFO - ƒ£–Õº”‘ÿ≥…π¶: best.onnx
2026-04-14 13:11:57,275 - __main__ - INFO - º”‘ÿ¡À 2 ∏ˆƒ£–ÕŒƒº˛
2026-04-14 13:11:57,452 - __main__ - INFO - ƒ£–Õº”‘ÿ≥…π¶: best.onnx
2026-04-14 13:11:57,459 - __main__ - INFO - ≤Œ ˝ª÷∏¥≥…π¶
2026-04-14 13:12:01,665 - __main__ - INFO - Õº∆¨ºÏ≤‚“—ÕÍ≥… (ª≠√Ê1): D:/Projects/yolov5-pyqt5/test_img/7.jpg
2026-04-14 13:12:06,054 - __main__ - INFO - Õº∆¨ºÏ≤‚“—ÕÍ≥… (ª≠√Ê2): D:/Projects/yolov5-pyqt5/test_img/7.jpg
2026-04-14 13:12:15,309 - __main__ - INFO - Õº∆¨ºÏ≤‚“—ÕÍ≥… (ª≠√Ê1): D:/Projects/yolov5-pyqt5/test_img/7.jpg
2026-04-14 13:12:18,448 - __main__ - INFO - Õº∆¨ºÏ≤‚“—ÕÍ≥… (ª≠√Ê2): D:/Projects/yolov5-pyqt5/test_img/12.jpg
2026-04-14 13:12:23,767 - __main__ - INFO - Õº∆¨ºÏ≤‚“—ÕÍ≥… (ª≠√Ê2): D:/Projects/yolov5-pyqt5/test_img/14.jpg
2026-04-14 13:12:26,418 - __main__ - INFO - Õº∆¨ºÏ≤‚“—ÕÍ≥… (ª≠√Ê3): D:/Projects/yolov5-pyqt5/test_img/27.jpg
2026-04-14 13:12:29,939 - __main__ - INFO - Õº∆¨ºÏ≤‚“—ÕÍ≥… (ª≠√Ê3): D:/Projects/yolov5-pyqt5/test_img/20.jpg
2026-04-14 13:12:36,362 - __main__ - INFO - Õº∆¨ºÏ≤‚“—ÕÍ≥… (ª≠√Ê3): D:/Projects/yolov5-pyqt5/test_img/20.jpg
2026-04-14 13:18:45,651 - __main__ - INFO - ”¶”√≥Ã–Ú∆Ù∂Ø
2026-04-14 13:18:46,452 - __main__ - INFO - ƒ£–Õº”‘ÿ≥…π¶: best.onnx
2026-04-14 13:18:46,453 - __main__ - INFO - º”‘ÿ¡À 2 ∏ˆƒ£–ÕŒƒº˛
2026-04-14 13:18:46,650 - __main__ - INFO - ƒ£–Õº”‘ÿ≥…π¶: best.onnx
2026-04-14 13:18:46,656 - __main__ - INFO - ≤Œ ˝ª÷∏¥≥…π¶
2026-04-14 13:18:53,068 - __main__ - INFO - Õº∆¨ºÏ≤‚“—ÕÍ≥… (ª≠√Ê1): D:/Projects/yolov5-pyqt5/test_img/7.jpg
2026-04-14 13:18:58,297 - __main__ - INFO - Õº∆¨ºÏ≤‚“—ÕÍ≥… (ª≠√Ê2): D:/Projects/yolov5-pyqt5/test_img/7.jpg
2026-04-14 13:19:09,583 - __main__ - INFO - Õº∆¨ºÏ≤‚“—ÕÍ≥… (ª≠√Ê3): D:/Projects/yolov5-pyqt5/test_img/2.jpg
2026-04-14 13:19:11,958 - __main__ - INFO - Õº∆¨ºÏ≤‚“—ÕÍ≥… (ª≠√Ê4): D:/Projects/yolov5-pyqt5/test_img/3.jpg
2026-04-14 13:19:16,613 - __main__ - INFO - Õº∆¨ºÏ≤‚“—ÕÍ≥… (ª≠√Ê4): D:/Projects/yolov5-pyqt5/test_img/3.jpg
2026-04-14 13:19:21,144 - __main__ - INFO - Õº∆¨ºÏ≤‚“—ÕÍ≥… (ª≠√Ê5): D:/Projects/yolov5-pyqt5/test_img/14.jpg
2026-04-14 13:19:26,743 - __main__ - INFO - Õº∆¨ºÏ≤‚“—ÕÍ≥… (ª≠√Ê6): D:/Projects/yolov5-pyqt5/test_img/6.jpg
2026-04-14 13:20:58,575 - __main__ - INFO - ”¶”√≥Ã–Ú∆Ù∂Ø
2026-04-14 13:20:59,346 - __main__ - INFO - ƒ£–Õº”‘ÿ≥…π¶: best.onnx
2026-04-14 13:20:59,349 - __main__ - INFO - º”‘ÿ¡À 2 ∏ˆƒ£–ÕŒƒº˛
2026-04-14 13:20:59,538 - __main__ - INFO - ƒ£–Õº”‘ÿ≥…π¶: best.onnx
2026-04-14 13:20:59,545 - __main__ - INFO - ≤Œ ˝ª÷∏¥≥…π¶
2026-04-14 13:23:29,877 - __main__ - INFO - ”¶”√≥Ã–Ú∆Ù∂Ø
2026-04-14 13:23:30,639 - __main__ - INFO - ƒ£–Õº”‘ÿ≥…π¶: best.onnx
2026-04-14 13:23:30,644 - __main__ - INFO - º”‘ÿ¡À 2 ∏ˆƒ£–ÕŒƒº˛
2026-04-14 13:23:30,828 - __main__ - INFO - ƒ£–Õº”‘ÿ≥…π¶: best.onnx
2026-04-14 13:23:30,837 - __main__ - INFO - ≤Œ ˝ª÷∏¥≥…π¶
2026-04-14 13:23:38,643 - __main__ - INFO - Õº∆¨ºÏ≤‚“—ÕÍ≥… (ª≠√Ê1): D:/Projects/yolov5-pyqt5/test_img/7.jpg
2026-04-14 13:24:06,330 - __main__ - INFO - ”¶”√≥Ã–Ú∆Ù∂Ø
2026-04-14 13:24:07,161 - __main__ - INFO - ƒ£–Õº”‘ÿ≥…π¶: best.onnx
2026-04-14 13:24:07,162 - __main__ - INFO - º”‘ÿ¡À 2 ∏ˆƒ£–ÕŒƒº˛
2026-04-14 13:24:07,331 - __main__ - INFO - ƒ£–Õº”‘ÿ≥…π¶: best.onnx
2026-04-14 13:24:07,338 - __main__ - INFO - ≤Œ ˝ª÷∏¥≥…π¶
2026-04-14 13:24:15,350 - __main__ - INFO - Õº∆¨ºÏ≤‚“—ÕÍ≥… (ª≠√Ê1): D:/Projects/yolov5-pyqt5/test_img/6.jpg
2026-04-14 14:14:25,267 - __main__ - INFO - ”¶”√≥Ã–Ú∆Ù∂Ø
2026-04-14 14:14:26,601 - __main__ - INFO - ƒ£–Õº”‘ÿ≥…π¶: best.onnx
2026-04-14 14:14:26,606 - __main__ - INFO - º”‘ÿ¡À 2 ∏ˆƒ£–ÕŒƒº˛
2026-04-14 14:14:26,774 - __main__ - INFO - ƒ£–Õº”‘ÿ≥…π¶: best.onnx
2026-04-14 14:14:26,784 - __main__ - INFO - ≤Œ ˝ª÷∏¥≥…π¶
2026-04-14 14:14:43,459 - __main__ - INFO - ‰Ø¿¿∆˜º”‘ÿ¡À 154 ÃıºÏ≤‚º«¬º
2026-04-14 14:14:48,254 - __main__ - INFO - ‰Ø¿¿∆˜º”‘ÿ¡À 254 ÃıºÏ≤‚º«¬º
2026-04-14 14:14:48,979 - __main__ - INFO - ‰Ø¿¿∆˜º”‘ÿ¡À 283 ÃıºÏ≤‚º«¬º
2026-04-14 14:14:49,984 - __main__ - INFO - ‰Ø¿¿∆˜º”‘ÿ¡À 327 ÃıºÏ≤‚º«¬º
2026-04-14 14:14:50,174 - __main__ - INFO - ‰Ø¿¿∆˜º”‘ÿ¡À 334 ÃıºÏ≤‚º«¬º
2026-04-14 14:14:55,275 - __main__ - INFO - ‰Ø¿¿∆˜º”‘ÿ¡À 482 ÃıºÏ≤‚º«¬º
2026-04-14 14:15:00,227 - __main__ - INFO -  ”∆µºÏ≤‚“—Õ£÷π (ª≠√Ê2): D:/Projects/yolov5-pyqt5/test_img/…˙≥…≤‚ ‘Ãı¥¯ ”∆µ.mp4
2026-04-14 14:15:05,158 - __main__ - INFO -  ”∆µºÏ≤‚“—Õ£÷π (ª≠√Ê1): D:/Projects/yolov5-pyqt5/test_img/ ”∆µ1.mp4
2026-04-14 14:15:05,221 - __main__ - INFO - HTML±®∏Ê“—…˙≥…: ./results\report_20260414_141505.html
2026-04-14 14:15:10,065 - __main__ - INFO - HTML±®∏Ê“—…˙≥…: ./results\report_20260414_141505.html
2026-04-14 14:50:48,378 - __main__ - INFO - ”¶”√≥Ã–Ú∆Ù∂Ø
2026-04-14 14:50:49,708 - __main__ - INFO - ƒ£–Õº”‘ÿ≥…π¶: best.onnx
2026-04-14 14:50:49,708 - __main__ - INFO - º”‘ÿ¡À 2 ∏ˆƒ£–ÕŒƒº˛
2026-04-14 14:50:49,878 - __main__ - INFO - ƒ£–Õº”‘ÿ≥…π¶: best.onnx
2026-04-14 14:50:49,888 - __main__ - INFO - ≤Œ ˝ª÷∏¥≥…π¶
2026-04-14 14:51:04,616 - __main__ - INFO - Õº∆¨ºÏ≤‚“—ÕÍ≥… (ª≠√Ê3): D:/Projects/yolov5-pyqt5/test_img/23.jpg
2026-04-14 14:51:07,321 - __main__ - INFO - Õº∆¨ºÏ≤‚“—ÕÍ≥… (ª≠√Ê4): D:/Projects/yolov5-pyqt5/test_img/16.jpg
2026-04-14 14:51:10,297 - __main__ - INFO - Õº∆¨ºÏ≤‚“—ÕÍ≥… (ª≠√Ê5): D:/Projects/yolov5-pyqt5/test_img/18.jpg
2026-04-14 14:51:12,348 - __main__ - INFO - Õº∆¨ºÏ≤‚“—ÕÍ≥… (ª≠√Ê6): D:/Projects/yolov5-pyqt5/test_img/13.jpg
2026-04-14 14:51:15,239 - __main__ - INFO - Õº∆¨ºÏ≤‚“—ÕÍ≥… (ª≠√Ê7): D:/Projects/yolov5-pyqt5/test_img/24.jpg
2026-04-14 14:51:18,775 - __main__ - INFO - Õº∆¨ºÏ≤‚“—ÕÍ≥… (ª≠√Ê8): D:/Projects/yolov5-pyqt5/test_img/27.jpg
2026-04-14 14:51:22,172 - __main__ - INFO - Õº∆¨ºÏ≤‚“—ÕÍ≥… (ª≠√Ê8): D:/Projects/yolov5-pyqt5/test_img/16.jpg
2026-04-14 14:51:24,411 - __main__ - INFO -  ”∆µºÏ≤‚“—Õ£÷π (ª≠√Ê1): D:/Projects/yolov5-pyqt5/test_img/ ”∆µ1.mp4
2026-04-14 14:51:30,338 - __main__ - INFO -  ”∆µºÏ≤‚“—Õ£÷π (ª≠√Ê2): D:/Projects/yolov5-pyqt5/test_img/ ”∆µ1.mp4
2026-04-14 14:55:42,534 - __main__ - INFO - HTML±®∏Ê“—…˙≥…: ./results\report_20260414_145542.html
2026-04-14 14:55:55,002 - __main__ - INFO - HTML±®∏Ê“—…˙≥…: ./results\report_20260414_145542.html
2026-04-14 15:03:29,985 - __main__ - INFO - ”¶”√≥Ã–Ú∆Ù∂Ø
2026-04-14 15:03:30,761 - __main__ - INFO - ƒ£–Õº”‘ÿ≥…π¶: best.onnx
2026-04-14 15:03:30,761 - __main__ - INFO - º”‘ÿ¡À 2 ∏ˆƒ£–ÕŒƒº˛
2026-04-14 15:03:30,951 - __main__ - INFO - ƒ£–Õº”‘ÿ≥…π¶: best.onnx
2026-04-14 15:03:30,961 - __main__ - INFO - ≤Œ ˝ª÷∏¥≥…π¶
2026-04-14 15:08:10,711 - __main__ - INFO - ”¶”√≥Ã–Ú∆Ù∂Ø
2026-04-14 15:08:11,467 - __main__ - INFO - ƒ£–Õº”‘ÿ≥…π¶: best.onnx
2026-04-14 15:08:11,472 - __main__ - INFO - º”‘ÿ¡À 2 ∏ˆƒ£–ÕŒƒº˛
2026-04-14 15:08:11,658 - __main__ - INFO - ƒ£–Õº”‘ÿ≥…π¶: best.onnx
2026-04-14 15:08:11,668 - __main__ - INFO - ≤Œ ˝ª÷∏¥≥…π¶
2026-04-14 15:08:21,882 - __main__ - INFO - Õº∆¨ºÏ≤‚“—ÕÍ≥… (ª≠√Ê1): D:/Projects/yolov5-pyqt5/test_img/6.jpg
2026-04-14 15:08:44,060 - __main__ - INFO - Õº∆¨ºÏ≤‚“—ÕÍ≥… (ª≠√Ê5): D:/Projects/yolov5-pyqt5/test_img/19.jpg
2026-04-14 15:08:46,141 - __main__ - INFO - Õº∆¨ºÏ≤‚“—ÕÍ≥… (ª≠√Ê6): D:/Projects/yolov5-pyqt5/test_img/12.jpg
2026-04-14 15:08:48,665 - __main__ - INFO - Õº∆¨ºÏ≤‚“—ÕÍ≥… (ª≠√Ê7): D:/Projects/yolov5-pyqt5/test_img/23.jpg
2026-04-14 15:08:51,171 - __main__ - INFO - Õº∆¨ºÏ≤‚“—ÕÍ≥… (ª≠√Ê8): D:/Projects/yolov5-pyqt5/test_img/21.jpg
2026-04-14 15:08:59,028 - __main__ - INFO - ‰Ø¿¿∆˜º”‘ÿ¡À 710 ÃıºÏ≤‚º«¬º
2026-04-14 15:09:01,332 - __main__ - INFO -  ”∆µºÏ≤‚“—Õ£÷π (ª≠√Ê3): D:/Projects/yolov5-pyqt5/test_img/…˙≥…≤‚ ‘Ãı¥¯ ”∆µ.mp4
2026-04-14 15:09:02,950 - __main__ - INFO - ‰Ø¿¿∆˜º”‘ÿ¡À 809 ÃıºÏ≤‚º«¬º
2026-04-14 15:09:03,780 - __main__ - INFO - ‰Ø¿¿∆˜º”‘ÿ¡À 819 ÃıºÏ≤‚º«¬º
2026-04-14 15:09:04,386 - __main__ - INFO - ‰Ø¿¿∆˜º”‘ÿ¡À 823 ÃıºÏ≤‚º«¬º
2026-04-14 15:09:05,026 - __main__ - INFO - ‰Ø¿¿∆˜º”‘ÿ¡À 828 ÃıºÏ≤‚º«¬º
2026-04-14 15:09:05,610 - __main__ - INFO - ‰Ø¿¿∆˜º”‘ÿ¡À 833 ÃıºÏ≤‚º«¬º
2026-04-14 15:09:06,330 - __main__ - INFO - ‰Ø¿¿∆˜º”‘ÿ¡À 837 ÃıºÏ≤‚º«¬º
2026-04-14 15:09:06,941 - __main__ - INFO - ‰Ø¿¿∆˜º”‘ÿ¡À 842 ÃıºÏ≤‚º«¬º
2026-04-14 15:09:07,530 - __main__ - INFO - ‰Ø¿¿∆˜º”‘ÿ¡À 850 ÃıºÏ≤‚º«¬º
2026-04-14 15:09:08,127 - __main__ - INFO - ‰Ø¿¿∆˜º”‘ÿ¡À 859 ÃıºÏ≤‚º«¬º
2026-04-14 15:09:13,328 - __main__ - INFO -  ”∆µºÏ≤‚“—Õ£÷π (ª≠√Ê2): D:/Projects/yolov5-pyqt5/test_img/ ”∆µ1.mp4
2026-04-14 15:09:19,770 - __main__ - INFO -  ”∆µºÏ≤‚“—Õ£÷π (ª≠√Ê4): D:/Projects/yolov5-pyqt5/test_img/ ”∆µ1.mp4
2026-04-14 15:09:20,345 - __main__ - INFO - HTML±®∏Ê“—…˙≥…: ./results\report_20260414_150920.html
2026-04-14 15:09:36,301 - __main__ - INFO - HTML±®∏Ê“—…˙≥…: ./results\report_20260414_150920.html
2026-04-14 15:23:38,025 - __main__ - INFO - ”¶”√≥Ã–Ú∆Ù∂Ø
2026-04-14 15:23:38,840 - __main__ - INFO - ƒ£–Õº”‘ÿ≥…π¶: best.onnx
2026-04-14 15:23:38,840 - __main__ - INFO - º”‘ÿ¡À 2 ∏ˆƒ£–ÕŒƒº˛
2026-04-14 15:23:39,015 - __main__ - INFO - ƒ£–Õº”‘ÿ≥…π¶: best.onnx
2026-04-14 15:23:39,030 - __main__ - INFO - ≤Œ ˝ª÷∏¥≥…π¶
2026-04-14 15:24:04,107 - __main__ - INFO - Õº∆¨ºÏ≤‚“—ÕÍ≥… (ª≠√Ê3): D:/Projects/yolov5-pyqt5/test_img/22.jpg
2026-04-14 15:24:06,790 - __main__ - INFO - Õº∆¨ºÏ≤‚“—ÕÍ≥… (ª≠√Ê4): D:/Projects/yolov5-pyqt5/test_img/16.jpg
2026-04-14 15:24:12,205 - __main__ - INFO - Õº∆¨ºÏ≤‚“—ÕÍ≥… (ª≠√Ê5): D:/Projects/yolov5-pyqt5/test_img/14.jpg
2026-04-14 15:24:12,667 - __main__ - INFO -  ”∆µºÏ≤‚“—Õ£÷π (ª≠√Ê2): D:/Projects/yolov5-pyqt5/test_img/…˙≥…≤‚ ‘Ãı¥¯ ”∆µ.mp4
2026-04-14 15:24:15,308 - __main__ - INFO - Õº∆¨ºÏ≤‚“—ÕÍ≥… (ª≠√Ê6): D:/Projects/yolov5-pyqt5/test_img/31.jpg
2026-04-14 15:24:17,936 - __main__ - INFO -  ”∆µºÏ≤‚“—Õ£÷π (ª≠√Ê1): D:/Projects/yolov5-pyqt5/test_img/ ”∆µ1.mp4
2026-04-14 15:24:18,541 - __main__ - INFO - Õº∆¨ºÏ≤‚“—ÕÍ≥… (ª≠√Ê7): D:/Projects/yolov5-pyqt5/test_img/14.jpg
2026-04-14 15:24:21,223 - __main__ - INFO - Õº∆¨ºÏ≤‚“—ÕÍ≥… (ª≠√Ê8): D:/Projects/yolov5-pyqt5/test_img/20.jpg
2026-04-14 15:24:32,765 - __main__ - INFO - HTML±®∏Ê“—…˙≥…: ./results\report_20260414_152432.html
2026-04-14 17:55:10,972 - __main__ - INFO - ”¶”√≥Ã–Ú∆Ù∂Ø
2026-04-14 17:55:12,297 - __main__ - INFO - ƒ£–Õº”‘ÿ≥…π¶: best.onnx
2026-04-14 17:55:12,302 - __main__ - INFO - º”‘ÿ¡À 2 ∏ˆƒ£–ÕŒƒº˛
2026-04-14 17:55:12,469 - __main__ - INFO - ƒ£–Õº”‘ÿ≥…π¶: best.onnx
2026-04-14 17:55:12,484 - __main__ - INFO - ≤Œ ˝ª÷∏¥≥…π¶
2026-04-14 17:55:22,891 - __main__ - INFO - Õº∆¨ºÏ≤‚“—ÕÍ≥… (ª≠√Ê2): D:/Projects/yolov5-pyqt5/test_img/6.jpg
2026-04-14 17:55:25,889 - __main__ - INFO - Õº∆¨ºÏ≤‚“—ÕÍ≥… (ª≠√Ê3): D:/Projects/yolov5-pyqt5/test_img/14.jpg
2026-04-14 17:55:28,560 - __main__ - INFO - Õº∆¨ºÏ≤‚“—ÕÍ≥… (ª≠√Ê4): D:/Projects/yolov5-pyqt5/test_img/15.jpg
2026-04-14 17:55:31,330 - __main__ - INFO - Õº∆¨ºÏ≤‚“—ÕÍ≥… (ª≠√Ê5): D:/Projects/yolov5-pyqt5/test_img/18.jpg
2026-04-14 17:55:34,171 - __main__ - INFO - Õº∆¨ºÏ≤‚“—ÕÍ≥… (ª≠√Ê6): D:/Projects/yolov5-pyqt5/test_img/17.jpg
2026-04-14 17:55:37,071 - __main__ - INFO - Õº∆¨ºÏ≤‚“—ÕÍ≥… (ª≠√Ê7): D:/Projects/yolov5-pyqt5/test_img/42.jpg
2026-04-14 17:55:39,835 - __main__ - INFO - Õº∆¨ºÏ≤‚“—ÕÍ≥… (ª≠√Ê8): D:/Projects/yolov5-pyqt5/test_img/12.jpg
2026-04-14 17:55:40,030 - __main__ - INFO -  ”∆µºÏ≤‚“—Õ£÷π (ª≠√Ê1): D:/Projects/yolov5-pyqt5/test_img/ ”∆µ1.mp4
2026-04-14 17:56:36,645 - __main__ - INFO -  ”∆µºÏ≤‚“—Õ£÷π (ª≠√Ê2): D:/Projects/yolov5-pyqt5/test_img/…˙≥…≤‚ ‘Ãı¥¯ ”∆µ.mp4
2026-04-14 17:56:41,853 - __main__ - INFO -  ”∆µºÏ≤‚“—Õ£÷π (ª≠√Ê3): D:/Projects/yolov5-pyqt5/test_img/…˙≥…≤‚ ‘Ãı¥¯ ”∆µ.mp4
2026-04-14 17:57:11,783 - __main__ - INFO - HTML±®∏Ê“—…˙≥…: ./results\report_20260414_175711.html
2026-04-14 17:57:36,082 - __main__ - INFO - HTML±®∏Ê“—…˙≥…: ./results\report_20260414_175711.html
2026-04-14 17:57:43,716 - __main__ - INFO - ‰Ø¿¿∆˜º”‘ÿ¡À 1135 ÃıºÏ≤‚º«¬º
2026-04-14 17:59:37,563 - __main__ - INFO - Õº∆¨ºÏ≤‚“—ÕÍ≥… (ª≠√Ê5): D:/Projects/yolov5-pyqt5/test_img/22.jpg
2026-04-15 14:54:43,316 - __main__ - INFO - ”¶”√≥Ã–Ú∆Ù∂Ø
2026-04-15 14:54:44,681 - __main__ - INFO - ƒ£–Õº”‘ÿ≥…π¶: best.onnx
2026-04-15 14:54:44,683 - __main__ - INFO - º”‘ÿ¡À 2 ∏ˆƒ£–ÕŒƒº˛
2026-04-15 14:54:44,851 - __main__ - INFO - ƒ£–Õº”‘ÿ≥…π¶: best.onnx
2026-04-15 14:54:44,861 - __main__ - INFO - ≤Œ ˝ª÷∏¥≥…π¶
2026-04-15 14:54:48,337 - __main__ - INFO - ƒ£–Õº”‘ÿ≥…π¶: yolov5s.onnx
2026-04-15 15:02:25,220 - __main__ - INFO - ”¶”√≥Ã–Ú∆Ù∂Ø
2026-04-15 15:02:26,035 - __main__ - INFO - ƒ£–Õº”‘ÿ≥…π¶: best.onnx
2026-04-15 15:02:26,038 - __main__ - INFO - º”‘ÿ¡À 2 ∏ˆƒ£–ÕŒƒº˛
2026-04-15 15:02:26,214 - __main__ - INFO - ƒ£–Õº”‘ÿ≥…π¶: best.onnx
2026-04-15 15:02:26,222 - __main__ - INFO - ≤Œ ˝ª÷∏¥≥…π¶
2026-04-15 15:02:54,653 - __main__ - INFO -  ”∆µºÏ≤‚“—Õ£÷π (ª≠√Ê1): D:/Projects/yolov5-pyqt5/test_img/…˙≥…≤‚ ‘Ãı¥¯ ”∆µ.mp4
2026-04-15 15:06:21,688 - __main__ - INFO - ”¶”√≥Ã–Ú∆Ù∂Ø
2026-04-15 15:06:22,509 - __main__ - INFO - ƒ£–Õº”‘ÿ≥…π¶: best.onnx
2026-04-15 15:06:22,511 - __main__ - INFO - º”‘ÿ¡À 2 ∏ˆƒ£–ÕŒƒº˛
2026-04-15 15:06:22,683 - __main__ - INFO - ƒ£–Õº”‘ÿ≥…π¶: best.onnx
2026-04-15 15:06:22,691 - __main__ - INFO - ≤Œ ˝ª÷∏¥≥…π¶
2026-04-15 15:08:48,666 - __main__ - ERROR - RTSP¥ÌŒÛ (ª≠√Ê1): __init__() got an unexpected keyword argument 'rtsp_timeout'
Traceback (most recent call last):
  File "main.py", line 591, in start_rtsp
    self.feed_video_captures[feed_id] = VideoCapture(
TypeError: __init__() got an unexpected keyword argument 'rtsp_timeout'
2026-04-15 15:09:23,255 - __main__ - INFO - ”¶”√≥Ã–Ú∆Ù∂Ø
2026-04-15 15:09:24,053 - __main__ - INFO - ƒ£–Õº”‘ÿ≥…π¶: best.onnx
2026-04-15 15:09:24,054 - __main__ - INFO - º”‘ÿ¡À 2 ∏ˆƒ£–ÕŒƒº˛
2026-04-15 15:09:24,230 - __main__ - INFO - ƒ£–Õº”‘ÿ≥…π¶: best.onnx
2026-04-15 15:09:24,239 - __main__ - INFO - ≤Œ ˝ª÷∏¥≥…π¶
2026-04-15 15:11:54,421 - __main__ - INFO - ”¶”√≥Ã–Ú∆Ù∂Ø
2026-04-15 15:11:55,271 - __main__ - INFO - ƒ£–Õº”‘ÿ≥…π¶: best.onnx
2026-04-15 15:11:55,274 - __main__ - INFO - º”‘ÿ¡À 2 ∏ˆƒ£–ÕŒƒº˛
2026-04-15 15:11:55,454 - __main__ - INFO - ƒ£–Õº”‘ÿ≥…π¶: best.onnx
2026-04-15 15:11:55,462 - __main__ - INFO - ≤Œ ˝ª÷∏¥≥…π¶
2026-04-15 15:12:14,614 - __main__ - ERROR - RTSP¥ÌŒÛ (ª≠√Ê1): __init__() got an unexpected keyword argument 'rtsp_timeout'
Traceback (most recent call last):
  File "main.py", line 612, in start_rtsp
    self.feed_video_captures[feed_id] = VideoCapture(
TypeError: __init__() got an unexpected keyword argument 'rtsp_timeout'
2026-04-15 15:13:06,812 - __main__ - INFO - ”¶”√≥Ã–Ú∆Ù∂Ø
2026-04-15 15:13:07,710 - __main__ - INFO - ƒ£–Õº”‘ÿ≥…π¶: best.onnx
2026-04-15 15:13:07,713 - __main__ - INFO - º”‘ÿ¡À 2 ∏ˆƒ£–ÕŒƒº˛
2026-04-15 15:13:07,909 - __main__ - INFO - ƒ£–Õº”‘ÿ≥…π¶: best.onnx
2026-04-15 15:13:07,919 - __main__ - INFO - ≤Œ ˝ª÷∏¥≥…π¶
2026-04-15 15:13:34,645 - __main__ - INFO - ”¶”√≥Ã–Ú∆Ù∂Ø
2026-04-15 15:13:35,395 - __main__ - INFO - ƒ£–Õº”‘ÿ≥…π¶: best.onnx
2026-04-15 15:13:35,397 - __main__ - INFO - º”‘ÿ¡À 2 ∏ˆƒ£–ÕŒƒº˛
2026-04-15 15:13:35,565 - __main__ - INFO - ƒ£–Õº”‘ÿ≥…π¶: best.onnx
2026-04-15 15:13:35,571 - __main__ - INFO - ≤Œ ˝ª÷∏¥≥…π¶
2026-04-15 15:13:45,276 - video_capture - INFO - ø™ º¡¨Ω”: rtsp://192.168.1.100:554/stream
2026-04-15 15:13:45,276 - video_capture - INFO - ¡¨Ω”RTSP¡˜: rtsp://192.168.1.100:554/stream
2026-04-15 15:13:48,530 - video_capture - INFO - ø™ º¡¨Ω”: rtsp://192.168.1.100:554/stream
2026-04-15 15:13:48,530 - video_capture - INFO - ¡¨Ω”RTSP¡˜: rtsp://192.168.1.100:554/stream
2026-04-15 15:13:49,020 - video_capture - INFO - ø™ º¡¨Ω”: rtsp://192.168.1.100:554/stream
2026-04-15 15:13:49,020 - video_capture - INFO - ¡¨Ω”RTSP¡˜: rtsp://192.168.1.100:554/stream
2026-04-15 15:13:50,267 - video_capture - INFO - ø™ º¡¨Ω”: rtsp://192.168.1.100:554/stream
2026-04-15 15:13:50,268 - video_capture - INFO - ¡¨Ω”RTSP¡˜: rtsp://192.168.1.100:554/stream
2026-04-15 15:13:55,281 - video_capture - WARNING - ¡¨Ω”≥¨ ±(>10√Î): rtsp://192.168.1.100:554/stream
2026-04-15 15:13:55,281 - __main__ - ERROR - RTSP¥ÌŒÛ (ª≠√Ê1): Œﬁ∑®¡¨Ω”RTSP: rtsp://192.168.1.100:554/stream
Traceback (most recent call last):
  File "main.py", line 620, in start_rtsp
    raise RuntimeError(f"Œﬁ∑®¡¨Ω”RTSP: {rtsp_url}")
RuntimeError: Œﬁ∑®¡¨Ω”RTSP: rtsp://192.168.1.100:554/stream
2026-04-15 15:13:58,543 - video_capture - WARNING - ¡¨Ω”≥¨ ±(>10√Î): rtsp://192.168.1.100:554/stream
2026-04-15 15:13:58,543 - __main__ - ERROR - RTSP¥ÌŒÛ (ª≠√Ê1): Œﬁ∑®¡¨Ω”RTSP: rtsp://192.168.1.100:554/stream
Traceback (most recent call last):
  File "main.py", line 620, in start_rtsp
    raise RuntimeError(f"Œﬁ∑®¡¨Ω”RTSP: {rtsp_url}")
RuntimeError: Œﬁ∑®¡¨Ω”RTSP: rtsp://192.168.1.100:554/stream
2026-04-15 15:13:58,677 - video_capture - INFO - ’˝‘⁄Õ£÷π≤…ºØœﬂ≥Ã...
2026-04-15 15:13:59,024 - video_capture - WARNING - ¡¨Ω”≥¨ ±(>10√Î): rtsp://192.168.1.100:554/stream
2026-04-15 15:13:59,025 - __main__ - ERROR - RTSP¥ÌŒÛ (ª≠√Ê1): Œﬁ∑®¡¨Ω”RTSP: rtsp://192.168.1.100:554/stream
Traceback (most recent call last):
  File "main.py", line 620, in start_rtsp
    raise RuntimeError(f"Œﬁ∑®¡¨Ω”RTSP: {rtsp_url}")
RuntimeError: Œﬁ∑®¡¨Ω”RTSP: rtsp://192.168.1.100:554/stream
2026-04-15 15:14:00,588 - video_capture - WARNING - ¡¨Ω”≥¨ ±(>10√Î): rtsp://192.168.1.100:554/stream
2026-04-15 15:14:00,589 - __main__ - ERROR - RTSP¥ÌŒÛ (ª≠√Ê1): Œﬁ∑®¡¨Ω”RTSP: rtsp://192.168.1.100:554/stream
Traceback (most recent call last):
  File "main.py", line 620, in start_rtsp
    raise RuntimeError(f"Œﬁ∑®¡¨Ω”RTSP: {rtsp_url}")
RuntimeError: Œﬁ∑®¡¨Ω”RTSP: rtsp://192.168.1.100:554/stream
2026-04-15 15:18:37,570 - __main__ - INFO - ”¶”√≥Ã–Ú∆Ù∂Ø
2026-04-15 15:18:38,387 - __main__ - INFO - ƒ£–Õº”‘ÿ≥…π¶: best.onnx
2026-04-15 15:18:38,389 - __main__ - INFO - º”‘ÿ¡À 2 ∏ˆƒ£–ÕŒƒº˛
2026-04-15 15:18:38,568 - __main__ - INFO - ƒ£–Õº”‘ÿ≥…π¶: best.onnx
2026-04-15 15:18:38,575 - __main__ - INFO - ≤Œ ˝ª÷∏¥≥…π¶
2026-04-15 15:18:46,327 - video_capture - INFO - ¡¨Ω” ”∆µ‘¥: rtsp://192.168.1.100:554/stream
2026-04-15 15:18:46,327 - video_capture - INFO - ¡¨Ω”RTSP¡˜: rtsp://192.168.1.100:554/stream
2026-04-15 15:19:10,907 - video_capture - INFO - ¡¨Ω” ”∆µ‘¥: rtsp://192.168.1.100:554/stream
2026-04-15 15:19:10,907 - video_capture - INFO - ¡¨Ω”RTSP¡˜: rtsp://192.168.1.100:554/stream
2026-04-15 15:19:47,292 - video_capture - INFO - ¡¨Ω” ”∆µ‘¥: rtsp://admin:admin@192.168.1.64:554/stream1
2026-04-15 15:19:47,293 - video_capture - INFO - ¡¨Ω”RTSP¡˜: rtsp://admin:admin@192.168.1.64:554/stream1
2026-04-15 15:20:17,882 - video_capture - ERROR - ¡¨Ω” ß∞‹: module 'cv2' has no attribute 'CAP_PROP_CONNECT_TIMEOUT'
2026-04-15 15:20:17,884 - __main__ - ERROR - RTSP¥ÌŒÛ: RTSP¡¨Ω” ß∞‹£¨«ÎºÏ≤Èµÿ÷∑:
rtsp://192.168.1.100:554/stream
Traceback (most recent call last):
  File "main.py", line 619, in start_rtsp
    raise RuntimeError(f"RTSP¡¨Ω” ß∞‹£¨«ÎºÏ≤Èµÿ÷∑:\n{rtsp_url}")
RuntimeError: RTSP¡¨Ω” ß∞‹£¨«ÎºÏ≤Èµÿ÷∑:
rtsp://192.168.1.100:554/stream
2026-04-15 15:20:47,632 - video_capture - ERROR - ¡¨Ω” ß∞‹: module 'cv2' has no attribute 'CAP_PROP_CONNECT_TIMEOUT'
2026-04-15 15:20:47,633 - __main__ - ERROR - RTSP¥ÌŒÛ: RTSP¡¨Ω” ß∞‹£¨«ÎºÏ≤Èµÿ÷∑:
rtsp://192.168.1.100:554/stream
Traceback (most recent call last):
  File "main.py", line 619, in start_rtsp
    raise RuntimeError(f"RTSP¡¨Ω” ß∞‹£¨«ÎºÏ≤Èµÿ÷∑:\n{rtsp_url}")
RuntimeError: RTSP¡¨Ω” ß∞‹£¨«ÎºÏ≤Èµÿ÷∑:
rtsp://192.168.1.100:554/stream
2026-04-15 15:21:18,551 - video_capture - ERROR - ¡¨Ω” ß∞‹: module 'cv2' has no attribute 'CAP_PROP_CONNECT_TIMEOUT'
2026-04-15 15:21:18,552 - __main__ - ERROR - RTSP¥ÌŒÛ: RTSP¡¨Ω” ß∞‹£¨«ÎºÏ≤Èµÿ÷∑:
rtsp://admin:admin@192.168.1.64:554/stream1
Traceback (most recent call last):
  File "main.py", line 619, in start_rtsp
    raise RuntimeError(f"RTSP¡¨Ω” ß∞‹£¨«ÎºÏ≤Èµÿ÷∑:\n{rtsp_url}")
RuntimeError: RTSP¡¨Ω” ß∞‹£¨«ÎºÏ≤Èµÿ÷∑:
rtsp://admin:admin@192.168.1.64:554/stream1
2026-04-15 15:24:10,871 - __main__ - INFO - ”¶”√≥Ã–Ú∆Ù∂Ø
2026-04-15 15:24:11,669 - __main__ - INFO - ƒ£–Õº”‘ÿ≥…π¶: best.onnx
2026-04-15 15:24:11,670 - __main__ - INFO - º”‘ÿ¡À 2 ∏ˆƒ£–ÕŒƒº˛
2026-04-15 15:24:11,850 - __main__ - INFO - ƒ£–Õº”‘ÿ≥…π¶: best.onnx
2026-04-15 15:24:11,856 - __main__ - INFO - ≤Œ ˝ª÷∏¥≥…π¶
2026-04-15 15:24:27,117 - video_capture - INFO - ¡¨Ω” ”∆µ‘¥: rtsp://192.168.1.100:554/stream
2026-04-15 15:24:27,117 - video_capture - INFO - ¡¨Ω”RTSP¡˜: rtsp://192.168.1.100:554/stream
2026-04-15 15:25:21,020 - video_capture - INFO - ¡¨Ω” ”∆µ‘¥: rtsp://192.168.1.100:554/stream
2026-04-15 15:25:21,020 - video_capture - INFO - ¡¨Ω”RTSP¡˜: rtsp://192.168.1.100:554/stream
2026-04-15 15:26:19,577 - __main__ - INFO - ”¶”√≥Ã–Ú∆Ù∂Ø
2026-04-15 15:26:20,346 - __main__ - INFO - ƒ£–Õº”‘ÿ≥…π¶: best.onnx
2026-04-15 15:26:20,348 - __main__ - INFO - º”‘ÿ¡À 2 ∏ˆƒ£–ÕŒƒº˛
2026-04-15 15:26:20,532 - __main__ - INFO - ƒ£–Õº”‘ÿ≥…π¶: best.onnx
2026-04-15 15:26:20,538 - __main__ - INFO - ≤Œ ˝ª÷∏¥≥…π¶
2026-04-15 15:26:30,666 - __main__ - INFO - Õº∆¨ºÏ≤‚“—ÕÍ≥… (ª≠√Ê2): D:/Projects/yolov5-pyqt5/test_img/13.jpg
2026-04-16 09:44:42,554 - __main__ - INFO - ”¶”√≥Ã–Ú∆Ù∂Ø
2026-04-16 09:44:44,061 - __main__ - INFO - ƒ£–Õº”‘ÿ≥…π¶: best.onnx
2026-04-16 09:44:44,061 - __main__ - INFO - º”‘ÿ¡À 2 ∏ˆƒ£–ÕŒƒº˛
2026-04-16 09:44:44,234 - __main__ - INFO - ƒ£–Õº”‘ÿ≥…π¶: best.onnx
2026-04-16 09:44:44,247 - __main__ - INFO - ≤Œ ˝ª÷∏¥≥…π¶
2026-04-16 09:45:04,367 - __main__ - INFO -  ”∆µºÏ≤‚“—Õ£÷π (ª≠√Ê2): D:/Projects/yolov5-pyqt5/test_img/…˙≥…≤‚ ‘Ãı¥¯ ”∆µ.mp4
2026-04-16 09:45:13,889 - __main__ - INFO -  ”∆µºÏ≤‚“—Õ£÷π (ª≠√Ê1): D:/Projects/yolov5-pyqt5/test_img/ ”∆µ1.mp4
2026-04-16 09:45:23,333 - __main__ - INFO - Õº∆¨ºÏ≤‚“—ÕÍ≥… (ª≠√Ê3): D:/Projects/yolov5-pyqt5/test_img/21.jpg
2026-04-16 09:45:27,482 - __main__ - INFO -  ”∆µºÏ≤‚“—Õ£÷π (ª≠√Ê2): D:/Projects/yolov5-pyqt5/test_img/…˙≥…≤‚ ‘Ãı¥¯ ”∆µ.mp4
2026-04-16 09:45:30,349 - __main__ - INFO - ‰Ø¿¿∆˜º”‘ÿ¡À 778 ÃıºÏ≤‚º«¬º
2026-04-16 09:45:40,850 - __main__ - INFO - HTML±®∏Ê“—…˙≥…: ./results\report_20260416_094540.html
2026-04-16 11:43:50,072 - __main__ - INFO - ”¶”√≥Ã–Ú∆Ù∂Ø
2026-04-16 11:43:51,275 - __main__ - INFO - ƒ£–Õº”‘ÿ≥…π¶: best.onnx
2026-04-16 11:43:51,275 - __main__ - INFO - º”‘ÿ¡À 2 ∏ˆƒ£–ÕŒƒº˛
2026-04-16 11:43:51,450 - __main__ - INFO - ƒ£–Õº”‘ÿ≥…π¶: best.onnx
2026-04-16 11:43:51,465 - __main__ - INFO - ≤Œ ˝ª÷∏¥≥…π¶
2026-04-16 11:44:10,790 - __main__ - INFO - Õº∆¨ºÏ≤‚“—ÕÍ≥… (ª≠√Ê2): D:/Projects/yolov5-pyqt5/test_img/14.jpg
2026-04-16 11:44:13,545 - __main__ - INFO - Õº∆¨ºÏ≤‚“—ÕÍ≥… (ª≠√Ê3): D:/Projects/yolov5-pyqt5/test_img/14.jpg
2026-04-16 11:44:16,186 - __main__ - INFO - Õº∆¨ºÏ≤‚“—ÕÍ≥… (ª≠√Ê4): D:/Projects/yolov5-pyqt5/test_img/32.jpg
2026-04-16 11:44:20,335 - __main__ - INFO -  ”∆µºÏ≤‚“—Õ£÷π (ª≠√Ê1): D:/Projects/yolov5-pyqt5/test_img/ ”∆µ1.mp4
2026-04-16 11:44:23,144 - __main__ - INFO - Õº∆¨ºÏ≤‚“—ÕÍ≥… (ª≠√Ê5): D:/Projects/yolov5-pyqt5/test_img/35.jpg
2026-04-16 11:44:47,225 - __main__ - INFO - HTML±®∏Ê“—…˙≥…: ./results\report_20260416_114447.html
2026-04-16 20:08:29,005 - __main__ - INFO - ”¶”√≥Ã–Ú∆Ù∂Ø
2026-04-16 20:08:30,344 - __main__ - INFO - ƒ£–Õº”‘ÿ≥…π¶: best.onnx
2026-04-16 20:08:30,344 - __main__ - INFO - º”‘ÿ¡À 2 ∏ˆƒ£–ÕŒƒº˛
2026-04-16 20:08:30,517 - __main__ - INFO - ƒ£–Õº”‘ÿ≥…π¶: best.onnx
2026-04-16 20:08:30,527 - __main__ - INFO - ≤Œ ˝ª÷∏¥≥…π¶
2026-04-16 20:08:37,058 - __main__ - INFO - Õº∆¨ºÏ≤‚“—ÕÍ≥… (ª≠√Ê1): D:/Projects/yolov5-pyqt5/test_img/1.jpg
2026-04-16 20:08:44,220 - __main__ - INFO - Õº∆¨ºÏ≤‚“—ÕÍ≥… (ª≠√Ê1): D:/Projects/yolov5-pyqt5/test_img/5.jpg
2026-04-16 20:08:47,254 - __main__ - INFO - Õº∆¨ºÏ≤‚“—ÕÍ≥… (ª≠√Ê2): D:/Projects/yolov5-pyqt5/test_img/10.jpg
2026-04-16 20:08:52,206 - __main__ - INFO - Õº∆¨ºÏ≤‚“—ÕÍ≥… (ª≠√Ê3): D:/Projects/yolov5-pyqt5/test_img/22.jpg
2026-04-16 20:08:59,016 - __main__ - INFO - Õº∆¨ºÏ≤‚“—ÕÍ≥… (ª≠√Ê4): D:/Projects/yolov5-pyqt5/test_img/10.jpg
2026-04-16 20:09:01,935 - __main__ - INFO - Õº∆¨ºÏ≤‚“—ÕÍ≥… (ª≠√Ê5): D:/Projects/yolov5-pyqt5/test_img/40.jpg
2026-04-16 20:09:07,187 - __main__ - INFO - Õº∆¨ºÏ≤‚“—ÕÍ≥… (ª≠√Ê5): D:/Projects/yolov5-pyqt5/test_img/32.jpg
2026-04-16 20:09:11,117 - __main__ - INFO - Õº∆¨ºÏ≤‚“—ÕÍ≥… (ª≠√Ê6): D:/Projects/yolov5-pyqt5/test_img/9.jpg
2026-04-16 20:09:15,219 - __main__ - INFO - Õº∆¨ºÏ≤‚“—ÕÍ≥… (ª≠√Ê7): D:/Projects/yolov5-pyqt5/test_img/39.jpg
2026-04-16 20:09:18,360 - __main__ - INFO - Õº∆¨ºÏ≤‚“—ÕÍ≥… (ª≠√Ê8): D:/Projects/yolov5-pyqt5/test_img/32.jpg
2026-04-17 09:08:55,491 - __main__ - INFO - ”¶”√≥Ã–Ú∆Ù∂Ø
2026-04-17 09:08:56,952 - __main__ - INFO - ƒ£–Õº”‘ÿ≥…π¶: best.onnx
2026-04-17 09:08:56,954 - __main__ - INFO - º”‘ÿ¡À 2 ∏ˆƒ£–ÕŒƒº˛
2026-04-17 09:08:57,154 - __main__ - INFO - ƒ£–Õº”‘ÿ≥…π¶: best.onnx
2026-04-17 09:08:57,167 - __main__ - INFO - ≤Œ ˝ª÷∏¥≥…π¶
2026-04-17 09:09:23,636 - __main__ - INFO - Õº∆¨ºÏ≤‚“—ÕÍ≥… (ª≠√Ê2): D:/Projects/yolov5-pyqt5/test_img/14.jpg
2026-04-17 09:09:25,257 - __main__ - INFO -  ”∆µºÏ≤‚“—Õ£÷π (ª≠√Ê1): D:/Projects/yolov5-pyqt5/test_img/ ”∆µ1.mp4
2026-04-17 09:09:25,967 - __main__ - INFO - Õº∆¨ºÏ≤‚“—ÕÍ≥… (ª≠√Ê3): D:/Projects/yolov5-pyqt5/test_img/8.jpg
2026-04-17 09:09:29,421 - __main__ - INFO - Õº∆¨ºÏ≤‚“—ÕÍ≥… (ª≠√Ê4): D:/Projects/yolov5-pyqt5/test_img/16.jpg
2026-04-17 09:09:33,277 - __main__ - INFO - Õº∆¨ºÏ≤‚“—ÕÍ≥… (ª≠√Ê5): D:/Projects/yolov5-pyqt5/test_img/9.jpg
2026-04-17 09:09:39,021 - __main__ - INFO - Õº∆¨ºÏ≤‚“—ÕÍ≥… (ª≠√Ê6): D:/Projects/yolov5-pyqt5/test_img/15.jpg
2026-04-17 09:09:47,625 - __main__ - INFO - Õº∆¨ºÏ≤‚“—ÕÍ≥… (ª≠√Ê7): D:/Projects/yolov5-pyqt5/test_img/32.jpg
2026-04-17 09:09:52,420 - __main__ - INFO - Õº∆¨ºÏ≤‚“—ÕÍ≥… (ª≠√Ê8): D:/Projects/yolov5-pyqt5/test_img/52.jpg
2026-04-17 15:18:45,728 - __main__ - INFO - ”¶”√≥Ã–Ú∆Ù∂Ø
2026-04-17 15:18:46,966 - __main__ - INFO - ƒ£–Õº”‘ÿ≥…π¶: best.onnx
2026-04-17 15:18:46,966 - __main__ - INFO - º”‘ÿ¡À 2 ∏ˆƒ£–ÕŒƒº˛
2026-04-17 15:18:47,135 - __main__ - INFO - ƒ£–Õº”‘ÿ≥…π¶: best.onnx
2026-04-17 15:18:47,150 - __main__ - INFO - ≤Œ ˝ª÷∏¥≥…π¶
2026-04-17 15:18:59,561 - __main__ - INFO -  ”∆µºÏ≤‚“—Õ£÷π (ª≠√Ê1): D:/Projects/yolov5-pyqt5/test_img/…˙≥…≤‚ ‘Ãı¥¯ ”∆µ.mp4
2026-04-17 15:19:09,589 - __main__ - INFO - Õº∆¨ºÏ≤‚“—ÕÍ≥… (ª≠√Ê2): D:/Projects/yolov5-pyqt5/test_img/17.jpg
2026-04-17 15:19:12,128 - __main__ - INFO - Õº∆¨ºÏ≤‚“—ÕÍ≥… (ª≠√Ê3): D:/Projects/yolov5-pyqt5/test_img/15.jpg
2026-04-17 15:19:14,726 - __main__ - INFO - Õº∆¨ºÏ≤‚“—ÕÍ≥… (ª≠√Ê4): D:/Projects/yolov5-pyqt5/test_img/28.jpg
2026-04-17 15:19:17,584 - __main__ - INFO - Õº∆¨ºÏ≤‚“—ÕÍ≥… (ª≠√Ê5): D:/Projects/yolov5-pyqt5/test_img/34.jpg
2026-04-17 15:19:21,790 - __main__ - INFO - Õº∆¨ºÏ≤‚“—ÕÍ≥… (ª≠√Ê6): D:/Projects/yolov5-pyqt5/test_img/35.jpg
2026-04-17 15:19:24,065 - __main__ - INFO -  ”∆µºÏ≤‚“—Õ£÷π (ª≠√Ê1): D:/Projects/yolov5-pyqt5/test_img/ ”∆µ1.mp4
2026-04-17 15:19:25,641 - __main__ - INFO - Õº∆¨ºÏ≤‚“—ÕÍ≥… (ª≠√Ê7): D:/Projects/yolov5-pyqt5/test_img/54.jpg
2026-04-17 15:19:40,689 - __main__ - INFO -  ”∆µºÏ≤‚“—Õ£÷π (ª≠√Ê8): D:/Projects/yolov5-pyqt5/test_img/ ”∆µ2.mp4
2026-04-17 15:19:45,578 - __main__ - INFO - HTML±®∏Ê“—…˙≥…: ./results\report_20260417_151945.html
2026-04-17 15:19:59,534 - __main__ - INFO - HTML±®∏Ê“—…˙≥…: ./results\report_20260417_151945.html
2026-04-21 10:46:15,589 - __main__ - INFO - ”¶”√≥Ã–Ú∆Ù∂Ø
2026-04-21 10:46:17,039 - __main__ - INFO - ƒ£–Õº”‘ÿ≥…π¶: best.onnx
2026-04-21 10:46:17,044 - __main__ - INFO - º”‘ÿ¡À 2 ∏ˆƒ£–ÕŒƒº˛
2026-04-21 10:46:17,225 - __main__ - INFO - ƒ£–Õº”‘ÿ≥…π¶: best.onnx
2026-04-21 10:46:17,240 - __main__ - INFO - ≤Œ ˝ª÷∏¥≥…π¶
2026-04-21 17:44:36,010 - __main__ - INFO - ”¶”√≥Ã–Ú∆Ù∂Ø
2026-04-21 17:44:37,449 - __main__ - INFO - ƒ£–Õº”‘ÿ≥…π¶: best.onnx
2026-04-21 17:44:37,449 - __main__ - INFO - º”‘ÿ¡À 2 ∏ˆƒ£–ÕŒƒº˛
2026-04-21 17:44:37,681 - __main__ - INFO - ƒ£–Õº”‘ÿ≥…π¶: best.onnx
2026-04-21 17:44:37,701 - __main__ - INFO - ≤Œ ˝ª÷∏¥≥…π¶
2026-04-24 10:03:58,243 - __main__ - INFO - ”¶”√≥Ã–Ú∆Ù∂Ø
2026-04-24 10:03:59,789 - __main__ - INFO - ƒ£–Õº”‘ÿ≥…π¶: best.onnx
2026-04-24 10:03:59,789 - __main__ - INFO - º”‘ÿ¡À 2 ∏ˆƒ£–ÕŒƒº˛
2026-04-24 10:03:59,967 - __main__ - INFO - ƒ£–Õº”‘ÿ≥…π¶: best.onnx
2026-04-24 10:03:59,987 - __main__ - INFO - ≤Œ ˝ª÷∏¥≥…π¶
2026-04-24 10:04:11,966 - __main__ - INFO - Õº∆¨ºÏ≤‚“—ÕÍ≥… (ª≠√Ê1): D:/Projects/yolov5-pyqt5/test_img/22.jpg
2026-04-24 10:04:14,415 - __main__ - INFO - Õº∆¨ºÏ≤‚“—ÕÍ≥… (ª≠√Ê2): D:/Projects/yolov5-pyqt5/test_img/6.jpg
2026-04-24 10:04:16,497 - __main__ - INFO - Õº∆¨ºÏ≤‚“—ÕÍ≥… (ª≠√Ê3): D:/Projects/yolov5-pyqt5/test_img/32.jpg
2026-04-24 10:04:18,801 - __main__ - INFO - Õº∆¨ºÏ≤‚“—ÕÍ≥… (ª≠√Ê4): D:/Projects/yolov5-pyqt5/test_img/17.jpg
2026-04-24 10:04:22,211 - __main__ - INFO - Õº∆¨ºÏ≤‚“—ÕÍ≥… (ª≠√Ê5): D:/Projects/yolov5-pyqt5/test_img/21.jpg
2026-04-24 10:04:25,070 - __main__ - INFO - Õº∆¨ºÏ≤‚“—ÕÍ≥… (ª≠√Ê6): D:/Projects/yolov5-pyqt5/test_img/32.jpg
2026-04-24 10:04:32,102 - __main__ - INFO - Õº∆¨ºÏ≤‚“—ÕÍ≥… (ª≠√Ê7): D:/Projects/yolov5-pyqt5/test_img/53.jpg
2026-04-24 10:04:41,798 - __main__ - INFO - Õº∆¨ºÏ≤‚“—ÕÍ≥… (ª≠√Ê8): D:/Projects/yolov5-pyqt5/test_img/52.jpg
2026-04-24 10:05:35,591 - __main__ - INFO -  ”∆µºÏ≤‚“—Õ£÷π (ª≠√Ê1): D:/Projects/yolov5-pyqt5/test_img/ ”∆µ1.mp4
2026-04-24 10:07:05,996 - __main__ - INFO - ‰Ø¿¿∆˜º”‘ÿ¡À 324 ÃıºÏ≤‚º«¬º
2026-04-24 10:07:41,848 - __main__ - INFO - HTML±®∏Ê“—…˙≥…: ./results\report_20260424_100741.html
2026-04-24 10:08:35,367 - __main__ - INFO - HTML±®∏Ê“—…˙≥…: ./results\report_20260424_100741.html
2026-04-24 10:58:10,398 - __main__ - INFO - ”¶”√≥Ã–Ú∆Ù∂Ø
2026-04-24 10:58:11,802 - __main__ - INFO - ƒ£–Õº”‘ÿ≥…π¶: best.onnx
2026-04-24 10:58:11,807 - __main__ - INFO - º”‘ÿ¡À 2 ∏ˆƒ£–ÕŒƒº˛
2026-04-24 10:58:11,973 - __main__ - INFO - ƒ£–Õº”‘ÿ≥…π¶: best.onnx
2026-04-24 10:58:11,988 - __main__ - INFO - ≤Œ ˝ª÷∏¥≥…π¶
2026-04-24 10:58:19,582 - __main__ - INFO - Õº∆¨ºÏ≤‚“—ÕÍ≥… (ª≠√Ê1): D:/Projects/yolov5-pyqt5/test_img/27.jpg
2026-04-24 10:58:22,272 - __main__ - INFO - Õº∆¨ºÏ≤‚“—ÕÍ≥… (ª≠√Ê1): D:/Projects/yolov5-pyqt5/test_img/31.jpg
2026-04-24 10:58:40,165 - __main__ - INFO - Õº∆¨ºÏ≤‚“—ÕÍ≥… (ª≠√Ê2): D:/Projects/yolov5-pyqt5/------.v1i.yolov5pytorch/test/images/-_074801_0919_jpg.rf.3a751f2615e92942dd75e3bc8a0614db.jpg
2026-04-24 10:58:44,181 - __main__ - INFO - Õº∆¨ºÏ≤‚“—ÕÍ≥… (ª≠√Ê3): D:/Projects/yolov5-pyqt5/------.v1i.yolov5pytorch/test/images/-_074943_0450_jpg.rf.3ea2e45ff483522e2200be49f542b0d1.jpg
2026-04-24 10:58:55,492 - __main__ - INFO - Õº∆¨ºÏ≤‚“—ÕÍ≥… (ª≠√Ê3): D:/Projects/yolov5-pyqt5/------.v1i.yolov5pytorch/test/images/-_061920_0207_jpg.rf.11c4dd3ec13f9eb3691dc931609423c1.jpg
2026-04-24 10:58:59,635 - __main__ - INFO - Õº∆¨ºÏ≤‚“—ÕÍ≥… (ª≠√Ê3): D:/Projects/yolov5-pyqt5/------.v1i.yolov5pytorch/test/images/-_061920_0207_jpg.rf.11c4dd3ec13f9eb3691dc931609423c1.jpg
2026-04-24 10:59:02,254 - __main__ - INFO - Õº∆¨ºÏ≤‚“—ÕÍ≥… (ª≠√Ê4): D:/Projects/yolov5-pyqt5/------.v1i.yolov5pytorch/test/images/-_074337_0719_jpg.rf.f077d0544474a905ce3f72a3d42c7450.jpg
2026-04-24 10:59:05,332 - __main__ - INFO - Õº∆¨ºÏ≤‚“—ÕÍ≥… (ª≠√Ê5): D:/Projects/yolov5-pyqt5/------.v1i.yolov5pytorch/test/images/-_093053_0835_jpg.rf.1e9b4d4bc0185b9a511e9dfe40d7fb8b.jpg
2026-04-24 10:59:08,973 - __main__ - INFO - Õº∆¨ºÏ≤‚“—ÕÍ≥… (ª≠√Ê6): D:/Projects/yolov5-pyqt5/------.v1i.yolov5pytorch/test/images/-_074943_0450_jpg.rf.3ea2e45ff483522e2200be49f542b0d1.jpg
2026-04-24 10:59:13,255 - __main__ - INFO - Õº∆¨ºÏ≤‚“—ÕÍ≥… (ª≠√Ê7): D:/Projects/yolov5-pyqt5/------.v1i.yolov5pytorch/test/images/-_095736_0114_jpg.rf.6137932163bfe91821f87c6712b45cdf.jpg
2026-04-24 10:59:17,720 - __main__ - INFO - Õº∆¨ºÏ≤‚“—ÕÍ≥… (ª≠√Ê8): D:/Projects/yolov5-pyqt5/------.v1i.yolov5pytorch/test/images/-_152612_0473_jpg.rf.4d7cdeff01c1f6057fcc7aec327e0693.jpg
2026-04-24 18:44:42,953 - __main__ - INFO - ”¶”√≥Ã–Ú∆Ù∂Ø
2026-04-24 18:44:44,391 - __main__ - INFO - ƒ£–Õº”‘ÿ≥…π¶: best.onnx
2026-04-24 18:44:44,391 - __main__ - INFO - º”‘ÿ¡À 2 ∏ˆƒ£–ÕŒƒº˛
2026-04-24 18:44:44,561 - __main__ - INFO - ƒ£–Õº”‘ÿ≥…π¶: best.onnx
2026-04-24 18:44:44,571 - __main__ - INFO - ≤Œ ˝ª÷∏¥≥…π¶
2026-04-24 18:44:57,418 - __main__ - INFO - Õº∆¨ºÏ≤‚“—ÕÍ≥… (ª≠√Ê1): D:/Projects/yolov5-pyqt5/test_img/1.jpg
2026-04-24 18:45:03,971 - __main__ - INFO - Õº∆¨ºÏ≤‚“—ÕÍ≥… (ª≠√Ê3): D:/Projects/yolov5-pyqt5/test_img/17.jpg
2026-04-25 21:37:05,721 - __main__ - INFO - ”¶”√≥Ã–Ú∆Ù∂Ø
2026-04-25 21:37:07,223 - __main__ - INFO - ƒ£–Õº”‘ÿ≥…π¶: best.onnx
2026-04-25 21:37:07,223 - __main__ - INFO - º”‘ÿ¡À 2 ∏ˆƒ£–ÕŒƒº˛
2026-04-25 21:37:07,404 - __main__ - INFO - ƒ£–Õº”‘ÿ≥…π¶: best.onnx
2026-04-25 21:37:07,414 - __main__ - INFO - ≤Œ ˝ª÷∏¥≥…π¶
2026-04-25 21:37:22,287 - __main__ - INFO -  ”∆µºÏ≤‚“—Õ£÷π (ª≠√Ê1): D:/Projects/yolov5-pyqt5/test_img/…˙≥…≤‚ ‘Ãı¥¯ ”∆µ.mp4
2026-04-25 21:37:22,367 - __main__ - INFO -  ”∆µºÏ≤‚“—Õ£÷π (ª≠√Ê1): D:/Projects/yolov5-pyqt5/test_img/…˙≥…≤‚ ‘Ãı¥¯ ”∆µ.mp4
2026-04-25 21:37:29,428 - __main__ - INFO - Õº∆¨ºÏ≤‚“—ÕÍ≥… (ª≠√Ê2): D:/Projects/yolov5-pyqt5/test_img/23.jpg
2026-04-25 21:37:31,504 - __main__ - INFO - Õº∆¨ºÏ≤‚“—ÕÍ≥… (ª≠√Ê3): D:/Projects/yolov5-pyqt5/test_img/5.jpg
2026-04-25 21:37:33,823 - __main__ - INFO - Õº∆¨ºÏ≤‚“—ÕÍ≥… (ª≠√Ê4): D:/Projects/yolov5-pyqt5/test_img/28.jpg
2026-04-25 21:37:36,646 - __main__ - INFO - Õº∆¨ºÏ≤‚“—ÕÍ≥… (ª≠√Ê5): D:/Projects/yolov5-pyqt5/test_img/17.jpg
2026-04-25 21:37:39,141 - __main__ - INFO - Õº∆¨ºÏ≤‚“—ÕÍ≥… (ª≠√Ê6): D:/Projects/yolov5-pyqt5/test_img/1.jpg
2026-04-25 21:37:42,717 - __main__ - INFO - Õº∆¨ºÏ≤‚“—ÕÍ≥… (ª≠√Ê7): D:/Projects/yolov5-pyqt5/test_img/16.jpg
2026-04-25 21:37:46,530 - __main__ - INFO - Õº∆¨ºÏ≤‚“—ÕÍ≥… (ª≠√Ê8): D:/Projects/yolov5-pyqt5/test_img/28.jpg
2026-04-25 21:37:47,369 - __main__ - INFO -  ”∆µºÏ≤‚“—Õ£÷π (ª≠√Ê1): D:/Projects/yolov5-pyqt5/test_img/ ”∆µ1.mp4
2026-04-25 21:37:49,637 - __main__ - INFO - Õº∆¨ºÏ≤‚“—ÕÍ≥… (ª≠√Ê8): D:/Projects/yolov5-pyqt5/test_img/54.jpg
2026-04-25 21:38:23,023 - __main__ - INFO -  ”∆µºÏ≤‚“—Õ£÷π (ª≠√Ê2): D:/Projects/yolov5-pyqt5/test_img/ ”∆µ1.mp4
2026-04-26 15:49:13,770 - __main__ - INFO - ”¶”√≥Ã–Ú∆Ù∂Ø
2026-04-26 15:49:15,093 - __main__ - INFO - ƒ£–Õº”‘ÿ≥…π¶: best.onnx
2026-04-26 15:49:15,098 - __main__ - INFO - º”‘ÿ¡À 2 ∏ˆƒ£–ÕŒƒº˛
2026-04-26 15:49:15,289 - __main__ - INFO - ƒ£–Õº”‘ÿ≥…π¶: best.onnx
2026-04-26 15:49:15,304 - __main__ - INFO - ≤Œ ˝ª÷∏¥≥…π¶
2026-04-26 15:50:05,509 - __main__ - INFO -  ”∆µºÏ≤‚“—Õ£÷π (ª≠√Ê1): D:/Projects/yolov5-pyqt5/test_img/ ”∆µ1.mp4
2026-04-26 15:52:31,325 - __main__ - INFO - ”¶”√≥Ã–Ú∆Ù∂Ø
2026-04-26 15:52:32,232 - __main__ - INFO - ƒ£–Õº”‘ÿ≥…π¶: best.onnx
2026-04-26 15:52:32,236 - __main__ - INFO - º”‘ÿ¡À 2 ∏ˆƒ£–ÕŒƒº˛
2026-04-26 15:52:32,464 - __main__ - INFO - ƒ£–Õº”‘ÿ≥…π¶: best.onnx
2026-04-26 15:52:32,477 - __main__ - INFO - ≤Œ ˝ª÷∏¥≥…π¶
2026-04-26 15:53:51,227 - __main__ - INFO - ”¶”√≥Ã–Ú∆Ù∂Ø
2026-04-26 15:53:52,140 - __main__ - INFO - ƒ£–Õº”‘ÿ≥…π¶: best.onnx
2026-04-26 15:53:52,143 - __main__ - INFO - º”‘ÿ¡À 2 ∏ˆƒ£–ÕŒƒº˛
2026-04-26 15:53:52,354 - __main__ - INFO - ƒ£–Õº”‘ÿ≥…π¶: best.onnx
2026-04-26 15:53:52,365 - __main__ - INFO - ≤Œ ˝ª÷∏¥≥…π¶
2026-04-26 15:54:56,714 - __main__ - INFO -  ”∆µºÏ≤‚“—Õ£÷π (ª≠√Ê1): D:/Projects/yolov5-pyqt5/test_img/ ”∆µ1.mp4
2026-04-26 15:56:22,136 - __main__ - INFO - ”¶”√≥Ã–Ú∆Ù∂Ø
2026-04-26 15:56:23,099 - __main__ - INFO - ƒ£–Õº”‘ÿ≥…π¶: best.onnx
2026-04-26 15:56:23,099 - __main__ - INFO - º”‘ÿ¡À 2 ∏ˆƒ£–ÕŒƒº˛
2026-04-26 15:56:23,308 - __main__ - INFO - ƒ£–Õº”‘ÿ≥…π¶: best.onnx
2026-04-26 15:56:23,318 - __main__ - INFO - ≤Œ ˝ª÷∏¥≥…π¶
2026-04-26 15:57:18,181 - __main__ - INFO - ”¶”√≥Ã–Ú∆Ù∂Ø
2026-04-26 15:57:19,005 - __main__ - INFO - ƒ£–Õº”‘ÿ≥…π¶: best.onnx
2026-04-26 15:57:19,007 - __main__ - INFO - º”‘ÿ¡À 2 ∏ˆƒ£–ÕŒƒº˛
2026-04-26 15:57:19,202 - __main__ - INFO - ƒ£–Õº”‘ÿ≥…π¶: best.onnx
2026-04-26 15:57:19,209 - __main__ - INFO - ≤Œ ˝ª÷∏¥≥…π¶
2026-04-26 16:00:56,265 - __main__ - INFO - ”¶”√≥Ã–Ú∆Ù∂Ø
2026-04-26 16:00:57,164 - __main__ - INFO - ƒ£–Õº”‘ÿ≥…π¶: best.onnx
2026-04-26 16:00:57,167 - __main__ - INFO - º”‘ÿ¡À 2 ∏ˆƒ£–ÕŒƒº˛
2026-04-26 16:00:57,369 - __main__ - INFO - ƒ£–Õº”‘ÿ≥…π¶: best.onnx
2026-04-26 16:00:57,376 - __main__ - INFO - ≤Œ ˝ª÷∏¥≥…π¶
2026-04-26 16:07:13,753 - __main__ - INFO - ”¶”√≥Ã–Ú∆Ù∂Ø
2026-04-26 16:07:14,638 - __main__ - INFO - ƒ£–Õº”‘ÿ≥…π¶
2026-04-26 16:07:14,640 - __main__ - INFO - º”‘ÿ¡À 2 ∏ˆƒ£–ÕŒƒº˛
2026-04-26 16:07:14,845 - __main__ - INFO - ƒ£–Õº”‘ÿ≥…π¶
2026-04-26 16:07:14,858 - __main__ - INFO - ≤Œ ˝ª÷∏¥≥…π¶
2026-04-26 16:08:32,592 - __main__ - INFO - ”¶”√≥Ã–Ú∆Ù∂Ø
2026-04-26 16:08:33,374 - __main__ - INFO - ƒ£–Õº”‘ÿ≥…π¶: best.onnx
2026-04-26 16:08:33,379 - __main__ - INFO - º”‘ÿ¡À 2 ∏ˆƒ£–ÕŒƒº˛
2026-04-26 16:08:33,559 - __main__ - INFO - ƒ£–Õº”‘ÿ≥…π¶: best.onnx
2026-04-26 16:08:33,564 - __main__ - INFO - ≤Œ ˝ª÷∏¥≥…π¶
2026-04-26 16:30:46,166 - __main__ - INFO - ”¶”√≥Ã–Ú∆Ù∂Ø
2026-04-26 16:30:46,978 - __main__ - INFO - ƒ£–Õº”‘ÿ≥…π¶: best.onnx, «Î«Û…Ë±∏=GPU,  µº …Ë±∏=CPU
2026-04-26 16:30:46,980 - __main__ - INFO - º”‘ÿ¡À 2 ∏ˆƒ£–ÕŒƒº˛
2026-04-26 16:30:47,157 - __main__ - INFO - ƒ£–Õº”‘ÿ≥…π¶: best.onnx, «Î«Û…Ë±∏=GPU,  µº …Ë±∏=CPU
2026-04-26 16:30:47,159 - __main__ - INFO - ≤Œ ˝ª÷∏¥≥…π¶
2026-04-26 16:31:01,378 - __main__ - INFO - ƒ£–Õº”‘ÿ≥…π¶: best.onnx, «Î«Û…Ë±∏=CPU,  µº …Ë±∏=CPU
2026-04-26 16:31:20,994 - __main__ - INFO -  ”∆µºÏ≤‚“—Õ£÷π (ª≠√Ê1): D:/Projects/yolov5-pyqt5/test_img/ ”∆µ1.mp4
2026-04-26 16:31:26,180 - __main__ - INFO - …„œÒÕ∑ºÏ≤‚“—Õ£÷π (ª≠√Ê1)
2026-04-26 16:31:34,529 - __main__ - INFO - ƒ£–Õº”‘ÿ≥…π¶: best.onnx, «Î«Û…Ë±∏=GPU,  µº …Ë±∏=CPU
2026-04-26 16:58:48,464 - __main__ - INFO - ”¶”√≥Ã–Ú∆Ù∂Ø
2026-04-26 16:58:55,351 - __main__ - INFO - ƒ£–Õº”‘ÿ≥…π¶: best.onnx, «Î«Û…Ë±∏=GPU,  µº …Ë±∏=GPU
2026-04-26 16:58:55,353 - __main__ - INFO - º”‘ÿ¡À 2 ∏ˆƒ£–ÕŒƒº˛
2026-04-26 16:58:57,538 - __main__ - INFO - ƒ£–Õº”‘ÿ≥…π¶: best.onnx, «Î«Û…Ë±∏=GPU,  µº …Ë±∏=GPU
2026-04-26 16:58:57,540 - __main__ - INFO - ≤Œ ˝ª÷∏¥≥…π¶
2026-04-26 17:00:00,398 - __main__ - INFO - ”¶”√≥Ã–Ú∆Ù∂Ø
2026-04-26 17:00:05,764 - __main__ - INFO - ƒ£–Õº”‘ÿ≥…π¶: best.onnx, «Î«Û…Ë±∏=GPU,  µº …Ë±∏=GPU
2026-04-26 17:00:05,766 - __main__ - INFO - º”‘ÿ¡À 2 ∏ˆƒ£–ÕŒƒº˛
2026-04-26 17:00:07,981 - __main__ - INFO - ƒ£–Õº”‘ÿ≥…π¶: best.onnx, «Î«Û…Ë±∏=GPU,  µº …Ë±∏=GPU
2026-04-26 17:00:07,983 - __main__ - INFO - ≤Œ ˝ª÷∏¥≥…π¶
2026-04-26 17:00:14,087 - __main__ - INFO - ƒ£–Õº”‘ÿ≥…π¶: best.onnx, «Î«Û…Ë±∏=CPU,  µº …Ë±∏=CPU
2026-04-26 17:00:17,997 - __main__ - INFO - ƒ£–Õº”‘ÿ≥…π¶: best.onnx, «Î«Û…Ë±∏=GPU,  µº …Ë±∏=GPU
2026-04-26 17:00:42,100 - __main__ - INFO -  ”∆µºÏ≤‚“—Õ£÷π (ª≠√Ê1): D:/Projects/yolov5-pyqt5/test_img/ ”∆µ1.mp4
2026-04-26 17:01:08,033 - __main__ - INFO -  ”∆µºÏ≤‚“—Õ£÷π (ª≠√Ê1): D:/Projects/yolov5-pyqt5/test_img/ ”∆µ1.mp4
2026-04-26 17:01:10,965 - __main__ - INFO -  ”∆µºÏ≤‚“—Õ£÷π (ª≠√Ê2): D:/Projects/yolov5-pyqt5/test_img/ ”∆µ1.mp4
2026-04-26 17:01:16,187 - __main__ - INFO -  ”∆µºÏ≤‚“—Õ£÷π (ª≠√Ê3): D:/Projects/yolov5-pyqt5/test_img/ ”∆µ1.mp4
2026-04-26 17:01:20,025 - __main__ - INFO - ƒ£–Õº”‘ÿ≥…π¶: best.onnx, «Î«Û…Ë±∏=CPU,  µº …Ë±∏=CPU
2026-04-26 17:01:23,941 - __main__ - INFO - …„œÒÕ∑ºÏ≤‚“—Õ£÷π (ª≠√Ê1)
2026-04-26 17:01:50,853 - __main__ - INFO -  ”∆µºÏ≤‚“—Õ£÷π (ª≠√Ê2): D:/Projects/yolov5-pyqt5/test_img/ ”∆µ1.mp4
2026-04-26 17:01:51,754 - __main__ - INFO -  ”∆µºÏ≤‚“—Õ£÷π (ª≠√Ê1): D:/Projects/yolov5-pyqt5/test_img/ ”∆µ1.mp4
2026-04-26 17:01:55,557 - __main__ - INFO - HTML±®∏Ê“—…˙≥…: ./results\report_20260426_170155.html
2026-04-26 17:01:59,867 - __main__ - INFO - HTML±®∏Ê“—…˙≥…: ./results\report_20260426_170155.html
2026-04-26 17:04:22,767 - __main__ - INFO - ”¶”√≥Ã–Ú∆Ù∂Ø
2026-04-26 17:04:28,107 - __main__ - INFO - ƒ£–Õº”‘ÿ≥…π¶: best.onnx, «Î«Û…Ë±∏=GPU,  µº …Ë±∏=GPU
2026-04-26 17:04:28,107 - __main__ - INFO - º”‘ÿ¡À 2 ∏ˆƒ£–ÕŒƒº˛
2026-04-26 17:04:30,276 - __main__ - INFO - ƒ£–Õº”‘ÿ≥…π¶: best.onnx, «Î«Û…Ë±∏=GPU,  µº …Ë±∏=GPU
2026-04-26 17:04:30,277 - __main__ - INFO - ≤Œ ˝ª÷∏¥≥…π¶
2026-04-26 17:05:31,818 - __main__ - INFO - ”¶”√≥Ã–Ú∆Ù∂Ø
2026-04-26 17:05:37,112 - __main__ - INFO - ƒ£–Õº”‘ÿ≥…π¶: best.onnx, «Î«Û…Ë±∏=GPU,  µº …Ë±∏=GPU
2026-04-26 17:05:37,117 - __main__ - INFO - º”‘ÿ¡À 2 ∏ˆƒ£–ÕŒƒº˛
2026-04-26 17:05:39,290 - __main__ - INFO - ƒ£–Õº”‘ÿ≥…π¶: best.onnx, «Î«Û…Ë±∏=GPU,  µº …Ë±∏=GPU
2026-04-26 17:05:39,290 - __main__ - INFO - ≤Œ ˝ª÷∏¥≥…π¶
2026-04-26 17:06:12,840 - __main__ - INFO -  ”∆µºÏ≤‚“—Õ£÷π (ª≠√Ê1): D:/Projects/yolov5-pyqt5/test_img/ ”∆µ1.mp4
2026-04-26 17:06:14,989 - __main__ - INFO - Õº∆¨ºÏ≤‚“—ÕÍ≥… (ª≠√Ê3): D:/Projects/yolov5-pyqt5/test_img/13.jpg
2026-04-26 17:06:15,083 - __main__ - INFO -  ”∆µºÏ≤‚“—Õ£÷π (ª≠√Ê2): D:/Projects/yolov5-pyqt5/test_img/ ”∆µ1.mp4
2026-04-26 17:06:38,477 - __main__ - INFO - Õº∆¨ºÏ≤‚“—ÕÍ≥… (ª≠√Ê5): D:/Projects/yolov5-pyqt5/test_img/15.jpg
2026-04-26 17:06:41,099 - __main__ - INFO - Õº∆¨ºÏ≤‚“—ÕÍ≥… (ª≠√Ê6): D:/Projects/yolov5-pyqt5/test_img/30.jpg
2026-04-26 17:06:43,668 - __main__ - INFO - Õº∆¨ºÏ≤‚“—ÕÍ≥… (ª≠√Ê7): D:/Projects/yolov5-pyqt5/test_img/40.jpg
2026-04-26 17:06:44,330 - __main__ - INFO -  ”∆µºÏ≤‚“—Õ£÷π (ª≠√Ê4): D:/Projects/yolov5-pyqt5/test_img/ ”∆µ1.mp4
2026-04-26 17:06:46,290 - __main__ - INFO - Õº∆¨ºÏ≤‚“—ÕÍ≥… (ª≠√Ê7): D:/Projects/yolov5-pyqt5/test_img/52.jpg
2026-04-26 17:06:49,972 - __main__ - INFO - Õº∆¨ºÏ≤‚“—ÕÍ≥… (ª≠√Ê8): D:/Projects/yolov5-pyqt5/test_img/50.jpg
2026-04-26 17:06:54,087 - __main__ - INFO - Õº∆¨ºÏ≤‚“—ÕÍ≥… (ª≠√Ê1): D:/Projects/yolov5-pyqt5/test_img/5.jpg
2026-04-26 17:06:59,647 - __main__ - INFO - Õº∆¨ºÏ≤‚“—ÕÍ≥… (ª≠√Ê2): D:/Projects/yolov5-pyqt5/test_img/42.jpg
2026-04-26 18:45:08,088 - __main__ - INFO - ”¶”√≥Ã–Ú∆Ù∂Ø
2026-04-26 18:45:15,475 - __main__ - INFO - ƒ£–Õº”‘ÿ≥…π¶: best.onnx, «Î«Û…Ë±∏=GPU,  µº …Ë±∏=GPU
2026-04-26 18:45:15,475 - __main__ - INFO - º”‘ÿ¡À 2 ∏ˆƒ£–ÕŒƒº˛
2026-04-26 18:45:17,651 - __main__ - INFO - ƒ£–Õº”‘ÿ≥…π¶: best.onnx, «Î«Û…Ë±∏=GPU,  µº …Ë±∏=GPU
2026-04-26 18:45:17,656 - __main__ - INFO - ≤Œ ˝ª÷∏¥≥…π¶
2026-04-26 18:45:21,718 - __main__ - INFO - ƒ£–Õº”‘ÿ≥…π¶: best.onnx, «Î«Û…Ë±∏=CPU,  µº …Ë±∏=CPU
2026-04-26 18:45:26,335 - __main__ - INFO - ƒ£–Õº”‘ÿ≥…π¶: best.onnx, «Î«Û…Ë±∏=GPU,  µº …Ë±∏=GPU
2026-04-26 18:45:51,411 - __main__ - INFO -  ”∆µºÏ≤‚“—Õ£÷π (ª≠√Ê1): D:/Projects/yolov5-pyqt5/test_img/ ”∆µ1.mp4
2026-04-29 09:40:07,380 - __main__ - INFO - ”¶”√≥Ã–Ú∆Ù∂Ø
2026-04-29 09:40:14,984 - __main__ - INFO - ƒ£–Õº”‘ÿ≥…π¶: best.onnx, «Î«Û…Ë±∏=GPU,  µº …Ë±∏=GPU
2026-04-29 09:40:14,985 - __main__ - INFO - º”‘ÿ¡À 2 ∏ˆƒ£–ÕŒƒº˛
2026-04-29 09:40:17,162 - __main__ - INFO - ƒ£–Õº”‘ÿ≥…π¶: best.onnx, «Î«Û…Ë±∏=GPU,  µº …Ë±∏=GPU
2026-04-29 09:40:17,162 - __main__ - INFO - ≤Œ ˝ª÷∏¥≥…π¶
2026-04-29 09:40:31,558 - __main__ - INFO - Õº∆¨ºÏ≤‚“—ÕÍ≥… (ª≠√Ê3): D:/Projects/yolov5-pyqt5/test_img/24.jpg
2026-04-29 09:40:33,922 - __main__ - INFO - Õº∆¨ºÏ≤‚“—ÕÍ≥… (ª≠√Ê4): D:/Projects/yolov5-pyqt5/test_img/39.jpg
2026-04-29 09:40:37,037 - __main__ - INFO - Õº∆¨ºÏ≤‚“—ÕÍ≥… (ª≠√Ê5): D:/Projects/yolov5-pyqt5/test_img/39.jpg
2026-04-29 09:40:39,066 - __main__ - INFO - Õº∆¨ºÏ≤‚“—ÕÍ≥… (ª≠√Ê6): D:/Projects/yolov5-pyqt5/test_img/24.jpg
2026-04-29 09:40:41,318 - __main__ - INFO - Õº∆¨ºÏ≤‚“—ÕÍ≥… (ª≠√Ê7): D:/Projects/yolov5-pyqt5/test_img/21.jpg
2026-04-29 09:40:43,773 - __main__ - INFO - Õº∆¨ºÏ≤‚“—ÕÍ≥… (ª≠√Ê8): D:/Projects/yolov5-pyqt5/test_img/47.jpg
2026-04-29 09:40:44,999 - __main__ - INFO -  ”∆µºÏ≤‚“—Õ£÷π (ª≠√Ê1): D:/Projects/yolov5-pyqt5/test_img/ ”∆µ1.mp4
2026-04-29 09:40:48,379 - __main__ - INFO -  ”∆µºÏ≤‚“—Õ£÷π (ª≠√Ê2): D:/Projects/yolov5-pyqt5/test_img/ ”∆µ1.mp4
2026-04-29 09:41:00,202 - __main__ - INFO - ‰Ø¿¿∆˜º”‘ÿ¡À 638 ÃıºÏ≤‚º«¬º
2026-04-29 09:41:05,824 - __main__ - INFO - HTML±®∏Ê“—…˙≥…: ./results\report_20260429_094105.html
2026-05-01 10:21:09,526 - __main__ - INFO - ”¶”√≥Ã–Ú∆Ù∂Ø
2026-05-01 10:21:09,856 - __main__ - ERROR - ƒ£–Õº”‘ÿ ß∞‹: No module named 'onnxruntime'
Traceback (most recent call last):
  File "main.py", line 399, in cb_weights_changed
    self.detector = create_detector(weights_path, model_type='auto',
  File "D:\Projects\yolov5-pyqt5\model_interface.py", line 493, in create_detector
    return YOLOv5ONNXDetector(weights, **kwargs)
  File "D:\Projects\yolov5-pyqt5\model_interface.py", line 259, in __init__
    self.load_model()
  File "D:\Projects\yolov5-pyqt5\model_interface.py", line 273, in load_model
    import onnxruntime
ModuleNotFoundError: No module named 'onnxruntime'
2026-05-01 10:21:13,524 - __main__ - INFO - º”‘ÿ¡À 2 ∏ˆƒ£–ÕŒƒº˛
2026-05-01 10:21:13,524 - __main__ - ERROR - ƒ£–Õº”‘ÿ ß∞‹: No module named 'onnxruntime'
Traceback (most recent call last):
  File "main.py", line 399, in cb_weights_changed
    self.detector = create_detector(weights_path, model_type='auto',
  File "D:\Projects\yolov5-pyqt5\model_interface.py", line 493, in create_detector
    return YOLOv5ONNXDetector(weights, **kwargs)
  File "D:\Projects\yolov5-pyqt5\model_interface.py", line 259, in __init__
    self.load_model()
  File "D:\Projects\yolov5-pyqt5\model_interface.py", line 273, in load_model
    import onnxruntime
ModuleNotFoundError: No module named 'onnxruntime'
2026-05-01 10:21:14,546 - __main__ - INFO - ≤Œ ˝ª÷∏¥≥…π¶
2026-05-01 10:21:14,547 - __main__ - ERROR - ƒ£–Õº”‘ÿ ß∞‹: No module named 'onnxruntime'
Traceback (most recent call last):
  File "main.py", line 399, in cb_weights_changed
    self.detector = create_detector(weights_path, model_type='auto',
  File "D:\Projects\yolov5-pyqt5\model_interface.py", line 493, in create_detector
    return YOLOv5ONNXDetector(weights, **kwargs)
  File "D:\Projects\yolov5-pyqt5\model_interface.py", line 259, in __init__
    self.load_model()
  File "D:\Projects\yolov5-pyqt5\model_interface.py", line 273, in load_model
    import onnxruntime
ModuleNotFoundError: No module named 'onnxruntime'
2026-05-01 10:22:24,947 - __main__ - INFO - ”¶”√≥Ã–Ú∆Ù∂Ø
2026-05-01 10:23:31,799 - __main__ - INFO - ”¶”√≥Ã–Ú∆Ù∂Ø
2026-05-01 10:26:09,719 - __main__ - INFO - ”¶”√≥Ã–Ú∆Ù∂Ø
2026-05-01 10:28:55,381 - __main__ - INFO - ”¶”√≥Ã–Ú∆Ù∂Ø
2026-05-01 10:31:15,904 - __main__ - INFO - ”¶”√≥Ã–Ú∆Ù∂Ø
2026-05-01 10:33:08,279 - __main__ - INFO - ”¶”√≥Ã–Ú∆Ù∂Ø
2026-05-01 10:52:34,341 - __main__ - INFO - ”¶”√≥Ã–Ú∆Ù∂Ø
2026-05-01 10:52:34,527 - __main__ - ERROR - ƒ£–Õº”‘ÿ ß∞‹: No module named 'onnxruntime'
Traceback (most recent call last):
  File "main.py", line 399, in cb_weights_changed
    self.detector = create_detector(weights_path, model_type='auto',
  File "D:\Projects\yolov5-pyqt5\model_interface.py", line 493, in create_detector
    return YOLOv5ONNXDetector(weights, **kwargs)
  File "D:\Projects\yolov5-pyqt5\model_interface.py", line 259, in __init__
    self.load_model()
  File "D:\Projects\yolov5-pyqt5\model_interface.py", line 273, in load_model
    import onnxruntime
ModuleNotFoundError: No module named 'onnxruntime'
2026-05-01 10:52:36,575 - __main__ - INFO - º”‘ÿ¡À 2 ∏ˆƒ£–ÕŒƒº˛
2026-05-01 10:52:36,576 - __main__ - ERROR - ƒ£–Õº”‘ÿ ß∞‹: No module named 'onnxruntime'
Traceback (most recent call last):
  File "main.py", line 399, in cb_weights_changed
    self.detector = create_detector(weights_path, model_type='auto',
  File "D:\Projects\yolov5-pyqt5\model_interface.py", line 493, in create_detector
    return YOLOv5ONNXDetector(weights, **kwargs)
  File "D:\Projects\yolov5-pyqt5\model_interface.py", line 259, in __init__
    self.load_model()
  File "D:\Projects\yolov5-pyqt5\model_interface.py", line 273, in load_model
    import onnxruntime
ModuleNotFoundError: No module named 'onnxruntime'
2026-05-01 10:52:37,298 - __main__ - INFO - ≤Œ ˝ª÷∏¥≥…π¶
2026-05-01 10:52:37,298 - __main__ - ERROR - ƒ£–Õº”‘ÿ ß∞‹: No module named 'onnxruntime'
Traceback (most recent call last):
  File "main.py", line 399, in cb_weights_changed
    self.detector = create_detector(weights_path, model_type='auto',
  File "D:\Projects\yolov5-pyqt5\model_interface.py", line 493, in create_detector
    return YOLOv5ONNXDetector(weights, **kwargs)
  File "D:\Projects\yolov5-pyqt5\model_interface.py", line 259, in __init__
    self.load_model()
  File "D:\Projects\yolov5-pyqt5\model_interface.py", line 273, in load_model
    import onnxruntime
ModuleNotFoundError: No module named 'onnxruntime'
2026-05-01 10:55:50,694 - __main__ - INFO - ”¶”√≥Ã–Ú∆Ù∂Ø
2026-05-01 10:58:04,922 - __main__ - INFO - ”¶”√≥Ã–Ú∆Ù∂Ø
2026-05-01 11:02:17,350 - __main__ - INFO - ”¶”√≥Ã–Ú∆Ù∂Ø
2026-05-01 11:05:32,510 - __main__ - INFO - ”¶”√≥Ã–Ú∆Ù∂Ø
2026-05-01 11:05:33,680 - __main__ - INFO - ƒ£–Õº”‘ÿ≥…π¶: best.onnx, «Î«Û…Ë±∏=GPU,  µº …Ë±∏=CPU
2026-05-01 11:05:33,683 - __main__ - INFO - º”‘ÿ¡À 2 ∏ˆƒ£–ÕŒƒº˛
2026-05-01 11:05:33,839 - __main__ - INFO - ƒ£–Õº”‘ÿ≥…π¶: best.onnx, «Î«Û…Ë±∏=GPU,  µº …Ë±∏=CPU
2026-05-01 11:05:33,840 - __main__ - INFO - ≤Œ ˝ª÷∏¥≥…π¶
2026-05-01 11:06:04,743 - __main__ - INFO -  ”∆µºÏ≤‚“—Õ£÷π (ª≠√Ê1): D:/Projects/yolov5-pyqt5/test_img/ ”∆µ1.mp4
2026-05-01 11:06:39,590 - __main__ - INFO - Õº∆¨ºÏ≤‚“—ÕÍ≥… (ª≠√Ê2): D:/Projects/yolov5-pyqt5/test_img/23.jpg
2026-05-01 11:06:41,401 - __main__ - INFO - Õº∆¨ºÏ≤‚“—ÕÍ≥… (ª≠√Ê3): D:/Projects/yolov5-pyqt5/test_img/12.jpg
2026-05-01 11:06:45,157 - __main__ - INFO - ‰Ø¿¿∆˜º”‘ÿ¡À 314 ÃıºÏ≤‚º«¬º
2026-05-01 11:06:48,491 - __main__ - INFO - HTML±®∏Ê“—…˙≥…: ./results\report_20260501_110648.html
2026-05-01 11:06:57,046 - __main__ - INFO - HTML±®∏Ê“—…˙≥…: ./results\report_20260501_110648.html
2026-05-01 11:07:13,439 - __main__ - INFO - ƒ£–Õº”‘ÿ≥…π¶: best.onnx, «Î«Û…Ë±∏=CPU,  µº …Ë±∏=CPU
2026-05-01 11:07:18,187 - __main__ - INFO - ƒ£–Õº”‘ÿ≥…π¶: best.onnx, «Î«Û…Ë±∏=GPU,  µº …Ë±∏=CPU
2026-05-01 11:07:22,064 - __main__ - INFO - ƒ£–Õº”‘ÿ≥…π¶: best.onnx, «Î«Û…Ë±∏=CPU,  µº …Ë±∏=CPU
2026-05-01 11:08:20,504 - __main__ - INFO - ”¶”√≥Ã–Ú∆Ù∂Ø
2026-05-01 11:08:21,213 - __main__ - INFO - ƒ£–Õº”‘ÿ≥…π¶: best.onnx, «Î«Û…Ë±∏=GPU,  µº …Ë±∏=CPU
2026-05-01 11:08:21,214 - __main__ - INFO - º”‘ÿ¡À 2 ∏ˆƒ£–ÕŒƒº˛
2026-05-01 11:08:21,338 - __main__ - INFO - ƒ£–Õº”‘ÿ≥…π¶: best.onnx, «Î«Û…Ë±∏=GPU,  µº …Ë±∏=CPU
2026-05-01 11:08:21,341 - __main__ - INFO - ≤Œ ˝ª÷∏¥≥…π¶
2026-05-01 11:24:49,837 - __main__ - INFO - ”¶”√≥Ã–Ú∆Ù∂Ø
2026-05-01 11:24:54,681 - __main__ - ERROR - ƒ£–Õº”‘ÿ ß∞‹: CUDA error: no kernel image is available for execution on the device
CUDA kernel errors might be asynchronously reported at some other API call, so the stacktrace below might be incorrect.
For debugging consider passing CUDA_LAUNCH_BLOCKING=1
Compile with `TORCH_USE_CUDA_DSA` to enable device-side assertions.
Traceback (most recent call last):
  File "main.py", line 399, in cb_weights_changed
    self.detector = create_detector(weights_path, model_type='auto',
  File "D:\Projects\yolov5-pyqt5\model_interface.py", line 493, in create_detector
    return YOLOv5ONNXDetector(weights, **kwargs)
  File "D:\Projects\yolov5-pyqt5\model_interface.py", line 259, in __init__
    self.load_model()
  File "D:\Projects\yolov5-pyqt5\model_interface.py", line 330, in load_model
    self.inference_image(dummy_img)
  File "D:\Projects\yolov5-pyqt5\model_interface.py", line 369, in inference_image
    img = img.float()
RuntimeError: CUDA error: no kernel image is available for execution on the device
CUDA kernel errors might be asynchronously reported at some other API call, so the stacktrace below might be incorrect.
For debugging consider passing CUDA_LAUNCH_BLOCKING=1
Compile with `TORCH_USE_CUDA_DSA` to enable device-side assertions.

2026-05-01 11:26:24,611 - __main__ - INFO - ”¶”√≥Ã–Ú∆Ù∂Ø
2026-05-01 11:26:26,952 - __main__ - ERROR - ƒ£–Õº”‘ÿ ß∞‹: CUDA error: no kernel image is available for execution on the device
CUDA kernel errors might be asynchronously reported at some other API call, so the stacktrace below might be incorrect.
For debugging consider passing CUDA_LAUNCH_BLOCKING=1
Compile with `TORCH_USE_CUDA_DSA` to enable device-side assertions.
Traceback (most recent call last):
  File "main.py", line 399, in cb_weights_changed
    self.detector = create_detector(weights_path, model_type='auto',
  File "D:\Projects\yolov5-pyqt5\model_interface.py", line 493, in create_detector
    return YOLOv5ONNXDetector(weights, **kwargs)
  File "D:\Projects\yolov5-pyqt5\model_interface.py", line 259, in __init__
    self.load_model()
  File "D:\Projects\yolov5-pyqt5\model_interface.py", line 330, in load_model
    self.inference_image(dummy_img)
  File "D:\Projects\yolov5-pyqt5\model_interface.py", line 369, in inference_image
    img = img.float()
RuntimeError: CUDA error: no kernel image is available for execution on the device
CUDA kernel errors might be asynchronously reported at some other API call, so the stacktrace below might be incorrect.
For debugging consider passing CUDA_LAUNCH_BLOCKING=1
Compile with `TORCH_USE_CUDA_DSA` to enable device-side assertions.

2026-05-01 11:26:29,066 - __main__ - INFO - º”‘ÿ¡À 2 ∏ˆƒ£–ÕŒƒº˛
2026-05-01 11:26:29,116 - __main__ - ERROR - ƒ£–Õº”‘ÿ ß∞‹: CUDA error: no kernel image is available for execution on the device
CUDA kernel errors might be asynchronously reported at some other API call, so the stacktrace below might be incorrect.
For debugging consider passing CUDA_LAUNCH_BLOCKING=1
Compile with `TORCH_USE_CUDA_DSA` to enable device-side assertions.
Traceback (most recent call last):
  File "main.py", line 399, in cb_weights_changed
    self.detector = create_detector(weights_path, model_type='auto',
  File "D:\Projects\yolov5-pyqt5\model_interface.py", line 493, in create_detector
    return YOLOv5ONNXDetector(weights, **kwargs)
  File "D:\Projects\yolov5-pyqt5\model_interface.py", line 259, in __init__
    self.load_model()
  File "D:\Projects\yolov5-pyqt5\model_interface.py", line 330, in load_model
    self.inference_image(dummy_img)
  File "D:\Projects\yolov5-pyqt5\model_interface.py", line 369, in inference_image
    img = img.float()
RuntimeError: CUDA error: no kernel image is available for execution on the device
CUDA kernel errors might be asynchronously reported at some other API call, so the stacktrace below might be incorrect.
For debugging consider passing CUDA_LAUNCH_BLOCKING=1
Compile with `TORCH_USE_CUDA_DSA` to enable device-side assertions.

2026-05-01 11:26:30,081 - __main__ - INFO - ≤Œ ˝ª÷∏¥≥…π¶
2026-05-01 11:26:30,129 - __main__ - ERROR - ƒ£–Õº”‘ÿ ß∞‹: CUDA error: no kernel image is available for execution on the device
CUDA kernel errors might be asynchronously reported at some other API call, so the stacktrace below might be incorrect.
For debugging consider passing CUDA_LAUNCH_BLOCKING=1
Compile with `TORCH_USE_CUDA_DSA` to enable device-side assertions.
Traceback (most recent call last):
  File "main.py", line 399, in cb_weights_changed
    self.detector = create_detector(weights_path, model_type='auto',
  File "D:\Projects\yolov5-pyqt5\model_interface.py", line 493, in create_detector
    return YOLOv5ONNXDetector(weights, **kwargs)
  File "D:\Projects\yolov5-pyqt5\model_interface.py", line 259, in __init__
    self.load_model()
  File "D:\Projects\yolov5-pyqt5\model_interface.py", line 330, in load_model
    self.inference_image(dummy_img)
  File "D:\Projects\yolov5-pyqt5\model_interface.py", line 369, in inference_image
    img = img.float()
RuntimeError: CUDA error: no kernel image is available for execution on the device
CUDA kernel errors might be asynchronously reported at some other API call, so the stacktrace below might be incorrect.
For debugging consider passing CUDA_LAUNCH_BLOCKING=1
Compile with `TORCH_USE_CUDA_DSA` to enable device-side assertions.

2026-05-01 11:40:51,287 - __main__ - INFO - ”¶”√≥Ã–Ú∆Ù∂Ø
2026-05-01 11:40:52,013 - __main__ - ERROR - ƒ£–Õº”‘ÿ ß∞‹: [WinError 127] ’“≤ªµΩ÷∏∂®µƒ≥Ã–Ú°£ Error loading "D:\Users\26838\miniconda3\envs\yolov5\lib\site-packages\torch\lib\cudnn_cnn64_9.dll" or one of its dependencies.
Traceback (most recent call last):
  File "main.py", line 399, in cb_weights_changed
    self.detector = create_detector(weights_path, model_type='auto',
  File "D:\Projects\yolov5-pyqt5\model_interface.py", line 242, in create_detector
    return YOLOv5ONNXDetector(weights, **kwargs)
  File "D:\Projects\yolov5-pyqt5\model_interface.py", line 121, in __init__
    self.load_model()
  File "D:\Projects\yolov5-pyqt5\model_interface.py", line 165, in load_model
    self.inference_image(dummy_img)
  File "D:\Projects\yolov5-pyqt5\model_interface.py", line 187, in inference_image
    import torch
  File "D:\Users\26838\miniconda3\envs\yolov5\lib\site-packages\torch\__init__.py", line 137, in <module>
    raise err
OSError: [WinError 127] ’“≤ªµΩ÷∏∂®µƒ≥Ã–Ú°£ Error loading "D:\Users\26838\miniconda3\envs\yolov5\lib\site-packages\torch\lib\cudnn_cnn64_9.dll" or one of its dependencies.
2026-05-01 11:40:58,075 - __main__ - INFO - º”‘ÿ¡À 2 ∏ˆƒ£–ÕŒƒº˛
2026-05-01 11:40:58,123 - __main__ - ERROR - ƒ£–Õº”‘ÿ ß∞‹: [WinError 127] ’“≤ªµΩ÷∏∂®µƒ≥Ã–Ú°£ Error loading "D:\Users\26838\miniconda3\envs\yolov5\lib\site-packages\torch\lib\cudnn_cnn64_9.dll" or one of its dependencies.
Traceback (most recent call last):
  File "main.py", line 399, in cb_weights_changed
    self.detector = create_detector(weights_path, model_type='auto',
  File "D:\Projects\yolov5-pyqt5\model_interface.py", line 242, in create_detector
    return YOLOv5ONNXDetector(weights, **kwargs)
  File "D:\Projects\yolov5-pyqt5\model_interface.py", line 121, in __init__
    self.load_model()
  File "D:\Projects\yolov5-pyqt5\model_interface.py", line 165, in load_model
    self.inference_image(dummy_img)
  File "D:\Projects\yolov5-pyqt5\model_interface.py", line 187, in inference_image
    import torch
  File "D:\Users\26838\miniconda3\envs\yolov5\lib\site-packages\torch\__init__.py", line 137, in <module>
    raise err
OSError: [WinError 127] ’“≤ªµΩ÷∏∂®µƒ≥Ã–Ú°£ Error loading "D:\Users\26838\miniconda3\envs\yolov5\lib\site-packages\torch\lib\cudnn_cnn64_9.dll" or one of its dependencies.
2026-05-01 11:40:58,954 - __main__ - INFO - ≤Œ ˝ª÷∏¥≥…π¶
2026-05-01 11:40:59,014 - __main__ - ERROR - ƒ£–Õº”‘ÿ ß∞‹: [WinError 127] ’“≤ªµΩ÷∏∂®µƒ≥Ã–Ú°£ Error loading "D:\Users\26838\miniconda3\envs\yolov5\lib\site-packages\torch\lib\cudnn_cnn64_9.dll" or one of its dependencies.
Traceback (most recent call last):
  File "main.py", line 399, in cb_weights_changed
    self.detector = create_detector(weights_path, model_type='auto',
  File "D:\Projects\yolov5-pyqt5\model_interface.py", line 242, in create_detector
    return YOLOv5ONNXDetector(weights, **kwargs)
  File "D:\Projects\yolov5-pyqt5\model_interface.py", line 121, in __init__
    self.load_model()
  File "D:\Projects\yolov5-pyqt5\model_interface.py", line 165, in load_model
    self.inference_image(dummy_img)
  File "D:\Projects\yolov5-pyqt5\model_interface.py", line 187, in inference_image
    import torch
  File "D:\Users\26838\miniconda3\envs\yolov5\lib\site-packages\torch\__init__.py", line 137, in <module>
    raise err
OSError: [WinError 127] ’“≤ªµΩ÷∏∂®µƒ≥Ã–Ú°£ Error loading "D:\Users\26838\miniconda3\envs\yolov5\lib\site-packages\torch\lib\cudnn_cnn64_9.dll" or one of its dependencies.
2026-05-01 11:41:26,637 - __main__ - INFO - ”¶”√≥Ã–Ú∆Ù∂Ø
2026-05-01 11:41:27,236 - __main__ - ERROR - ƒ£–Õº”‘ÿ ß∞‹: [WinError 127] ’“≤ªµΩ÷∏∂®µƒ≥Ã–Ú°£ Error loading "D:\Users\26838\miniconda3\envs\yolov5\lib\site-packages\torch\lib\cudnn_cnn64_9.dll" or one of its dependencies.
Traceback (most recent call last):
  File "main.py", line 399, in cb_weights_changed
    self.detector = create_detector(weights_path, model_type='auto',
  File "D:\Projects\yolov5-pyqt5\model_interface.py", line 242, in create_detector
    return YOLOv5ONNXDetector(weights, **kwargs)
  File "D:\Projects\yolov5-pyqt5\model_interface.py", line 121, in __init__
    self.load_model()
  File "D:\Projects\yolov5-pyqt5\model_interface.py", line 165, in load_model
    self.inference_image(dummy_img)
  File "D:\Projects\yolov5-pyqt5\model_interface.py", line 187, in inference_image
    import torch
  File "D:\Users\26838\miniconda3\envs\yolov5\lib\site-packages\torch\__init__.py", line 137, in <module>
    raise err
OSError: [WinError 127] ’“≤ªµΩ÷∏∂®µƒ≥Ã–Ú°£ Error loading "D:\Users\26838\miniconda3\envs\yolov5\lib\site-packages\torch\lib\cudnn_cnn64_9.dll" or one of its dependencies.
2026-05-01 11:43:28,219 - __main__ - INFO - ”¶”√≥Ã–Ú∆Ù∂Ø
2026-05-01 11:43:30,367 - __main__ - ERROR - ƒ£–Õº”‘ÿ ß∞‹: CUDA error: no kernel image is available for execution on the device
CUDA kernel errors might be asynchronously reported at some other API call, so the stacktrace below might be incorrect.
For debugging consider passing CUDA_LAUNCH_BLOCKING=1
Compile with `TORCH_USE_CUDA_DSA` to enable device-side assertions.
Traceback (most recent call last):
  File "main.py", line 399, in cb_weights_changed
    self.detector = create_detector(weights_path, model_type='auto',
  File "D:\Projects\yolov5-pyqt5\model_interface.py", line 493, in create_detector
    return YOLOv5ONNXDetector(weights, **kwargs)
  File "D:\Projects\yolov5-pyqt5\model_interface.py", line 259, in __init__
    self.load_model()
  File "D:\Projects\yolov5-pyqt5\model_interface.py", line 330, in load_model
    self.inference_image(dummy_img)
  File "D:\Projects\yolov5-pyqt5\model_interface.py", line 369, in inference_image
    img = img.float()
RuntimeError: CUDA error: no kernel image is available for execution on the device
CUDA kernel errors might be asynchronously reported at some other API call, so the stacktrace below might be incorrect.
For debugging consider passing CUDA_LAUNCH_BLOCKING=1
Compile with `TORCH_USE_CUDA_DSA` to enable device-side assertions.

2026-05-01 11:43:32,881 - __main__ - INFO - º”‘ÿ¡À 2 ∏ˆƒ£–ÕŒƒº˛
2026-05-01 11:43:32,927 - __main__ - ERROR - ƒ£–Õº”‘ÿ ß∞‹: CUDA error: no kernel image is available for execution on the device
CUDA kernel errors might be asynchronously reported at some other API call, so the stacktrace below might be incorrect.
For debugging consider passing CUDA_LAUNCH_BLOCKING=1
Compile with `TORCH_USE_CUDA_DSA` to enable device-side assertions.
Traceback (most recent call last):
  File "main.py", line 399, in cb_weights_changed
    self.detector = create_detector(weights_path, model_type='auto',
  File "D:\Projects\yolov5-pyqt5\model_interface.py", line 493, in create_detector
    return YOLOv5ONNXDetector(weights, **kwargs)
  File "D:\Projects\yolov5-pyqt5\model_interface.py", line 259, in __init__
    self.load_model()
  File "D:\Projects\yolov5-pyqt5\model_interface.py", line 330, in load_model
    self.inference_image(dummy_img)
  File "D:\Projects\yolov5-pyqt5\model_interface.py", line 369, in inference_image
    img = img.float()
RuntimeError: CUDA error: no kernel image is available for execution on the device
CUDA kernel errors might be asynchronously reported at some other API call, so the stacktrace below might be incorrect.
For debugging consider passing CUDA_LAUNCH_BLOCKING=1
Compile with `TORCH_USE_CUDA_DSA` to enable device-side assertions.

2026-05-01 11:43:33,729 - __main__ - INFO - ≤Œ ˝ª÷∏¥≥…π¶
2026-05-01 11:43:33,772 - __main__ - ERROR - ƒ£–Õº”‘ÿ ß∞‹: CUDA error: no kernel image is available for execution on the device
CUDA kernel errors might be asynchronously reported at some other API call, so the stacktrace below might be incorrect.
For debugging consider passing CUDA_LAUNCH_BLOCKING=1
Compile with `TORCH_USE_CUDA_DSA` to enable device-side assertions.
Traceback (most recent call last):
  File "main.py", line 399, in cb_weights_changed
    self.detector = create_detector(weights_path, model_type='auto',
  File "D:\Projects\yolov5-pyqt5\model_interface.py", line 493, in create_detector
    return YOLOv5ONNXDetector(weights, **kwargs)
  File "D:\Projects\yolov5-pyqt5\model_interface.py", line 259, in __init__
    self.load_model()
  File "D:\Projects\yolov5-pyqt5\model_interface.py", line 330, in load_model
    self.inference_image(dummy_img)
  File "D:\Projects\yolov5-pyqt5\model_interface.py", line 369, in inference_image
    img = img.float()
RuntimeError: CUDA error: no kernel image is available for execution on the device
CUDA kernel errors might be asynchronously reported at some other API call, so the stacktrace below might be incorrect.
For debugging consider passing CUDA_LAUNCH_BLOCKING=1
Compile with `TORCH_USE_CUDA_DSA` to enable device-side assertions.

2026-05-01 11:47:32,119 - __main__ - INFO - ”¶”√≥Ã–Ú∆Ù∂Ø
2026-05-01 11:47:34,183 - __main__ - ERROR - ƒ£–Õº”‘ÿ ß∞‹: CUDA error: no kernel image is available for execution on the device
CUDA kernel errors might be asynchronously reported at some other API call, so the stacktrace below might be incorrect.
For debugging consider passing CUDA_LAUNCH_BLOCKING=1
Compile with `TORCH_USE_CUDA_DSA` to enable device-side assertions.
Traceback (most recent call last):
  File "main.py", line 399, in cb_weights_changed
    self.detector = create_detector(weights_path, model_type='auto',
  File "D:\Projects\yolov5-pyqt5\model_interface.py", line 493, in create_detector
    return YOLOv5ONNXDetector(weights, **kwargs)
  File "D:\Projects\yolov5-pyqt5\model_interface.py", line 259, in __init__
    self.load_model()
  File "D:\Projects\yolov5-pyqt5\model_interface.py", line 330, in load_model
    self.inference_image(dummy_img)
  File "D:\Projects\yolov5-pyqt5\model_interface.py", line 369, in inference_image
    img = img.float()
RuntimeError: CUDA error: no kernel image is available for execution on the device
CUDA kernel errors might be asynchronously reported at some other API call, so the stacktrace below might be incorrect.
For debugging consider passing CUDA_LAUNCH_BLOCKING=1
Compile with `TORCH_USE_CUDA_DSA` to enable device-side assertions.

2026-05-01 11:48:22,942 - __main__ - INFO - ”¶”√≥Ã–Ú∆Ù∂Ø
2026-05-01 11:48:25,085 - __main__ - INFO - ƒ£–Õº”‘ÿ≥…π¶: best.onnx, «Î«Û…Ë±∏=GPU,  µº …Ë±∏=CPU
2026-05-01 11:48:25,086 - __main__ - INFO - º”‘ÿ¡À 2 ∏ˆƒ£–ÕŒƒº˛
2026-05-01 11:48:25,193 - __main__ - INFO - ƒ£–Õº”‘ÿ≥…π¶: best.onnx, «Î«Û…Ë±∏=GPU,  µº …Ë±∏=CPU
2026-05-01 11:48:25,194 - __main__ - INFO - ≤Œ ˝ª÷∏¥≥…π¶
2026-05-01 11:48:32,567 - __main__ - INFO - ƒ£–Õº”‘ÿ≥…π¶: best.onnx, «Î«Û…Ë±∏=CPU,  µº …Ë±∏=CPU
2026-05-01 11:48:45,255 - __main__ - INFO - Õº∆¨ºÏ≤‚“—ÕÍ≥… (ª≠√Ê3): D:/Projects/yolov5-pyqt5/test_img/22.jpg
2026-05-01 11:48:47,882 - __main__ - INFO - Õº∆¨ºÏ≤‚“—ÕÍ≥… (ª≠√Ê4): D:/Projects/yolov5-pyqt5/test_img/25.jpg
2026-05-01 11:48:50,965 - __main__ - INFO - Õº∆¨ºÏ≤‚“—ÕÍ≥… (ª≠√Ê5): D:/Projects/yolov5-pyqt5/test_img/29.jpg
2026-05-01 11:48:52,776 - __main__ - INFO - Õº∆¨ºÏ≤‚“—ÕÍ≥… (ª≠√Ê6): D:/Projects/yolov5-pyqt5/test_img/7.jpg
2026-05-01 11:48:54,841 - __main__ - INFO - Õº∆¨ºÏ≤‚“—ÕÍ≥… (ª≠√Ê7): D:/Projects/yolov5-pyqt5/test_img/34.jpg
2026-05-01 11:48:57,072 - __main__ - INFO - Õº∆¨ºÏ≤‚“—ÕÍ≥… (ª≠√Ê8): D:/Projects/yolov5-pyqt5/test_img/30.jpg
2026-05-01 11:49:00,184 - __main__ - INFO -  ”∆µºÏ≤‚“—Õ£÷π (ª≠√Ê1): D:/Projects/yolov5-pyqt5/test_img/ ”∆µ1.mp4
2026-05-01 11:49:01,827 - __main__ - INFO - HTML±®∏Ê“—…˙≥…: ./results\report_20260501_114901.html
2026-05-01 11:49:05,025 - __main__ - INFO -  ”∆µºÏ≤‚“—Õ£÷π (ª≠√Ê2): D:/Projects/yolov5-pyqt5/test_img/ ”∆µ1.mp4
2026-05-01 11:49:05,132 - __main__ - INFO - HTML±®∏Ê“—…˙≥…: ./results\report_20260501_114901.html
2026-05-01 11:51:47,027 - __main__ - INFO - ‰Ø¿¿∆˜º”‘ÿ¡À 636 ÃıºÏ≤‚º«¬º
2026-05-01 11:52:04,774 - __main__ - INFO - ƒ£–Õº”‘ÿ≥…π¶: best.onnx, «Î«Û…Ë±∏=GPU,  µº …Ë±∏=CPU
2026-05-01 11:52:23,203 - __main__ - INFO - ”¶”√≥Ã–Ú∆Ù∂Ø
2026-05-01 11:52:25,200 - __main__ - INFO - ƒ£–Õº”‘ÿ≥…π¶: best.onnx, «Î«Û…Ë±∏=GPU,  µº …Ë±∏=CPU
2026-05-01 11:52:25,200 - __main__ - INFO - º”‘ÿ¡À 2 ∏ˆƒ£–ÕŒƒº˛
2026-05-01 11:52:25,317 - __main__ - INFO - ƒ£–Õº”‘ÿ≥…π¶: best.onnx, «Î«Û…Ë±∏=GPU,  µº …Ë±∏=CPU
2026-05-01 11:52:25,318 - __main__ - INFO - ≤Œ ˝ª÷∏¥≥…π¶
2026-05-01 12:29:34,733 - __main__ - INFO - ”¶”√≥Ã–Ú∆Ù∂Ø
2026-05-01 12:29:36,152 - torch._native.dsl_registry - INFO - Successfully registered DSL: cutedsl
2026-05-01 12:29:36,153 - torch._native.dsl_registry - INFO - Successfully registered DSL: triton
2026-05-01 12:30:55,499 - __main__ - INFO - ”¶”√≥Ã–Ú∆Ù∂Ø
2026-05-01 12:30:56,583 - torch._native.dsl_registry - INFO - Successfully registered DSL: cutedsl
2026-05-01 12:30:56,584 - torch._native.dsl_registry - INFO - Successfully registered DSL: triton
2026-05-01 12:31:33,482 - __main__ - INFO - ƒ£–Õº”‘ÿ≥…π¶: best.onnx, «Î«Û…Ë±∏=GPU,  µº …Ë±∏=GPU
2026-05-01 12:31:33,483 - __main__ - INFO - º”‘ÿ¡À 2 ∏ˆƒ£–ÕŒƒº˛
2026-05-01 12:31:33,646 - __main__ - INFO - ƒ£–Õº”‘ÿ≥…π¶: best.onnx, «Î«Û…Ë±∏=GPU,  µº …Ë±∏=GPU
2026-05-01 12:31:33,648 - __main__ - INFO - ≤Œ ˝ª÷∏¥≥…π¶
2026-05-01 12:31:51,426 - __main__ - INFO -  ”∆µºÏ≤‚“—Õ£÷π (ª≠√Ê1): D:/Projects/yolov5-pyqt5/test_img/…˙≥…≤‚ ‘Ãı¥¯ ”∆µ.mp4
2026-05-01 12:32:10,071 - __main__ - INFO - ”¶”√≥Ã–Ú∆Ù∂Ø
2026-05-01 12:32:11,185 - torch._native.dsl_registry - INFO - Successfully registered DSL: cutedsl
2026-05-01 12:32:11,187 - torch._native.dsl_registry - INFO - Successfully registered DSL: triton
2026-05-01 12:32:13,197 - __main__ - INFO - ƒ£–Õº”‘ÿ≥…π¶: best.onnx, «Î«Û…Ë±∏=GPU,  µº …Ë±∏=GPU
2026-05-01 12:32:13,198 - __main__ - INFO - º”‘ÿ¡À 2 ∏ˆƒ£–ÕŒƒº˛
2026-05-01 12:32:13,516 - __main__ - INFO - ƒ£–Õº”‘ÿ≥…π¶: best.onnx, «Î«Û…Ë±∏=GPU,  µº …Ë±∏=GPU
2026-05-01 12:32:13,517 - __main__ - INFO - ≤Œ ˝ª÷∏¥≥…π¶
2026-05-01 12:32:16,828 - __main__ - INFO - ƒ£–Õº”‘ÿ≥…π¶: best.onnx, «Î«Û…Ë±∏=CPU,  µº …Ë±∏=CPU
2026-05-01 12:32:22,918 - __main__ - INFO - ƒ£–Õº”‘ÿ≥…π¶: best.onnx, «Î«Û…Ë±∏=GPU,  µº …Ë±∏=GPU
2026-05-01 12:33:58,966 - __main__ - INFO -  ”∆µºÏ≤‚“—Õ£÷π (ª≠√Ê1): D:/Projects/yolov5-pyqt5/test_img/ ”∆µ1.mp4
2026-05-01 12:34:06,030 - __main__ - INFO -  ”∆µºÏ≤‚“—Õ£÷π (ª≠√Ê2): D:/Projects/yolov5-pyqt5/test_img/ ”∆µ1.mp4
2026-05-01 12:35:15,919 - __main__ - INFO -  ”∆µºÏ≤‚“—Õ£÷π (ª≠√Ê3): D:/Projects/yolov5-pyqt5/test_img/ ”∆µ2.mp4
2026-05-01 12:35:16,880 - __main__ - INFO -  ”∆µºÏ≤‚“—Õ£÷π (ª≠√Ê4): D:/Projects/yolov5-pyqt5/test_img/ ”∆µ2.mp4
2026-05-01 12:35:22,213 - __main__ - INFO - HTML±®∏Ê“—…˙≥…: ./results\report_20260501_123522.html
2026-05-01 12:35:30,630 - __main__ - INFO - HTML±®∏Ê“—…˙≥…: ./results\report_20260501_123522.html
2026-05-01 12:36:37,908 - __main__ - INFO - ”¶”√≥Ã–Ú∆Ù∂Ø
2026-05-01 12:36:39,033 - torch._native.dsl_registry - INFO - Successfully registered DSL: cutedsl
2026-05-01 12:36:39,034 - torch._native.dsl_registry - INFO - Successfully registered DSL: triton
2026-05-01 12:36:41,067 - __main__ - INFO - ƒ£–Õº”‘ÿ≥…π¶: best.onnx, «Î«Û…Ë±∏=GPU,  µº …Ë±∏=GPU
2026-05-01 12:36:41,068 - __main__ - INFO - º”‘ÿ¡À 2 ∏ˆƒ£–ÕŒƒº˛
2026-05-01 12:36:41,254 - __main__ - INFO - ƒ£–Õº”‘ÿ≥…π¶: best.onnx, «Î«Û…Ë±∏=GPU,  µº …Ë±∏=GPU
2026-05-01 12:36:41,256 - __main__ - INFO - ≤Œ ˝ª÷∏¥≥…π¶
2026-05-01 12:41:23,948 - __main__ - INFO - ”¶”√≥Ã–Ú∆Ù∂Ø
2026-05-01 12:41:25,076 - torch._native.dsl_registry - INFO - Successfully registered DSL: cutedsl
2026-05-01 12:41:25,076 - torch._native.dsl_registry - INFO - Successfully registered DSL: triton
2026-05-01 12:41:27,044 - __main__ - INFO - ƒ£–Õº”‘ÿ≥…π¶: best.onnx, «Î«Û…Ë±∏=GPU,  µº …Ë±∏=GPU
2026-05-01 12:41:27,045 - __main__ - INFO - º”‘ÿ¡À 2 ∏ˆƒ£–ÕŒƒº˛
2026-05-01 12:41:27,218 - __main__ - INFO - ƒ£–Õº”‘ÿ≥…π¶: best.onnx, «Î«Û…Ë±∏=GPU,  µº …Ë±∏=GPU
2026-05-01 12:41:27,222 - __main__ - INFO - ≤Œ ˝ª÷∏¥≥…π¶
2026-05-01 14:03:16,666 - __main__ - INFO - ”¶”√≥Ã–Ú∆Ù∂Ø
2026-05-01 14:03:38,337 - torch._native.dsl_registry - INFO - Successfully registered DSL: cutedsl
2026-05-01 14:03:38,339 - torch._native.dsl_registry - INFO - Successfully registered DSL: triton
2026-05-01 14:03:43,667 - __main__ - INFO - ƒ£–Õº”‘ÿ≥…π¶: best.onnx, «Î«Û…Ë±∏=GPU,  µº …Ë±∏=GPU
2026-05-01 14:03:43,667 - __main__ - INFO - º”‘ÿ¡À 2 ∏ˆƒ£–ÕŒƒº˛
2026-05-01 14:03:43,931 - __main__ - INFO - ƒ£–Õº”‘ÿ≥…π¶: best.onnx, «Î«Û…Ë±∏=GPU,  µº …Ë±∏=GPU
2026-05-01 14:03:43,933 - __main__ - INFO - ≤Œ ˝ª÷∏¥≥…π¶
2026-05-01 17:13:10,677 - __main__ - INFO - ”¶”√≥Ã–Ú∆Ù∂Ø
2026-05-01 17:13:32,745 - torch._native.dsl_registry - INFO - Successfully registered DSL: cutedsl
2026-05-01 17:13:32,747 - torch._native.dsl_registry - INFO - Successfully registered DSL: triton
2026-05-01 17:13:43,740 - __main__ - INFO - ƒ£–Õº”‘ÿ≥…π¶: best.onnx, «Î«Û…Ë±∏=GPU,  µº …Ë±∏=GPU
2026-05-01 17:13:43,741 - __main__ - INFO - º”‘ÿ¡À 2 ∏ˆƒ£–ÕŒƒº˛
2026-05-01 17:13:44,016 - __main__ - INFO - ƒ£–Õº”‘ÿ≥…π¶: best.onnx, «Î«Û…Ë±∏=GPU,  µº …Ë±∏=GPU
2026-05-01 17:13:44,017 - __main__ - INFO - ≤Œ ˝ª÷∏¥≥…π¶
2026-05-01 17:13:48,533 - __main__ - INFO - ƒ£–Õº”‘ÿ≥…π¶: best.onnx, «Î«Û…Ë±∏=CPU,  µº …Ë±∏=CPU
2026-05-02 10:02:31,800 - __main__ - INFO - ”¶”√≥Ã–Ú∆Ù∂Ø
2026-05-02 10:02:52,590 - torch._native.dsl_registry - INFO - Successfully registered DSL: cutedsl
2026-05-02 10:02:52,593 - torch._native.dsl_registry - INFO - Successfully registered DSL: triton
2026-05-02 10:03:03,883 - __main__ - INFO - ƒ£–Õº”‘ÿ≥…π¶: best.onnx, «Î«Û…Ë±∏=GPU,  µº …Ë±∏=GPU
2026-05-02 10:03:03,883 - __main__ - INFO - º”‘ÿ¡À 2 ∏ˆƒ£–ÕŒƒº˛
2026-05-02 10:03:04,176 - __main__ - INFO - ƒ£–Õº”‘ÿ≥…π¶: best.onnx, «Î«Û…Ë±∏=GPU,  µº …Ë±∏=GPU
2026-05-02 10:03:04,190 - __main__ - INFO - ≤Œ ˝ª÷∏¥≥…π¶
2026-05-02 11:53:14,829 - __main__ - INFO - ”¶”√≥Ã–Ú∆Ù∂Ø
2026-05-02 11:53:16,087 - torch._native.dsl_registry - INFO - Successfully registered DSL: cutedsl
2026-05-02 11:53:16,088 - torch._native.dsl_registry - INFO - Successfully registered DSL: triton
2026-05-02 11:53:18,235 - __main__ - INFO - ƒ£–Õº”‘ÿ≥…π¶: best.onnx, «Î«Û…Ë±∏=GPU,  µº …Ë±∏=GPU
2026-05-02 11:53:18,235 - __main__ - INFO - º”‘ÿ¡À 2 ∏ˆƒ£–ÕŒƒº˛
2026-05-02 11:53:18,554 - __main__ - INFO - ƒ£–Õº”‘ÿ≥…π¶: best.onnx, «Î«Û…Ë±∏=GPU,  µº …Ë±∏=GPU
2026-05-02 11:53:18,577 - __main__ - INFO - ≤Œ ˝ª÷∏¥≥…π¶
2026-05-02 11:53:27,111 - __main__ - INFO - Õº∆¨ºÏ≤‚“—ÕÍ≥… (ª≠√Ê2): D:/Projects/yolov5-pyqt5/test_img/20.jpg
2026-05-02 11:53:30,791 - __main__ - INFO - Õº∆¨ºÏ≤‚“—ÕÍ≥… (ª≠√Ê3): D:/Projects/yolov5-pyqt5/test_img/19.jpg
2026-05-02 11:53:32,764 - __main__ - INFO - Õº∆¨ºÏ≤‚“—ÕÍ≥… (ª≠√Ê4): D:/Projects/yolov5-pyqt5/test_img/29.jpg
2026-05-02 11:53:35,360 - __main__ - INFO - Õº∆¨ºÏ≤‚“—ÕÍ≥… (ª≠√Ê5): D:/Projects/yolov5-pyqt5/test_img/52.jpg
2026-05-02 11:53:37,872 - __main__ - INFO - Õº∆¨ºÏ≤‚“—ÕÍ≥… (ª≠√Ê6): D:/Projects/yolov5-pyqt5/test_img/45.jpg
2026-05-02 11:53:39,441 - __main__ - INFO - Õº∆¨ºÏ≤‚“—ÕÍ≥… (ª≠√Ê7): D:/Projects/yolov5-pyqt5/test_img/34.jpg
2026-05-02 11:53:41,833 - __main__ - INFO -  ”∆µºÏ≤‚“—Õ£÷π (ª≠√Ê1): D:/Projects/yolov5-pyqt5/test_img/ ”∆µ1.mp4
2026-05-02 11:54:14,455 - __main__ - INFO - HTML±®∏Ê“—…˙≥…: ./results\report_20260502_115414.html
2026-05-02 11:54:22,462 - __main__ - INFO - HTML±®∏Ê“—…˙≥…: ./results\report_20260502_115414.html
2026-05-02 11:54:47,754 - __main__ - INFO -  ”∆µºÏ≤‚“—Õ£÷π (ª≠√Ê8): D:/Projects/yolov5-pyqt5/test_img/ ”∆µ2.mp4
2026-05-02 14:09:43,509 - __main__ - INFO - ”¶”√≥Ã–Ú∆Ù∂Ø
2026-05-02 14:09:44,810 - torch._native.dsl_registry - INFO - Successfully registered DSL: cutedsl
2026-05-02 14:09:44,812 - torch._native.dsl_registry - INFO - Successfully registered DSL: triton
2026-05-02 14:09:46,932 - __main__ - INFO - ƒ£–Õº”‘ÿ≥…π¶: best.onnx, «Î«Û…Ë±∏=GPU,  µº …Ë±∏=GPU
2026-05-02 14:09:46,933 - __main__ - INFO - º”‘ÿ¡À 2 ∏ˆƒ£–ÕŒƒº˛
2026-05-02 14:09:47,266 - __main__ - INFO - ƒ£–Õº”‘ÿ≥…π¶: best.onnx, «Î«Û…Ë±∏=GPU,  µº …Ë±∏=GPU
2026-05-02 14:09:47,267 - __main__ - INFO - ≤Œ ˝ª÷∏¥≥…π¶
2026-05-02 14:19:47,114 - __main__ - INFO - ”¶”√≥Ã–Ú∆Ù∂Ø
2026-05-02 14:19:48,325 - torch._native.dsl_registry - INFO - Successfully registered DSL: cutedsl
2026-05-02 14:19:48,327 - torch._native.dsl_registry - INFO - Successfully registered DSL: triton
2026-05-02 14:19:50,255 - __main__ - INFO - ƒ£–Õº”‘ÿ≥…π¶: best.onnx, «Î«Û…Ë±∏=GPU,  µº …Ë±∏=GPU
2026-05-02 14:19:50,256 - __main__ - INFO - º”‘ÿ¡À 2 ∏ˆƒ£–ÕŒƒº˛
2026-05-02 14:19:50,523 - __main__ - INFO - ƒ£–Õº”‘ÿ≥…π¶: best.onnx, «Î«Û…Ë±∏=GPU,  µº …Ë±∏=GPU
2026-05-02 14:19:50,532 - __main__ - INFO - ≤Œ ˝ª÷∏¥≥…π¶
2026-05-02 14:19:54,179 - __main__ - INFO - ƒ£–Õº”‘ÿ≥…π¶: best.onnx, «Î«Û…Ë±∏=CPU,  µº …Ë±∏=CPU
2026-05-02 14:19:56,189 - __main__ - INFO - ƒ£–Õº”‘ÿ≥…π¶: best.onnx, «Î«Û…Ë±∏=GPU,  µº …Ë±∏=GPU
2026-05-02 14:21:20,017 - __main__ - INFO - ”¶”√≥Ã–Ú∆Ù∂Ø
2026-05-02 14:21:21,312 - torch._native.dsl_registry - INFO - Successfully registered DSL: cutedsl
2026-05-02 14:21:21,313 - torch._native.dsl_registry - INFO - Successfully registered DSL: triton
2026-05-02 14:21:23,410 - __main__ - INFO - ƒ£–Õº”‘ÿ≥…π¶: best.onnx, «Î«Û…Ë±∏=GPU,  µº …Ë±∏=GPU
2026-05-02 14:21:23,411 - __main__ - INFO - º”‘ÿ¡À 2 ∏ˆƒ£–ÕŒƒº˛
2026-05-02 14:21:23,719 - __main__ - INFO - ƒ£–Õº”‘ÿ≥…π¶: best.onnx, «Î«Û…Ë±∏=GPU,  µº …Ë±∏=GPU
2026-05-02 14:21:23,720 - __main__ - INFO - ≤Œ ˝ª÷∏¥≥…π¶
2026-05-02 14:21:39,040 - __main__ - INFO -  ”∆µºÏ≤‚“—Õ£÷π (ª≠√Ê1): D:/Projects/yolov5-pyqt5/test_img/ ”∆µ2.mp4
2026-05-02 14:21:41,447 - __main__ - INFO - ƒ£–Õº”‘ÿ≥…π¶: best.onnx, «Î«Û…Ë±∏=CPU,  µº …Ë±∏=CPU
2026-05-02 15:51:03,598 - __main__ - INFO - ”¶”√≥Ã–Ú∆Ù∂Ø
2026-05-02 15:51:04,837 - torch._native.dsl_registry - INFO - Successfully registered DSL: cutedsl
2026-05-02 15:51:04,838 - torch._native.dsl_registry - INFO - Successfully registered DSL: triton
2026-05-02 15:51:06,972 - __main__ - INFO - ƒ£–Õº”‘ÿ≥…π¶: best.onnx, «Î«Û…Ë±∏=GPU,  µº …Ë±∏=GPU
2026-05-02 15:51:06,972 - __main__ - INFO - º”‘ÿ¡À 2 ∏ˆƒ£–ÕŒƒº˛
2026-05-02 15:51:07,332 - __main__ - INFO - ƒ£–Õº”‘ÿ≥…π¶: best.onnx, «Î«Û…Ë±∏=GPU,  µº …Ë±∏=GPU
2026-05-02 15:51:07,333 - __main__ - INFO - ≤Œ ˝ª÷∏¥≥…π¶
2026-05-02 15:51:30,527 - __main__ - INFO - Õº∆¨ºÏ≤‚“—ÕÍ≥… (ª≠√Ê3): D:/Projects/yolov5-pyqt5/test_img/8.jpg
2026-05-02 15:51:30,931 - __main__ - INFO -  ”∆µºÏ≤‚“—Õ£÷π (ª≠√Ê1): D:/Projects/yolov5-pyqt5/test_img/ ”∆µ1.mp4
2026-05-02 15:51:33,071 - __main__ - INFO - Õº∆¨ºÏ≤‚“—ÕÍ≥… (ª≠√Ê4): D:/Projects/yolov5-pyqt5/test_img/35.jpg
2026-05-02 15:51:36,600 - __main__ - INFO - Õº∆¨ºÏ≤‚“—ÕÍ≥… (ª≠√Ê5): D:/Projects/yolov5-pyqt5/test_img/53.jpg
2026-05-02 15:51:39,220 - __main__ - INFO - Õº∆¨ºÏ≤‚“—ÕÍ≥… (ª≠√Ê6): D:/Projects/yolov5-pyqt5/test_img/21.jpg
2026-05-02 15:51:42,236 - __main__ - INFO - Õº∆¨ºÏ≤‚“—ÕÍ≥… (ª≠√Ê7): D:/Projects/yolov5-pyqt5/test_img/40.jpg
2026-05-02 15:51:46,376 - __main__ - INFO - Õº∆¨ºÏ≤‚“—ÕÍ≥… (ª≠√Ê7): D:/Projects/yolov5-pyqt5/test_img/40.jpg
2026-05-02 15:51:54,323 - __main__ - INFO - Õº∆¨ºÏ≤‚“—ÕÍ≥… (ª≠√Ê8): D:/Projects/yolov5-pyqt5/test_img/29.jpg
2026-05-02 15:51:58,664 - __main__ - INFO - Õº∆¨ºÏ≤‚“—ÕÍ≥… (ª≠√Ê8): D:/Projects/yolov5-pyqt5/test_img/35.jpg
2026-05-02 15:52:02,112 - __main__ - INFO - Õº∆¨ºÏ≤‚“—ÕÍ≥… (ª≠√Ê8): D:/Projects/yolov5-pyqt5/test_img/40.jpg
2026-05-02 15:52:20,636 - __main__ - INFO - HTML±®∏Ê“—…˙≥…: ./results\report_20260502_155220.html
2026-05-02 15:52:20,730 - __main__ - INFO -  ”∆µºÏ≤‚“—Õ£÷π (ª≠√Ê2): D:/Projects/yolov5-pyqt5/test_img/ ”∆µ2.mp4
2026-05-02 15:52:25,249 - __main__ - INFO - HTML±®∏Ê“—…˙≥…: ./results\report_20260502_155220.html
2026-05-02 15:52:27,777 - __main__ - INFO -  ”∆µºÏ≤‚“—Õ£÷π (ª≠√Ê1): D:/Projects/yolov5-pyqt5/test_img/ ”∆µ1.mp4
2026-05-02 15:52:27,785 - __main__ - INFO -  ”∆µºÏ≤‚“—Õ£÷π (ª≠√Ê2): D:/Projects/yolov5-pyqt5/test_img/ ”∆µ2.mp4
2026-05-02 15:52:51,520 - __main__ - INFO - …„œÒÕ∑ºÏ≤‚“—Õ£÷π (ª≠√Ê5)
2026-05-02 17:30:56,386 - __main__ - INFO - ”¶”√≥Ã–Ú∆Ù∂Ø
2026-05-02 17:30:57,673 - torch._native.dsl_registry - INFO - Successfully registered DSL: cutedsl
2026-05-02 17:30:57,674 - torch._native.dsl_registry - INFO - Successfully registered DSL: triton
2026-05-02 17:30:59,755 - __main__ - INFO - ƒ£–Õº”‘ÿ≥…π¶: best.onnx, «Î«Û…Ë±∏=GPU,  µº …Ë±∏=GPU
2026-05-02 17:30:59,755 - __main__ - INFO - º”‘ÿ¡À 2 ∏ˆƒ£–ÕŒƒº˛
2026-05-02 17:31:00,030 - __main__ - INFO - ƒ£–Õº”‘ÿ≥…π¶: best.onnx, «Î«Û…Ë±∏=GPU,  µº …Ë±∏=GPU
2026-05-02 17:31:00,038 - __main__ - INFO - ≤Œ ˝ª÷∏¥≥…π¶
2026-05-02 17:31:30,324 - __main__ - INFO -  ”∆µºÏ≤‚“—Õ£÷π (ª≠√Ê2): D:/Projects/yolov5-pyqt5/test_img/ ”∆µ1.mp4
2026-05-02 17:31:32,088 - __main__ - INFO - Õº∆¨ºÏ≤‚“—ÕÍ≥… (ª≠√Ê4): D:/Projects/yolov5-pyqt5/test_img/32.jpg
2026-05-02 17:31:33,710 - __main__ - INFO -  ”∆µºÏ≤‚“—Õ£÷π (ª≠√Ê3): D:/Projects/yolov5-pyqt5/test_img/ ”∆µ1.mp4
2026-05-02 17:31:34,365 - __main__ - INFO - Õº∆¨ºÏ≤‚“—ÕÍ≥… (ª≠√Ê8): D:/Projects/yolov5-pyqt5/test_img/30.jpg
2026-05-02 17:31:37,395 - __main__ - INFO - Õº∆¨ºÏ≤‚“—ÕÍ≥… (ª≠√Ê7): D:/Projects/yolov5-pyqt5/test_img/29.jpg
2026-05-02 17:31:41,628 - __main__ - INFO - Õº∆¨ºÏ≤‚“—ÕÍ≥… (ª≠√Ê6): D:/Projects/yolov5-pyqt5/test_img/32.jpg
2026-05-02 17:31:45,042 - __main__ - INFO - Õº∆¨ºÏ≤‚“—ÕÍ≥… (ª≠√Ê6): D:/Projects/yolov5-pyqt5/test_img/30.jpg
2026-05-02 17:31:48,192 - __main__ - INFO - Õº∆¨ºÏ≤‚“—ÕÍ≥… (ª≠√Ê6): D:/Projects/yolov5-pyqt5/test_img/40.jpg
2026-05-02 17:31:55,005 - __main__ - INFO - Õº∆¨ºÏ≤‚“—ÕÍ≥… (ª≠√Ê5): D:/Projects/yolov5-pyqt5/test_img/40.jpg
2026-05-02 17:32:06,667 - __main__ - INFO -  ”∆µºÏ≤‚“—Õ£÷π (ª≠√Ê1): D:/Projects/yolov5-pyqt5/test_img/ ”∆µ2.mp4
2026-05-02 17:32:12,378 - __main__ - INFO - HTML±®∏Ê“—…˙≥…: ./results\report_20260502_173212.html
2026-05-02 17:32:21,547 - __main__ - INFO - HTML±®∏Ê“—…˙≥…: ./results\report_20260502_173212.html
2026-05-02 17:36:33,577 - __main__ - INFO - ”¶”√≥Ã–Ú∆Ù∂Ø
2026-05-02 17:36:34,842 - torch._native.dsl_registry - INFO - Successfully registered DSL: cutedsl
2026-05-02 17:36:34,844 - torch._native.dsl_registry - INFO - Successfully registered DSL: triton
2026-05-02 17:36:37,013 - __main__ - INFO - ƒ£–Õº”‘ÿ≥…π¶: best.onnx, «Î«Û…Ë±∏=GPU,  µº …Ë±∏=GPU
2026-05-02 17:36:37,013 - __main__ - INFO - º”‘ÿ¡À 2 ∏ˆƒ£–ÕŒƒº˛
2026-05-02 17:36:37,283 - __main__ - INFO - ƒ£–Õº”‘ÿ≥…π¶: best.onnx, «Î«Û…Ë±∏=GPU,  µº …Ë±∏=GPU
2026-05-02 17:36:37,298 - __main__ - INFO - ≤Œ ˝ª÷∏¥≥…π¶
2026-05-02 19:56:27,495 - __main__ - INFO - ”¶”√≥Ã–Ú∆Ù∂Ø
2026-05-02 19:56:50,772 - torch._native.dsl_registry - INFO - Successfully registered DSL: cutedsl
2026-05-02 19:56:50,775 - torch._native.dsl_registry - INFO - Successfully registered DSL: triton
2026-05-02 19:57:01,108 - __main__ - INFO - ƒ£–Õº”‘ÿ≥…π¶: best.onnx, «Î«Û…Ë±∏=GPU,  µº …Ë±∏=GPU
2026-05-02 19:57:01,108 - __main__ - INFO - º”‘ÿ¡À 2 ∏ˆƒ£–ÕŒƒº˛
2026-05-02 19:57:01,409 - __main__ - INFO - ƒ£–Õº”‘ÿ≥…π¶: best.onnx, «Î«Û…Ë±∏=GPU,  µº …Ë±∏=GPU
2026-05-02 19:57:01,416 - __main__ - INFO - ≤Œ ˝ª÷∏¥≥…π¶
2026-05-02 20:26:36,305 - __main__ - INFO - ”¶”√≥Ã–Ú∆Ù∂Ø
2026-05-02 20:26:37,611 - torch._native.dsl_registry - INFO - Successfully registered DSL: cutedsl
2026-05-02 20:26:37,612 - torch._native.dsl_registry - INFO - Successfully registered DSL: triton
2026-05-02 20:26:39,649 - __main__ - INFO - ƒ£–Õº”‘ÿ≥…π¶: best.onnx, «Î«Û…Ë±∏=GPU,  µº …Ë±∏=GPU
2026-05-02 20:26:39,649 - __main__ - INFO - º”‘ÿ¡À 2 ∏ˆƒ£–ÕŒƒº˛
2026-05-02 20:26:40,000 - __main__ - INFO - ƒ£–Õº”‘ÿ≥…π¶: best.onnx, «Î«Û…Ë±∏=GPU,  µº …Ë±∏=GPU
2026-05-02 20:26:40,001 - __main__ - INFO - ≤Œ ˝ª÷∏¥≥…π¶
2026-05-02 20:26:48,411 - __main__ - INFO - Õº∆¨ºÏ≤‚“—ÕÍ≥… (ª≠√Ê2): D:/Projects/yolov5-pyqt5/test_img/13.jpg
2026-05-02 20:26:49,736 - __main__ - INFO - Õº∆¨ºÏ≤‚“—ÕÍ≥… (ª≠√Ê3): D:/Projects/yolov5-pyqt5/test_img/34.jpg
2026-05-02 20:26:51,741 - __main__ - INFO - Õº∆¨ºÏ≤‚“—ÕÍ≥… (ª≠√Ê4): D:/Projects/yolov5-pyqt5/test_img/53.jpg
2026-05-02 20:26:53,804 - __main__ - INFO - Õº∆¨ºÏ≤‚“—ÕÍ≥… (ª≠√Ê5): D:/Projects/yolov5-pyqt5/test_img/32.jpg
2026-05-02 20:26:55,893 - __main__ - INFO - Õº∆¨ºÏ≤‚“—ÕÍ≥… (ª≠√Ê6): D:/Projects/yolov5-pyqt5/test_img/52.jpg
2026-05-02 20:26:57,617 - __main__ - INFO - Õº∆¨ºÏ≤‚“—ÕÍ≥… (ª≠√Ê7): D:/Projects/yolov5-pyqt5/test_img/18.jpg
2026-05-02 20:27:00,387 - __main__ - INFO - Õº∆¨ºÏ≤‚“—ÕÍ≥… (ª≠√Ê8): D:/Projects/yolov5-pyqt5/test_img/52.jpg
2026-05-02 20:27:04,304 - __main__ - INFO -  ”∆µºÏ≤‚“—Õ£÷π (ª≠√Ê1): D:/Projects/yolov5-pyqt5/test_img/ ”∆µ1.mp4
2026-05-02 21:01:04,882 - __main__ - INFO - ”¶”√≥Ã–Ú∆Ù∂Ø
2026-05-02 21:01:06,583 - torch._native.dsl_registry - INFO - Successfully registered DSL: cutedsl
2026-05-02 21:01:06,584 - torch._native.dsl_registry - INFO - Successfully registered DSL: triton
2026-05-02 21:01:08,715 - __main__ - INFO - ƒ£–Õº”‘ÿ≥…π¶: best.onnx, «Î«Û…Ë±∏=GPU,  µº …Ë±∏=GPU
2026-05-02 21:01:08,715 - __main__ - INFO - º”‘ÿ¡À 2 ∏ˆƒ£–ÕŒƒº˛
2026-05-02 21:01:09,088 - __main__ - INFO - ƒ£–Õº”‘ÿ≥…π¶: best.onnx, «Î«Û…Ë±∏=GPU,  µº …Ë±∏=GPU
2026-05-02 21:01:09,119 - __main__ - INFO - ≤Œ ˝ª÷∏¥≥…π¶
2026-05-02 21:02:22,870 - __main__ - INFO - ”¶”√≥Ã–Ú∆Ù∂Ø
2026-05-02 21:02:24,066 - torch._native.dsl_registry - INFO - Successfully registered DSL: cutedsl
2026-05-02 21:02:24,067 - torch._native.dsl_registry - INFO - Successfully registered DSL: triton
2026-05-02 21:02:26,014 - __main__ - INFO - ƒ£–Õº”‘ÿ≥…π¶: best.onnx, «Î«Û…Ë±∏=GPU,  µº …Ë±∏=GPU
2026-05-02 21:02:26,015 - __main__ - INFO - º”‘ÿ¡À 2 ∏ˆƒ£–ÕŒƒº˛
2026-05-02 21:02:26,223 - __main__ - INFO - ƒ£–Õº”‘ÿ≥…π¶: best.onnx, «Î«Û…Ë±∏=GPU,  µº …Ë±∏=GPU
2026-05-02 21:02:26,224 - __main__ - INFO - ≤Œ ˝ª÷∏¥≥…π¶
2026-05-02 23:05:17,509 - __main__ - INFO - ”¶”√≥Ã–Ú∆Ù∂Ø
2026-05-02 23:05:39,440 - torch._native.dsl_registry - INFO - Successfully registered DSL: cutedsl
2026-05-02 23:05:39,442 - torch._native.dsl_registry - INFO - Successfully registered DSL: triton
2026-05-02 23:05:50,220 - __main__ - INFO - ƒ£–Õº”‘ÿ≥…π¶: best.onnx, «Î«Û…Ë±∏=GPU,  µº …Ë±∏=GPU
2026-05-02 23:05:50,221 - __main__ - INFO - º”‘ÿ¡À 2 ∏ˆƒ£–ÕŒƒº˛
2026-05-02 23:05:50,410 - __main__ - INFO - ƒ£–Õº”‘ÿ≥…π¶: best.onnx, «Î«Û…Ë±∏=GPU,  µº …Ë±∏=GPU
2026-05-02 23:05:50,419 - __main__ - INFO - ≤Œ ˝ª÷∏¥≥…π¶
2026-05-02 23:06:17,339 - __main__ - INFO -  ”∆µºÏ≤‚“—Õ£÷π (ª≠√Ê1): D:/Projects/yolov5-pyqt5/test_img/ ”∆µ1.mp4
2026-05-02 23:06:27,926 - __main__ - INFO -  ”∆µºÏ≤‚“—Õ£÷π (ª≠√Ê3): D:/Projects/yolov5-pyqt5/test_img/ ”∆µ1.mp4
2026-05-02 23:07:02,857 - __main__ - INFO -  ”∆µºÏ≤‚“—Õ£÷π (ª≠√Ê2): D:/Projects/yolov5-pyqt5/test_img/ ”∆µ2.mp4
2026-05-03 10:09:50,025 - __main__ - INFO - ”¶”√≥Ã–Ú∆Ù∂Ø
2026-05-03 10:10:10,575 - torch._native.dsl_registry - INFO - Successfully registered DSL: cutedsl
2026-05-03 10:10:10,577 - torch._native.dsl_registry - INFO - Successfully registered DSL: triton
2026-05-03 10:10:21,378 - __main__ - INFO - ƒ£–Õº”‘ÿ≥…π¶: best.onnx, «Î«Û…Ë±∏=GPU,  µº …Ë±∏=GPU
2026-05-03 10:10:21,379 - __main__ - INFO - º”‘ÿ¡À 2 ∏ˆƒ£–ÕŒƒº˛
2026-05-03 10:10:21,674 - __main__ - INFO - ƒ£–Õº”‘ÿ≥…π¶: best.onnx, «Î«Û…Ë±∏=GPU,  µº …Ë±∏=GPU
2026-05-03 10:10:21,698 - __main__ - INFO - ≤Œ ˝ª÷∏¥≥…π¶
2026-05-03 10:11:30,054 - __main__ - INFO -  ”∆µºÏ≤‚“—Õ£÷π (ª≠√Ê1): D:/Projects/yolov5-pyqt5/test_img/ ”∆µ1.mp4
2026-05-03 22:06:38,131 - __main__ - INFO - ”¶”√≥Ã–Ú∆Ù∂Ø
2026-05-03 22:07:20,737 - torch._native.dsl_registry - INFO - Successfully registered DSL: cutedsl
2026-05-03 22:07:20,744 - torch._native.dsl_registry - INFO - Successfully registered DSL: triton
2026-05-03 22:07:35,870 - __main__ - INFO - ƒ£–Õº”‘ÿ≥…π¶: best.onnx, «Î«Û…Ë±∏=GPU,  µº …Ë±∏=GPU
2026-05-03 22:07:35,871 - __main__ - INFO - º”‘ÿ¡À 2 ∏ˆƒ£–ÕŒƒº˛
2026-05-03 22:07:36,217 - __main__ - INFO - ƒ£–Õº”‘ÿ≥…π¶: best.onnx, «Î«Û…Ë±∏=GPU,  µº …Ë±∏=GPU
2026-05-03 22:07:36,218 - __main__ - INFO - ≤Œ ˝ª÷∏¥≥…π¶
2026-05-04 09:33:41,912 - __main__ - INFO - ”¶”√≥Ã–Ú∆Ù∂Ø
2026-05-04 09:34:20,013 - torch._native.dsl_registry - INFO - Successfully registered DSL: cutedsl
2026-05-04 09:34:20,015 - torch._native.dsl_registry - INFO - Successfully registered DSL: triton
2026-05-04 09:34:26,831 - __main__ - INFO - ƒ£–Õº”‘ÿ≥…π¶: best.onnx, «Î«Û…Ë±∏=GPU,  µº …Ë±∏=GPU
2026-05-04 09:34:26,832 - __main__ - INFO - º”‘ÿ¡À 3 ∏ˆƒ£–ÕŒƒº˛
2026-05-04 09:34:27,093 - __main__ - INFO - ƒ£–Õº”‘ÿ≥…π¶: best.onnx, «Î«Û…Ë±∏=GPU,  µº …Ë±∏=GPU
2026-05-04 09:34:27,102 - __main__ - INFO - ≤Œ ˝ª÷∏¥≥…π¶
2026-05-04 09:34:36,591 - __main__ - ERROR - ƒ£–Õº”‘ÿ ß∞‹: PyTorchƒ£–Õ÷ß≥÷¥˝ µœ÷
Traceback (most recent call last):
  File "D:\Projects\yolov5-pyqt5\main.py", line 399, in cb_weights_changed
    self.detector = create_detector(weights_path, model_type='auto',
                    ^^^^^^^^^^^^^^^^^^^^^^^^^^^^^^^^^^^^^^^^^^^^^^^^
  File "D:\Projects\yolov5-pyqt5\model_interface.py", line 497, in create_detector
    raise NotImplementedError("PyTorchƒ£–Õ÷ß≥÷¥˝ µœ÷")
NotImplementedError: PyTorchƒ£–Õ÷ß≥÷¥˝ µœ÷
2026-05-04 09:48:11,835 - __main__ - INFO - ”¶”√≥Ã–Ú∆Ù∂Ø
2026-05-04 09:48:13,315 - torch._native.dsl_registry - INFO - Successfully registered DSL: cutedsl
2026-05-04 09:48:13,317 - torch._native.dsl_registry - INFO - Successfully registered DSL: triton
2026-05-04 09:48:15,424 - __main__ - INFO - ƒ£–Õº”‘ÿ≥…π¶: best.onnx, «Î«Û…Ë±∏=GPU,  µº …Ë±∏=GPU
2026-05-04 09:48:15,425 - __main__ - INFO - º”‘ÿ¡À 3 ∏ˆƒ£–ÕŒƒº˛
2026-05-04 09:48:15,718 - __main__ - INFO - ƒ£–Õº”‘ÿ≥…π¶: best.onnx, «Î«Û…Ë±∏=GPU,  µº …Ë±∏=GPU
2026-05-04 09:48:15,744 - __main__ - INFO - ≤Œ ˝ª÷∏¥≥…π¶
2026-05-04 09:54:12,789 - __main__ - INFO - ”¶”√≥Ã–Ú∆Ù∂Ø
2026-05-04 09:54:14,281 - torch._native.dsl_registry - INFO - Successfully registered DSL: cutedsl
2026-05-04 09:54:14,282 - torch._native.dsl_registry - INFO - Successfully registered DSL: triton
2026-05-04 09:54:16,472 - __main__ - INFO - ƒ£–Õº”‘ÿ≥…π¶: best.onnx, «Î«Û…Ë±∏=GPU,  µº …Ë±∏=GPU
2026-05-04 09:54:16,473 - __main__ - INFO - º”‘ÿ¡À 3 ∏ˆƒ£–ÕŒƒº˛
2026-05-04 09:54:16,898 - __main__ - INFO - ƒ£–Õº”‘ÿ≥…π¶: best.onnx, «Î«Û…Ë±∏=GPU,  µº …Ë±∏=GPU
2026-05-04 09:54:16,901 - __main__ - INFO - ≤Œ ˝ª÷∏¥≥…π¶
2026-05-04 09:54:18,798 - __main__ - ERROR - ƒ£–Õº”‘ÿ ß∞‹: Weights only load failed. This file can still be loaded, to do so you have two options, [1mdo those steps only if you trust the source of the checkpoint[0m. 
	(1) In PyTorch 2.6, we changed the default value of the `weights_only` argument in `torch.load` from `False` to `True`. Re-running `torch.load` with `weights_only` set to `False` will likely succeed, but it can result in arbitrary code execution. Do it only if you got the file from a trusted source.
	(2) Alternatively, to load with `weights_only=True` please check the recommended steps in the following error message.
	WeightsUnpickler error: Unsupported global: GLOBAL models.yolo.DetectionModel was not an allowed global by default. Please use `torch.serialization.add_safe_globals([models.yolo.DetectionModel])` or the `torch.serialization.safe_globals([models.yolo.DetectionModel])` context manager to allowlist this global if you trust this class/function.

Check the documentation of torch.load to learn more about types accepted by default with weights_only https://pytorch.org/docs/stable/generated/torch.load.html.
Traceback (most recent call last):
  File "D:\Projects\yolov5-pyqt5\main.py", line 399, in cb_weights_changed
    self.detector = create_detector(weights_path, model_type='auto',
                    ^^^^^^^^^^^^^^^^^^^^^^^^^^^^^^^^^^^^^^^^^^^^^^^^
  File "D:\Projects\yolov5-pyqt5\model_interface.py", line 578, in create_detector
    return YOLOv5PyTorchDetector(weights, **kwargs)
           ^^^^^^^^^^^^^^^^^^^^^^^^^^^^^^^^^^^^^^^^
  File "D:\Projects\yolov5-pyqt5\model_interface.py", line 446, in __init__
    self.load_model()
  File "D:\Projects\yolov5-pyqt5\model_interface.py", line 464, in load_model
    checkpoint = torch.load(self.weights, map_location=self.device)
                 ^^^^^^^^^^^^^^^^^^^^^^^^^^^^^^^^^^^^^^^^^^^^^^^^^^
  File "D:\Users\26838\miniconda3\envs\yolov5-gpu\Lib\site-packages\torch\serialization.py", line 1578, in load
    raise pickle.UnpicklingError(_get_wo_message(str(e))) from None
_pickle.UnpicklingError: Weights only load failed. This file can still be loaded, to do so you have two options, [1mdo those steps only if you trust the source of the checkpoint[0m. 
	(1) In PyTorch 2.6, we changed the default value of the `weights_only` argument in `torch.load` from `False` to `True`. Re-running `torch.load` with `weights_only` set to `False` will likely succeed, but it can result in arbitrary code execution. Do it only if you got the file from a trusted source.
	(2) Alternatively, to load with `weights_only=True` please check the recommended steps in the following error message.
	WeightsUnpickler error: Unsupported global: GLOBAL models.yolo.DetectionModel was not an allowed global by default. Please use `torch.serialization.add_safe_globals([models.yolo.DetectionModel])` or the `torch.serialization.safe_globals([models.yolo.DetectionModel])` context manager to allowlist this global if you trust this class/function.

Check the documentation of torch.load to learn more about types accepted by default with weights_only https://pytorch.org/docs/stable/generated/torch.load.html.
2026-05-04 09:58:29,346 - __main__ - INFO - ”¶”√≥Ã–Ú∆Ù∂Ø
2026-05-04 09:58:30,687 - torch._native.dsl_registry - INFO - Successfully registered DSL: cutedsl
2026-05-04 09:58:30,688 - torch._native.dsl_registry - INFO - Successfully registered DSL: triton
2026-05-04 09:58:32,726 - __main__ - INFO - ƒ£–Õº”‘ÿ≥…π¶: best.onnx, «Î«Û…Ë±∏=GPU,  µº …Ë±∏=GPU
2026-05-04 09:58:32,727 - __main__ - INFO - º”‘ÿ¡À 3 ∏ˆƒ£–ÕŒƒº˛
2026-05-04 09:58:33,040 - __main__ - INFO - ƒ£–Õº”‘ÿ≥…π¶: best.onnx, «Î«Û…Ë±∏=GPU,  µº …Ë±∏=GPU
2026-05-04 09:58:33,045 - __main__ - INFO - ≤Œ ˝ª÷∏¥≥…π¶
2026-05-04 09:58:34,688 - __main__ - ERROR - ƒ£–Õº”‘ÿ ß∞‹: Weights only load failed. This file can still be loaded, to do so you have two options, [1mdo those steps only if you trust the source of the checkpoint[0m. 
	(1) In PyTorch 2.6, we changed the default value of the `weights_only` argument in `torch.load` from `False` to `True`. Re-running `torch.load` with `weights_only` set to `False` will likely succeed, but it can result in arbitrary code execution. Do it only if you got the file from a trusted source.
	(2) Alternatively, to load with `weights_only=True` please check the recommended steps in the following error message.
	WeightsUnpickler error: Unsupported global: GLOBAL models.yolo.DetectionModel was not an allowed global by default. Please use `torch.serialization.add_safe_globals([models.yolo.DetectionModel])` or the `torch.serialization.safe_globals([models.yolo.DetectionModel])` context manager to allowlist this global if you trust this class/function.

Check the documentation of torch.load to learn more about types accepted by default with weights_only https://pytorch.org/docs/stable/generated/torch.load.html.
Traceback (most recent call last):
  File "D:\Projects\yolov5-pyqt5\main.py", line 399, in cb_weights_changed
    self.detector = create_detector(weights_path, model_type='auto',
                    ^^^^^^^^^^^^^^^^^^^^^^^^^^^^^^^^^^^^^^^^^^^^^^^^
  File "D:\Projects\yolov5-pyqt5\model_interface.py", line 422, in create_detector
    return YOLOv5PyTorchDetector(weights, **kwargs)
           ^^^^^^^^^^^^^^^^^^^^^^^^^^^^^^^^^^^^^^^^
  File "D:\Projects\yolov5-pyqt5\model_interface.py", line 304, in __init__
    self.load_model()
  File "D:\Projects\yolov5-pyqt5\model_interface.py", line 322, in load_model
    checkpoint = torch.load(self.weights, map_location=self.device)
                 ^^^^^^^^^^^^^^^^^^^^^^^^^^^^^^^^^^^^^^^^^^^^^^^^^^
  File "D:\Users\26838\miniconda3\envs\yolov5-gpu\Lib\site-packages\torch\serialization.py", line 1578, in load
    raise pickle.UnpicklingError(_get_wo_message(str(e))) from None
_pickle.UnpicklingError: Weights only load failed. This file can still be loaded, to do so you have two options, [1mdo those steps only if you trust the source of the checkpoint[0m. 
	(1) In PyTorch 2.6, we changed the default value of the `weights_only` argument in `torch.load` from `False` to `True`. Re-running `torch.load` with `weights_only` set to `False` will likely succeed, but it can result in arbitrary code execution. Do it only if you got the file from a trusted source.
	(2) Alternatively, to load with `weights_only=True` please check the recommended steps in the following error message.
	WeightsUnpickler error: Unsupported global: GLOBAL models.yolo.DetectionModel was not an allowed global by default. Please use `torch.serialization.add_safe_globals([models.yolo.DetectionModel])` or the `torch.serialization.safe_globals([models.yolo.DetectionModel])` context manager to allowlist this global if you trust this class/function.

Check the documentation of torch.load to learn more about types accepted by default with weights_only https://pytorch.org/docs/stable/generated/torch.load.html.
2026-05-04 10:01:42,358 - __main__ - INFO - ”¶”√≥Ã–Ú∆Ù∂Ø
2026-05-04 10:01:43,590 - torch._native.dsl_registry - INFO - Successfully registered DSL: cutedsl
2026-05-04 10:01:43,591 - torch._native.dsl_registry - INFO - Successfully registered DSL: triton
2026-05-04 10:01:45,701 - __main__ - INFO - ƒ£–Õº”‘ÿ≥…π¶: best.onnx, «Î«Û…Ë±∏=GPU,  µº …Ë±∏=GPU
2026-05-04 10:01:45,702 - __main__ - INFO - º”‘ÿ¡À 3 ∏ˆƒ£–ÕŒƒº˛
2026-05-04 10:01:46,103 - __main__ - INFO - ƒ£–Õº”‘ÿ≥…π¶: best.onnx, «Î«Û…Ë±∏=GPU,  µº …Ë±∏=GPU
2026-05-04 10:01:46,104 - __main__ - INFO - ≤Œ ˝ª÷∏¥≥…π¶
2026-05-04 10:01:48,207 - __main__ - ERROR - ƒ£–Õº”‘ÿ ß∞‹: No module named 'models'
Traceback (most recent call last):
  File "D:\Projects\yolov5-pyqt5\model_interface.py", line 468, in load_model
    checkpoint = torch.load(self.weights, map_location=self.device)
                 ^^^^^^^^^^^^^^^^^^^^^^^^^^^^^^^^^^^^^^^^^^^^^^^^^^
  File "D:\Users\26838\miniconda3\envs\yolov5-gpu\Lib\site-packages\torch\serialization.py", line 1578, in load
    raise pickle.UnpicklingError(_get_wo_message(str(e))) from None
_pickle.UnpicklingError: Weights only load failed. This file can still be loaded, to do so you have two options, [1mdo those steps only if you trust the source of the checkpoint[0m. 
	(1) In PyTorch 2.6, we changed the default value of the `weights_only` argument in `torch.load` from `False` to `True`. Re-running `torch.load` with `weights_only` set to `False` will likely succeed, but it can result in arbitrary code execution. Do it only if you got the file from a trusted source.
	(2) Alternatively, to load with `weights_only=True` please check the recommended steps in the following error message.
	WeightsUnpickler error: Unsupported global: GLOBAL models.yolo.DetectionModel was not an allowed global by default. Please use `torch.serialization.add_safe_globals([models.yolo.DetectionModel])` or the `torch.serialization.safe_globals([models.yolo.DetectionModel])` context manager to allowlist this global if you trust this class/function.

Check the documentation of torch.load to learn more about types accepted by default with weights_only https://pytorch.org/docs/stable/generated/torch.load.html.

During handling of the above exception, another exception occurred:

Traceback (most recent call last):
  File "D:\Projects\yolov5-pyqt5\main.py", line 399, in cb_weights_changed
    self.detector = create_detector(weights_path, model_type='auto',
                    ^^^^^^^^^^^^^^^^^^^^^^^^^^^^^^^^^^^^^^^^^^^^^^^^
  File "D:\Projects\yolov5-pyqt5\model_interface.py", line 614, in create_detector
    return YOLOv5PyTorchDetector(weights, **kwargs)
           ^^^^^^^^^^^^^^^^^^^^^^^^^^^^^^^^^^^^^^^^
  File "D:\Projects\yolov5-pyqt5\model_interface.py", line 446, in __init__
    self.load_model()
  File "D:\Projects\yolov5-pyqt5\model_interface.py", line 473, in load_model
    checkpoint = torch.load(self.weights, map_location=self.device, weights_only=False)
                 ^^^^^^^^^^^^^^^^^^^^^^^^^^^^^^^^^^^^^^^^^^^^^^^^^^^^^^^^^^^^^^^^^^^^^^
  File "D:\Users\26838\miniconda3\envs\yolov5-gpu\Lib\site-packages\torch\serialization.py", line 1579, in load
    return _load(
           ^^^^^^
  File "D:\Users\26838\miniconda3\envs\yolov5-gpu\Lib\site-packages\torch\serialization.py", line 2190, in _load
    result = unpickler.load()
             ^^^^^^^^^^^^^^^^
  File "D:\Users\26838\miniconda3\envs\yolov5-gpu\Lib\site-packages\torch\serialization.py", line 2179, in find_class
    return super().find_class(mod_name, name)
           ^^^^^^^^^^^^^^^^^^^^^^^^^^^^^^^^^^
ModuleNotFoundError: No module named 'models'
2026-05-04 10:01:58,817 - __main__ - INFO - ƒ£–Õº”‘ÿ≥…π¶: best.onnx, «Î«Û…Ë±∏=GPU,  µº …Ë±∏=GPU
2026-05-04 10:04:29,930 - __main__ - INFO - ”¶”√≥Ã–Ú∆Ù∂Ø
2026-05-04 10:04:31,244 - torch._native.dsl_registry - INFO - Successfully registered DSL: cutedsl
2026-05-04 10:04:31,246 - torch._native.dsl_registry - INFO - Successfully registered DSL: triton
2026-05-04 10:04:33,202 - __main__ - INFO - ƒ£–Õº”‘ÿ≥…π¶: best.onnx, «Î«Û…Ë±∏=GPU,  µº …Ë±∏=GPU
2026-05-04 10:04:33,203 - __main__ - INFO - º”‘ÿ¡À 3 ∏ˆƒ£–ÕŒƒº˛
2026-05-04 10:04:33,447 - __main__ - INFO - ƒ£–Õº”‘ÿ≥…π¶: best.onnx, «Î«Û…Ë±∏=GPU,  µº …Ë±∏=GPU
2026-05-04 10:04:33,463 - __main__ - INFO - ≤Œ ˝ª÷∏¥≥…π¶
2026-05-04 10:04:36,274 - __main__ - ERROR - ƒ£–Õº”‘ÿ ß∞‹: No module named 'models'
Traceback (most recent call last):
  File "D:\Projects\yolov5-pyqt5\model_interface.py", line 470, in load_model
    checkpoint = torch.load(self.weights, map_location=self.device)
                 ^^^^^^^^^^^^^^^^^^^^^^^^^^^^^^^^^^^^^^^^^^^^^^^^^^
  File "D:\Users\26838\miniconda3\envs\yolov5-gpu\Lib\site-packages\torch\serialization.py", line 1578, in load
    raise pickle.UnpicklingError(_get_wo_message(str(e))) from None
_pickle.UnpicklingError: Weights only load failed. This file can still be loaded, to do so you have two options, [1mdo those steps only if you trust the source of the checkpoint[0m. 
	(1) In PyTorch 2.6, we changed the default value of the `weights_only` argument in `torch.load` from `False` to `True`. Re-running `torch.load` with `weights_only` set to `False` will likely succeed, but it can result in arbitrary code execution. Do it only if you got the file from a trusted source.
	(2) Alternatively, to load with `weights_only=True` please check the recommended steps in the following error message.
	WeightsUnpickler error: Unsupported global: GLOBAL models.yolo.DetectionModel was not an allowed global by default. Please use `torch.serialization.add_safe_globals([models.yolo.DetectionModel])` or the `torch.serialization.safe_globals([models.yolo.DetectionModel])` context manager to allowlist this global if you trust this class/function.

Check the documentation of torch.load to learn more about types accepted by default with weights_only https://pytorch.org/docs/stable/generated/torch.load.html.

During handling of the above exception, another exception occurred:

Traceback (most recent call last):
  File "D:\Projects\yolov5-pyqt5\main.py", line 399, in cb_weights_changed
    self.detector = create_detector(weights_path, model_type='auto',
                    ^^^^^^^^^^^^^^^^^^^^^^^^^^^^^^^^^^^^^^^^^^^^^^^^
  File "D:\Projects\yolov5-pyqt5\model_interface.py", line 656, in create_detector
    return YOLOv5PyTorchDetector(weights, **kwargs)
           ^^^^^^^^^^^^^^^^^^^^^^^^^^^^^^^^^^^^^^^^
  File "D:\Projects\yolov5-pyqt5\model_interface.py", line 448, in __init__
    self.load_model()
  File "D:\Projects\yolov5-pyqt5\model_interface.py", line 491, in load_model
    checkpoint = torch.load(self.weights, map_location=self.device, weights_only=False)
                 ^^^^^^^^^^^^^^^^^^^^^^^^^^^^^^^^^^^^^^^^^^^^^^^^^^^^^^^^^^^^^^^^^^^^^^
  File "D:\Users\26838\miniconda3\envs\yolov5-gpu\Lib\site-packages\torch\serialization.py", line 1579, in load
    return _load(
           ^^^^^^
  File "D:\Users\26838\miniconda3\envs\yolov5-gpu\Lib\site-packages\torch\serialization.py", line 2190, in _load
    result = unpickler.load()
             ^^^^^^^^^^^^^^^^
  File "D:\Users\26838\miniconda3\envs\yolov5-gpu\Lib\site-packages\torch\serialization.py", line 2179, in find_class
    return super().find_class(mod_name, name)
           ^^^^^^^^^^^^^^^^^^^^^^^^^^^^^^^^^^
ModuleNotFoundError: No module named 'models'
2026-05-04 10:06:38,971 - __main__ - INFO - ”¶”√≥Ã–Ú∆Ù∂Ø
2026-05-04 10:06:40,191 - torch._native.dsl_registry - INFO - Successfully registered DSL: cutedsl
2026-05-04 10:06:40,192 - torch._native.dsl_registry - INFO - Successfully registered DSL: triton
2026-05-04 10:06:42,239 - __main__ - INFO - ƒ£–Õº”‘ÿ≥…π¶: best.onnx, «Î«Û…Ë±∏=GPU,  µº …Ë±∏=GPU
2026-05-04 10:06:42,240 - __main__ - INFO - º”‘ÿ¡À 3 ∏ˆƒ£–ÕŒƒº˛
2026-05-04 10:06:42,585 - __main__ - INFO - ƒ£–Õº”‘ÿ≥…π¶: best.onnx, «Î«Û…Ë±∏=GPU,  µº …Ë±∏=GPU
2026-05-04 10:06:42,615 - __main__ - INFO - ≤Œ ˝ª÷∏¥≥…π¶
2026-05-04 10:06:44,339 - __main__ - ERROR - ƒ£–Õº”‘ÿ ß∞‹: No module named 'ultralytics'
Traceback (most recent call last):
  File "D:\Projects\yolov5-pyqt5\model_interface.py", line 470, in load_model
    checkpoint = torch.load(self.weights, map_location=self.device)
                 ^^^^^^^^^^^^^^^^^^^^^^^^^^^^^^^^^^^^^^^^^^^^^^^^^^
  File "D:\Users\26838\miniconda3\envs\yolov5-gpu\Lib\site-packages\torch\serialization.py", line 1578, in load
    raise pickle.UnpicklingError(_get_wo_message(str(e))) from None
_pickle.UnpicklingError: Weights only load failed. This file can still be loaded, to do so you have two options, [1mdo those steps only if you trust the source of the checkpoint[0m. 
	(1) In PyTorch 2.6, we changed the default value of the `weights_only` argument in `torch.load` from `False` to `True`. Re-running `torch.load` with `weights_only` set to `False` will likely succeed, but it can result in arbitrary code execution. Do it only if you got the file from a trusted source.
	(2) Alternatively, to load with `weights_only=True` please check the recommended steps in the following error message.
	WeightsUnpickler error: Unsupported global: GLOBAL models.yolo.DetectionModel was not an allowed global by default. Please use `torch.serialization.add_safe_globals([models.yolo.DetectionModel])` or the `torch.serialization.safe_globals([models.yolo.DetectionModel])` context manager to allowlist this global if you trust this class/function.

Check the documentation of torch.load to learn more about types accepted by default with weights_only https://pytorch.org/docs/stable/generated/torch.load.html.

During handling of the above exception, another exception occurred:

Traceback (most recent call last):
  File "D:\Projects\yolov5-pyqt5\model_interface.py", line 492, in load_model
    checkpoint = torch.load(self.weights, map_location=self.device, weights_only=False)
                 ^^^^^^^^^^^^^^^^^^^^^^^^^^^^^^^^^^^^^^^^^^^^^^^^^^^^^^^^^^^^^^^^^^^^^^
  File "D:\Users\26838\miniconda3\envs\yolov5-gpu\Lib\site-packages\torch\serialization.py", line 1579, in load
    return _load(
           ^^^^^^
  File "D:\Users\26838\miniconda3\envs\yolov5-gpu\Lib\site-packages\torch\serialization.py", line 2190, in _load
    result = unpickler.load()
             ^^^^^^^^^^^^^^^^
  File "D:\Users\26838\miniconda3\envs\yolov5-gpu\Lib\site-packages\torch\serialization.py", line 2179, in find_class
    return super().find_class(mod_name, name)
           ^^^^^^^^^^^^^^^^^^^^^^^^^^^^^^^^^^
ModuleNotFoundError: No module named 'models'

During handling of the above exception, another exception occurred:

Traceback (most recent call last):
  File "D:\Projects\yolov5-pyqt5\main.py", line 399, in cb_weights_changed
    self.detector = create_detector(weights_path, model_type='auto',
                    ^^^^^^^^^^^^^^^^^^^^^^^^^^^^^^^^^^^^^^^^^^^^^^^^
  File "D:\Projects\yolov5-pyqt5\model_interface.py", line 673, in create_detector
    return YOLOv5PyTorchDetector(weights, **kwargs)
           ^^^^^^^^^^^^^^^^^^^^^^^^^^^^^^^^^^^^^^^^
  File "D:\Projects\yolov5-pyqt5\model_interface.py", line 448, in __init__
    self.load_model()
  File "D:\Projects\yolov5-pyqt5\model_interface.py", line 496, in load_model
    from ultralytics import YOLO
ModuleNotFoundError: No module named 'ultralytics'
2026-05-04 10:09:17,203 - __main__ - INFO - ”¶”√≥Ã–Ú∆Ù∂Ø
2026-05-04 10:09:18,422 - torch._native.dsl_registry - INFO - Successfully registered DSL: cutedsl
2026-05-04 10:09:18,423 - torch._native.dsl_registry - INFO - Successfully registered DSL: triton
2026-05-04 10:09:20,478 - __main__ - INFO - ƒ£–Õº”‘ÿ≥…π¶: best.onnx, «Î«Û…Ë±∏=GPU,  µº …Ë±∏=GPU
2026-05-04 10:09:20,479 - __main__ - INFO - º”‘ÿ¡À 3 ∏ˆƒ£–ÕŒƒº˛
2026-05-04 10:09:20,761 - __main__ - INFO - ƒ£–Õº”‘ÿ≥…π¶: best.onnx, «Î«Û…Ë±∏=GPU,  µº …Ë±∏=GPU
2026-05-04 10:09:20,784 - __main__ - INFO - ≤Œ ˝ª÷∏¥≥…π¶
2026-05-04 10:12:43,334 - __main__ - INFO - ”¶”√≥Ã–Ú∆Ù∂Ø
2026-05-04 10:12:44,671 - torch._native.dsl_registry - INFO - Successfully registered DSL: cutedsl
2026-05-04 10:12:44,673 - torch._native.dsl_registry - INFO - Successfully registered DSL: triton
2026-05-04 10:12:46,677 - __main__ - INFO - ƒ£–Õº”‘ÿ≥…π¶: best.onnx, «Î«Û…Ë±∏=GPU,  µº …Ë±∏=GPU
2026-05-04 10:12:46,678 - __main__ - INFO - º”‘ÿ¡À 3 ∏ˆƒ£–ÕŒƒº˛
2026-05-04 10:12:47,061 - __main__ - INFO - ƒ£–Õº”‘ÿ≥…π¶: best.onnx, «Î«Û…Ë±∏=GPU,  µº …Ë±∏=GPU
2026-05-04 10:12:47,066 - __main__ - INFO - ≤Œ ˝ª÷∏¥≥…π¶
2026-05-04 10:12:48,699 - __main__ - ERROR - ƒ£–Õº”‘ÿ ß∞‹: No module named 'yolov5'
Traceback (most recent call last):
  File "D:\Projects\yolov5-pyqt5\model_interface.py", line 468, in load_model
    checkpoint = torch.load(self.weights, map_location=self.device)
                 ^^^^^^^^^^^^^^^^^^^^^^^^^^^^^^^^^^^^^^^^^^^^^^^^^^
  File "D:\Users\26838\miniconda3\envs\yolov5-gpu\Lib\site-packages\torch\serialization.py", line 1578, in load
    raise pickle.UnpicklingError(_get_wo_message(str(e))) from None
_pickle.UnpicklingError: Weights only load failed. This file can still be loaded, to do so you have two options, [1mdo those steps only if you trust the source of the checkpoint[0m. 
	(1) In PyTorch 2.6, we changed the default value of the `weights_only` argument in `torch.load` from `False` to `True`. Re-running `torch.load` with `weights_only` set to `False` will likely succeed, but it can result in arbitrary code execution. Do it only if you got the file from a trusted source.
	(2) Alternatively, to load with `weights_only=True` please check the recommended steps in the following error message.
	WeightsUnpickler error: Unsupported global: GLOBAL models.yolo.DetectionModel was not an allowed global by default. Please use `torch.serialization.add_safe_globals([models.yolo.DetectionModel])` or the `torch.serialization.safe_globals([models.yolo.DetectionModel])` context manager to allowlist this global if you trust this class/function.

Check the documentation of torch.load to learn more about types accepted by default with weights_only https://pytorch.org/docs/stable/generated/torch.load.html.

During handling of the above exception, another exception occurred:

Traceback (most recent call last):
  File "D:\Projects\yolov5-pyqt5\model_interface.py", line 481, in load_model
    checkpoint = torch.load(self.weights, map_location=self.device, weights_only=False)
                 ^^^^^^^^^^^^^^^^^^^^^^^^^^^^^^^^^^^^^^^^^^^^^^^^^^^^^^^^^^^^^^^^^^^^^^
  File "D:\Users\26838\miniconda3\envs\yolov5-gpu\Lib\site-packages\torch\serialization.py", line 1579, in load
    return _load(
           ^^^^^^
  File "D:\Users\26838\miniconda3\envs\yolov5-gpu\Lib\site-packages\torch\serialization.py", line 2190, in _load
    result = unpickler.load()
             ^^^^^^^^^^^^^^^^
  File "D:\Users\26838\miniconda3\envs\yolov5-gpu\Lib\site-packages\torch\serialization.py", line 2179, in find_class
    return super().find_class(mod_name, name)
           ^^^^^^^^^^^^^^^^^^^^^^^^^^^^^^^^^^
ModuleNotFoundError: No module named 'models'

During handling of the above exception, another exception occurred:

Traceback (most recent call last):
  File "D:\Projects\yolov5-pyqt5\main.py", line 399, in cb_weights_changed
    self.detector = create_detector(weights_path, model_type='auto',
                    ^^^^^^^^^^^^^^^^^^^^^^^^^^^^^^^^^^^^^^^^^^^^^^^^
  File "D:\Projects\yolov5-pyqt5\model_interface.py", line 649, in create_detector
    return YOLOv5PyTorchDetector(weights, **kwargs)
           ^^^^^^^^^^^^^^^^^^^^^^^^^^^^^^^^^^^^^^^^
  File "D:\Projects\yolov5-pyqt5\model_interface.py", line 446, in __init__
    self.load_model()
  File "D:\Projects\yolov5-pyqt5\model_interface.py", line 485, in load_model
    self._prepare_yolov5_pickle_modules()
  File "D:\Projects\yolov5-pyqt5\model_interface.py", line 581, in _prepare_yolov5_pickle_modules
    yolo_mod = importlib.import_module('yolov5.models.yolo')
               ^^^^^^^^^^^^^^^^^^^^^^^^^^^^^^^^^^^^^^^^^^^^^
  File "D:\Users\26838\miniconda3\envs\yolov5-gpu\Lib\importlib\__init__.py", line 126, in import_module
    return _bootstrap._gcd_import(name[level:], package, level)
           ^^^^^^^^^^^^^^^^^^^^^^^^^^^^^^^^^^^^^^^^^^^^^^^^^^^^
  File "<frozen importlib._bootstrap>", line 1204, in _gcd_import
  File "<frozen importlib._bootstrap>", line 1176, in _find_and_load
  File "<frozen importlib._bootstrap>", line 1126, in _find_and_load_unlocked
  File "<frozen importlib._bootstrap>", line 241, in _call_with_frames_removed
  File "<frozen importlib._bootstrap>", line 1204, in _gcd_import
  File "<frozen importlib._bootstrap>", line 1176, in _find_and_load
  File "<frozen importlib._bootstrap>", line 1126, in _find_and_load_unlocked
  File "<frozen importlib._bootstrap>", line 241, in _call_with_frames_removed
  File "<frozen importlib._bootstrap>", line 1204, in _gcd_import
  File "<frozen importlib._bootstrap>", line 1176, in _find_and_load
  File "<frozen importlib._bootstrap>", line 1140, in _find_and_load_unlocked
ModuleNotFoundError: No module named 'yolov5'
2026-05-04 10:14:54,458 - __main__ - INFO - ”¶”√≥Ã–Ú∆Ù∂Ø
2026-05-04 10:14:55,819 - torch._native.dsl_registry - INFO - Successfully registered DSL: cutedsl
2026-05-04 10:14:55,820 - torch._native.dsl_registry - INFO - Successfully registered DSL: triton
2026-05-04 10:14:58,092 - __main__ - INFO - ƒ£–Õº”‘ÿ≥…π¶: best.onnx, «Î«Û…Ë±∏=GPU,  µº …Ë±∏=GPU
2026-05-04 10:14:58,092 - __main__ - INFO - º”‘ÿ¡À 3 ∏ˆƒ£–ÕŒƒº˛
2026-05-04 10:14:58,230 - __main__ - INFO - ƒ£–Õº”‘ÿ≥…π¶: best.onnx, «Î«Û…Ë±∏=GPU,  µº …Ë±∏=GPU
2026-05-04 10:14:58,233 - __main__ - INFO - ≤Œ ˝ª÷∏¥≥…π¶
2026-05-04 10:15:00,879 - __main__ - ERROR - ƒ£–Õº”‘ÿ ß∞‹: Œﬁ∑®º”‘ÿ pt ƒ£–Õ£∫Œ¥’“µΩ YOLOv5 µƒ models ƒ£øÈ°£«Î»∑±£“—∞≤◊∞ yolov5 ∞¸£¨ªÚ‘⁄œÓƒøƒø¬º/weights Õ¨º∂ƒø¬º÷–¥Ê‘⁄ models/yolo.py°£
Traceback (most recent call last):
  File "D:\Projects\yolov5-pyqt5\model_interface.py", line 468, in load_model
    checkpoint = torch.load(self.weights, map_location=self.device)
                 ^^^^^^^^^^^^^^^^^^^^^^^^^^^^^^^^^^^^^^^^^^^^^^^^^^
  File "D:\Users\26838\miniconda3\envs\yolov5-gpu\Lib\site-packages\torch\serialization.py", line 1578, in load
    raise pickle.UnpicklingError(_get_wo_message(str(e))) from None
_pickle.UnpicklingError: Weights only load failed. This file can still be loaded, to do so you have two options, [1mdo those steps only if you trust the source of the checkpoint[0m. 
	(1) In PyTorch 2.6, we changed the default value of the `weights_only` argument in `torch.load` from `False` to `True`. Re-running `torch.load` with `weights_only` set to `False` will likely succeed, but it can result in arbitrary code execution. Do it only if you got the file from a trusted source.
	(2) Alternatively, to load with `weights_only=True` please check the recommended steps in the following error message.
	WeightsUnpickler error: Unsupported global: GLOBAL models.yolo.DetectionModel was not an allowed global by default. Please use `torch.serialization.add_safe_globals([models.yolo.DetectionModel])` or the `torch.serialization.safe_globals([models.yolo.DetectionModel])` context manager to allowlist this global if you trust this class/function.

Check the documentation of torch.load to learn more about types accepted by default with weights_only https://pytorch.org/docs/stable/generated/torch.load.html.

During handling of the above exception, another exception occurred:

Traceback (most recent call last):
  File "D:\Projects\yolov5-pyqt5\model_interface.py", line 481, in load_model
    checkpoint = torch.load(self.weights, map_location=self.device, weights_only=False)
                 ^^^^^^^^^^^^^^^^^^^^^^^^^^^^^^^^^^^^^^^^^^^^^^^^^^^^^^^^^^^^^^^^^^^^^^
  File "D:\Users\26838\miniconda3\envs\yolov5-gpu\Lib\site-packages\torch\serialization.py", line 1579, in load
    return _load(
           ^^^^^^
  File "D:\Users\26838\miniconda3\envs\yolov5-gpu\Lib\site-packages\torch\serialization.py", line 2190, in _load
    result = unpickler.load()
             ^^^^^^^^^^^^^^^^
  File "D:\Users\26838\miniconda3\envs\yolov5-gpu\Lib\site-packages\torch\serialization.py", line 2179, in find_class
    return super().find_class(mod_name, name)
           ^^^^^^^^^^^^^^^^^^^^^^^^^^^^^^^^^^
ModuleNotFoundError: No module named 'models'

During handling of the above exception, another exception occurred:

Traceback (most recent call last):
  File "D:\Projects\yolov5-pyqt5\main.py", line 399, in cb_weights_changed
    self.detector = create_detector(weights_path, model_type='auto',
                    ^^^^^^^^^^^^^^^^^^^^^^^^^^^^^^^^^^^^^^^^^^^^^^^^
  File "D:\Projects\yolov5-pyqt5\model_interface.py", line 675, in create_detector
    return YOLOv5PyTorchDetector(weights, **kwargs)
           ^^^^^^^^^^^^^^^^^^^^^^^^^^^^^^^^^^^^^^^^
  File "D:\Projects\yolov5-pyqt5\model_interface.py", line 446, in __init__
    self.load_model()
  File "D:\Projects\yolov5-pyqt5\model_interface.py", line 485, in load_model
    self._prepare_yolov5_pickle_modules(self.weights)
  File "D:\Projects\yolov5-pyqt5\model_interface.py", line 612, in _prepare_yolov5_pickle_modules
    raise ModuleNotFoundError(
ModuleNotFoundError: Œﬁ∑®º”‘ÿ pt ƒ£–Õ£∫Œ¥’“µΩ YOLOv5 µƒ models ƒ£øÈ°£«Î»∑±£“—∞≤◊∞ yolov5 ∞¸£¨ªÚ‘⁄œÓƒøƒø¬º/weights Õ¨º∂ƒø¬º÷–¥Ê‘⁄ models/yolo.py°£
2026-05-04 10:17:33,281 - __main__ - INFO - ”¶”√≥Ã–Ú∆Ù∂Ø
2026-05-04 10:17:34,626 - torch._native.dsl_registry - INFO - Successfully registered DSL: cutedsl
2026-05-04 10:17:34,627 - torch._native.dsl_registry - INFO - Successfully registered DSL: triton
2026-05-04 10:17:36,719 - __main__ - INFO - ƒ£–Õº”‘ÿ≥…π¶: best.onnx, «Î«Û…Ë±∏=GPU,  µº …Ë±∏=GPU
2026-05-04 10:17:36,721 - __main__ - INFO - º”‘ÿ¡À 3 ∏ˆƒ£–ÕŒƒº˛
2026-05-04 10:17:37,064 - __main__ - INFO - ƒ£–Õº”‘ÿ≥…π¶: best.onnx, «Î«Û…Ë±∏=GPU,  µº …Ë±∏=GPU
2026-05-04 10:17:37,075 - __main__ - INFO - ≤Œ ˝ª÷∏¥≥…π¶
2026-05-04 10:17:42,723 - __main__ - INFO - Õº∆¨ºÏ≤‚“—ÕÍ≥… (ª≠√Ê1): D:/Projects/yolov5-pyqt5/test_img/2.jpg
2026-05-04 10:20:17,475 - __main__ - INFO - ”¶”√≥Ã–Ú∆Ù∂Ø
2026-05-04 10:20:18,770 - torch._native.dsl_registry - INFO - Successfully registered DSL: cutedsl
2026-05-04 10:20:18,771 - torch._native.dsl_registry - INFO - Successfully registered DSL: triton
2026-05-04 10:20:20,850 - __main__ - INFO - ƒ£–Õº”‘ÿ≥…π¶: best.onnx, «Î«Û…Ë±∏=GPU,  µº …Ë±∏=GPU
2026-05-04 10:20:20,851 - __main__ - INFO - º”‘ÿ¡À 3 ∏ˆƒ£–ÕŒƒº˛
2026-05-04 10:20:21,167 - __main__ - INFO - ƒ£–Õº”‘ÿ≥…π¶: best.onnx, «Î«Û…Ë±∏=GPU,  µº …Ë±∏=GPU
2026-05-04 10:20:21,179 - __main__ - INFO - ≤Œ ˝ª÷∏¥≥…π¶
2026-05-04 10:23:48,954 - __main__ - INFO - ”¶”√≥Ã–Ú∆Ù∂Ø
2026-05-04 10:23:50,197 - torch._native.dsl_registry - INFO - Successfully registered DSL: cutedsl
2026-05-04 10:23:50,198 - torch._native.dsl_registry - INFO - Successfully registered DSL: triton
2026-05-04 10:23:52,127 - __main__ - INFO - ƒ£–Õº”‘ÿ≥…π¶: best.onnx, «Î«Û…Ë±∏=GPU,  µº …Ë±∏=GPU
2026-05-04 10:23:52,128 - __main__ - INFO - º”‘ÿ¡À 3 ∏ˆƒ£–ÕŒƒº˛
2026-05-04 10:23:52,467 - __main__ - INFO - ƒ£–Õº”‘ÿ≥…π¶: best.onnx, «Î«Û…Ë±∏=GPU,  µº …Ë±∏=GPU
2026-05-04 10:23:52,486 - __main__ - INFO - ≤Œ ˝ª÷∏¥≥…π¶
2026-05-04 10:27:53,940 - __main__ - INFO - ”¶”√≥Ã–Ú∆Ù∂Ø
2026-05-04 10:27:55,216 - torch._native.dsl_registry - INFO - Successfully registered DSL: cutedsl
2026-05-04 10:27:55,218 - torch._native.dsl_registry - INFO - Successfully registered DSL: triton
2026-05-04 10:27:57,227 - __main__ - INFO - ƒ£–Õº”‘ÿ≥…π¶: best.onnx, «Î«Û…Ë±∏=GPU,  µº …Ë±∏=GPU
2026-05-04 10:30:33,748 - __main__ - INFO - ”¶”√≥Ã–Ú∆Ù∂Ø
2026-05-04 10:30:35,002 - torch._native.dsl_registry - INFO - Successfully registered DSL: cutedsl
2026-05-04 10:30:35,003 - torch._native.dsl_registry - INFO - Successfully registered DSL: triton
2026-05-04 10:30:37,062 - __main__ - INFO - ƒ£–Õº”‘ÿ≥…π¶: best.onnx, «Î«Û…Ë±∏=GPU,  µº …Ë±∏=GPU
2026-05-04 10:30:37,063 - __main__ - INFO - º”‘ÿ¡À 3 ∏ˆƒ£–ÕŒƒº˛
2026-05-04 10:30:37,398 - __main__ - INFO - ƒ£–Õº”‘ÿ≥…π¶: best.onnx, «Î«Û…Ë±∏=GPU,  µº …Ë±∏=GPU
2026-05-04 10:30:37,404 - __main__ - INFO - ≤Œ ˝ª÷∏¥≥…π¶
2026-05-04 10:30:42,763 - __main__ - INFO - Õº∆¨ºÏ≤‚“—ÕÍ≥… (ª≠√Ê1): D:/Projects/yolov5-pyqt5/test_img/7.jpg
2026-05-04 10:44:39,837 - __main__ - INFO - ”¶”√≥Ã–Ú∆Ù∂Ø
2026-05-04 10:44:41,048 - torch._native.dsl_registry - INFO - Successfully registered DSL: cutedsl
2026-05-04 10:44:41,050 - torch._native.dsl_registry - INFO - Successfully registered DSL: triton
2026-05-04 10:44:43,125 - __main__ - INFO - ƒ£–Õº”‘ÿ≥…π¶: best.onnx, «Î«Û…Ë±∏=GPU,  µº …Ë±∏=GPU
2026-05-04 10:44:43,126 - __main__ - INFO - º”‘ÿ¡À 3 ∏ˆƒ£–ÕŒƒº˛
2026-05-04 10:44:43,500 - __main__ - INFO - ƒ£–Õº”‘ÿ≥…π¶: best.onnx, «Î«Û…Ë±∏=GPU,  µº …Ë±∏=GPU
2026-05-04 10:44:43,512 - __main__ - INFO - ≤Œ ˝ª÷∏¥≥…π¶
2026-05-04 10:44:46,871 - __main__ - INFO - Õº∆¨ºÏ≤‚“—ÕÍ≥… (ª≠√Ê1): D:/Projects/yolov5-pyqt5/test_img/1.jpg
2026-05-04 10:44:49,382 - __main__ - ERROR - ƒ£–Õº”‘ÿ ß∞‹: No module named 'models'
Traceback (most recent call last):
  File "D:\Projects\yolov5-pyqt5\main.py", line 399, in cb_weights_changed
    self.detector = create_detector(weights_path, model_type='auto',
                    ^^^^^^^^^^^^^^^^^^^^^^^^^^^^^^^^^^^^^^^^^^^^^^^^
  File "D:\Projects\yolov5-pyqt5\model_interface.py", line 726, in create_detector
    return YOLOv5PyTorchDetector(weights, **kwargs)
           ^^^^^^^^^^^^^^^^^^^^^^^^^^^^^^^^^^^^^^^^
  File "D:\Projects\yolov5-pyqt5\model_interface.py", line 488, in __init__
    self.load_model()
  File "D:\Projects\yolov5-pyqt5\model_interface.py", line 527, in load_model
    ckpt = torch.load(self.weights, map_location=device_map, weights_only=False)
           ^^^^^^^^^^^^^^^^^^^^^^^^^^^^^^^^^^^^^^^^^^^^^^^^^^^^^^^^^^^^^^^^^^^^^
  File "D:\Users\26838\miniconda3\envs\yolov5-gpu\Lib\site-packages\torch\serialization.py", line 1579, in load
    return _load(
           ^^^^^^
  File "D:\Users\26838\miniconda3\envs\yolov5-gpu\Lib\site-packages\torch\serialization.py", line 2190, in _load
    result = unpickler.load()
             ^^^^^^^^^^^^^^^^
  File "D:\Users\26838\miniconda3\envs\yolov5-gpu\Lib\site-packages\torch\serialization.py", line 2179, in find_class
    return super().find_class(mod_name, name)
           ^^^^^^^^^^^^^^^^^^^^^^^^^^^^^^^^^^
ModuleNotFoundError: No module named 'models'
2026-05-04 10:47:44,853 - __main__ - INFO - ”¶”√≥Ã–Ú∆Ù∂Ø
2026-05-04 10:47:46,151 - torch._native.dsl_registry - INFO - Successfully registered DSL: cutedsl
2026-05-04 10:47:46,152 - torch._native.dsl_registry - INFO - Successfully registered DSL: triton
2026-05-04 10:47:48,285 - __main__ - INFO - ƒ£–Õº”‘ÿ≥…π¶: best.onnx, «Î«Û…Ë±∏=GPU,  µº …Ë±∏=GPU
2026-05-04 10:47:48,286 - __main__ - INFO - º”‘ÿ¡À 3 ∏ˆƒ£–ÕŒƒº˛
2026-05-04 10:47:48,625 - __main__ - INFO - ƒ£–Õº”‘ÿ≥…π¶: best.onnx, «Î«Û…Ë±∏=GPU,  µº …Ë±∏=GPU
2026-05-04 10:47:48,654 - __main__ - INFO - ≤Œ ˝ª÷∏¥≥…π¶
2026-05-04 10:47:52,609 - __main__ - INFO - Õº∆¨ºÏ≤‚“—ÕÍ≥… (ª≠√Ê1): D:/Projects/yolov5-pyqt5/test_img/7.jpg
2026-05-04 10:47:54,668 - __main__ - ERROR - ƒ£–Õº”‘ÿ ß∞‹: º”‘ÿ PyTorch ƒ£–Õ ß∞‹: No module named 'models'
«Î»∑±£ YOLOv5 ‘¥¬Î÷–µƒ models/ ƒø¬º¥Ê‘⁄”⁄œÓƒø¬∑æ∂÷–°£
“—À—À˜µƒ¬∑æ∂: D:\Projects\yolov5-pyqt5\weights º∞∆‰…œº∂ƒø¬º°£
»Á–Ë ÷∂Ø÷∏∂®£¨«Î‘⁄‘À––«∞Ω´ YOLOv5 ‘¥¬Î∏˘ƒø¬ºÃÌº”µΩ PYTHONPATH ª∑æ≥±‰¡ø÷–°£
Traceback (most recent call last):
  File "D:\Projects\yolov5-pyqt5\model_interface.py", line 548, in load_model
    ckpt = torch.load(self.weights, map_location=device_map, weights_only=False)
           ^^^^^^^^^^^^^^^^^^^^^^^^^^^^^^^^^^^^^^^^^^^^^^^^^^^^^^^^^^^^^^^^^^^^^
  File "D:\Users\26838\miniconda3\envs\yolov5-gpu\Lib\site-packages\torch\serialization.py", line 1579, in load
    return _load(
           ^^^^^^
  File "D:\Users\26838\miniconda3\envs\yolov5-gpu\Lib\site-packages\torch\serialization.py", line 2190, in _load
    result = unpickler.load()
             ^^^^^^^^^^^^^^^^
  File "D:\Users\26838\miniconda3\envs\yolov5-gpu\Lib\site-packages\torch\serialization.py", line 2179, in find_class
    return super().find_class(mod_name, name)
           ^^^^^^^^^^^^^^^^^^^^^^^^^^^^^^^^^^
ModuleNotFoundError: No module named 'models'

The above exception was the direct cause of the following exception:

Traceback (most recent call last):
  File "D:\Projects\yolov5-pyqt5\main.py", line 399, in cb_weights_changed
    self.detector = create_detector(weights_path, model_type='auto',
                    ^^^^^^^^^^^^^^^^^^^^^^^^^^^^^^^^^^^^^^^^^^^^^^^^
  File "D:\Projects\yolov5-pyqt5\model_interface.py", line 755, in create_detector
    return YOLOv5PyTorchDetector(weights, **kwargs)
           ^^^^^^^^^^^^^^^^^^^^^^^^^^^^^^^^^^^^^^^^
  File "D:\Projects\yolov5-pyqt5\model_interface.py", line 488, in __init__
    self.load_model()
  File "D:\Projects\yolov5-pyqt5\model_interface.py", line 551, in load_model
    raise RuntimeError(
RuntimeError: º”‘ÿ PyTorch ƒ£–Õ ß∞‹: No module named 'models'
«Î»∑±£ YOLOv5 ‘¥¬Î÷–µƒ models/ ƒø¬º¥Ê‘⁄”⁄œÓƒø¬∑æ∂÷–°£
“—À—À˜µƒ¬∑æ∂: D:\Projects\yolov5-pyqt5\weights º∞∆‰…œº∂ƒø¬º°£
»Á–Ë ÷∂Ø÷∏∂®£¨«Î‘⁄‘À––«∞Ω´ YOLOv5 ‘¥¬Î∏˘ƒø¬ºÃÌº”µΩ PYTHONPATH ª∑æ≥±‰¡ø÷–°£
2026-05-04 10:49:46,064 - __main__ - INFO - ”¶”√≥Ã–Ú∆Ù∂Ø
2026-05-04 10:49:47,396 - torch._native.dsl_registry - INFO - Successfully registered DSL: cutedsl
2026-05-04 10:49:47,397 - torch._native.dsl_registry - INFO - Successfully registered DSL: triton
2026-05-04 10:49:49,544 - __main__ - INFO - ƒ£–Õº”‘ÿ≥…π¶: best.onnx, «Î«Û…Ë±∏=GPU,  µº …Ë±∏=GPU
2026-05-04 10:49:49,545 - __main__ - INFO - º”‘ÿ¡À 3 ∏ˆƒ£–ÕŒƒº˛
2026-05-04 10:49:49,914 - __main__ - INFO - ƒ£–Õº”‘ÿ≥…π¶: best.onnx, «Î«Û…Ë±∏=GPU,  µº …Ë±∏=GPU
2026-05-04 10:49:49,921 - __main__ - INFO - ≤Œ ˝ª÷∏¥≥…π¶
2026-05-04 10:50:09,866 - __main__ - INFO - Õº∆¨ºÏ≤‚“—ÕÍ≥… (ª≠√Ê4): D:/Projects/yolov5-pyqt5/test_img/29.jpg
2026-05-04 10:50:13,503 - __main__ - INFO - Õº∆¨ºÏ≤‚“—ÕÍ≥… (ª≠√Ê5): D:/Projects/yolov5-pyqt5/test_img/29.jpg
2026-05-04 10:50:14,363 - __main__ - INFO -  ”∆µºÏ≤‚“—Õ£÷π (ª≠√Ê1): D:/Projects/yolov5-pyqt5/test_img/ ”∆µ1.mp4
2026-05-04 10:50:16,868 - __main__ - INFO - Õº∆¨ºÏ≤‚“—ÕÍ≥… (ª≠√Ê6): D:/Projects/yolov5-pyqt5/test_img/53.jpg
2026-05-04 10:50:20,862 - __main__ - INFO - Õº∆¨ºÏ≤‚“—ÕÍ≥… (ª≠√Ê7): D:/Projects/yolov5-pyqt5/test_img/32.jpg
2026-05-04 10:50:23,674 - __main__ - INFO - Õº∆¨ºÏ≤‚“—ÕÍ≥… (ª≠√Ê8): D:/Projects/yolov5-pyqt5/test_img/30.jpg
2026-05-04 10:50:24,392 - __main__ - INFO -  ”∆µºÏ≤‚“—Õ£÷π (ª≠√Ê3): D:/Projects/yolov5-pyqt5/test_img/ ”∆µ1.mp4
2026-05-04 10:51:01,093 - __main__ - INFO -  ”∆µºÏ≤‚“—Õ£÷π (ª≠√Ê2): D:/Projects/yolov5-pyqt5/test_img/ ”∆µ2.mp4
2026-05-04 10:51:09,023 - __main__ - INFO - ƒ£–Õº”‘ÿ≥…π¶: best.onnx, «Î«Û…Ë±∏=CPU,  µº …Ë±∏=CPU
2026-05-04 10:51:20,890 - __main__ - INFO -  ”∆µºÏ≤‚“—Õ£÷π (ª≠√Ê1): D:/Projects/yolov5-pyqt5/test_img/…˙≥…≤‚ ‘Ãı¥¯ ”∆µ.mp4
2026-05-04 10:51:23,864 - __main__ - INFO - HTML±®∏Ê“—…˙≥…: ./results\report_20260504_105123.html
2026-05-04 12:19:12,688 - __main__ - INFO - ”¶”√≥Ã–Ú∆Ù∂Ø
2026-05-04 12:20:47,863 - __main__ - INFO - ”¶”√≥Ã–Ú∆Ù∂Ø
2026-05-04 12:20:54,906 - torch._native.dsl_registry - INFO - Successfully registered DSL: cutedsl
2026-05-04 12:20:54,912 - torch._native.dsl_registry - INFO - Successfully registered DSL: triton
2026-05-04 12:21:15,067 - __main__ - INFO - ƒ£–Õº”‘ÿ≥…π¶: best.onnx, «Î«Û…Ë±∏=GPU,  µº …Ë±∏=GPU
2026-05-04 12:21:15,069 - __main__ - INFO - º”‘ÿ¡À 3 ∏ˆƒ£–ÕŒƒº˛
2026-05-04 12:21:15,451 - __main__ - INFO - ƒ£–Õº”‘ÿ≥…π¶: best.onnx, «Î«Û…Ë±∏=GPU,  µº …Ë±∏=GPU
2026-05-04 12:21:15,473 - __main__ - INFO - ≤Œ ˝ª÷∏¥≥…π¶
2026-05-04 12:21:25,064 - __main__ - INFO - Õº∆¨ºÏ≤‚“—ÕÍ≥… (ª≠√Ê2): D:/Projects/yolov5-pyqt5/test_img/26.jpg
2026-05-04 12:21:31,408 - __main__ - INFO - Õº∆¨ºÏ≤‚“—ÕÍ≥… (ª≠√Ê4): D:/Projects/yolov5-pyqt5/test_img/29.jpg
2026-05-04 12:21:39,971 - __main__ - INFO -  ”∆µºÏ≤‚“—Õ£÷π (ª≠√Ê1): D:/Projects/yolov5-pyqt5/test_img/ ”∆µ1.mp4
2026-05-04 12:21:46,452 - __main__ - INFO -  ”∆µºÏ≤‚“—Õ£÷π (ª≠√Ê3): D:/Projects/yolov5-pyqt5/test_img/ ”∆µ1.mp4
2026-05-04 18:04:03,940 - __main__ - INFO - ”¶”√≥Ã–Ú∆Ù∂Ø
2026-05-04 18:04:05,321 - torch._native.dsl_registry - INFO - Successfully registered DSL: cutedsl
2026-05-04 18:04:05,322 - torch._native.dsl_registry - INFO - Successfully registered DSL: triton
2026-05-04 18:04:07,479 - __main__ - INFO - ƒ£–Õº”‘ÿ≥…π¶: best.onnx, «Î«Û…Ë±∏=GPU,  µº …Ë±∏=GPU
2026-05-04 18:04:07,480 - __main__ - INFO - º”‘ÿ¡À 3 ∏ˆƒ£–ÕŒƒº˛
2026-05-04 18:04:07,817 - __main__ - INFO - ƒ£–Õº”‘ÿ≥…π¶: best.onnx, «Î«Û…Ë±∏=GPU,  µº …Ë±∏=GPU
2026-05-04 18:04:07,818 - __main__ - INFO - ≤Œ ˝ª÷∏¥≥…π¶
2026-05-04 18:04:16,699 - __main__ - INFO - Õº∆¨ºÏ≤‚“—ÕÍ≥… (ª≠√Ê2): D:/Projects/yolov5-pyqt5/test_img/29.jpg
2026-05-04 18:04:18,573 - __main__ - INFO - Õº∆¨ºÏ≤‚“—ÕÍ≥… (ª≠√Ê3): D:/Projects/yolov5-pyqt5/test_img/34.jpg
2026-05-04 18:04:20,833 - __main__ - INFO - Õº∆¨ºÏ≤‚“—ÕÍ≥… (ª≠√Ê4): D:/Projects/yolov5-pyqt5/test_img/52.jpg
2026-05-04 18:04:25,913 - __main__ - INFO - Õº∆¨ºÏ≤‚“—ÕÍ≥… (ª≠√Ê5): D:/Projects/yolov5-pyqt5/test_img/30.jpg
2026-05-04 18:04:28,424 - __main__ - INFO - Õº∆¨ºÏ≤‚“—ÕÍ≥… (ª≠√Ê6): D:/Projects/yolov5-pyqt5/test_img/40.jpg
2026-05-04 18:04:31,370 - __main__ - INFO -  ”∆µºÏ≤‚“—Õ£÷π (ª≠√Ê1): D:/Projects/yolov5-pyqt5/test_img/ ”∆µ1.mp4
2026-05-04 18:04:35,525 - __main__ - INFO - Õº∆¨ºÏ≤‚“—ÕÍ≥… (ª≠√Ê7): D:/Projects/yolov5-pyqt5/test_img/40.jpg
2026-05-04 18:04:39,391 - __main__ - INFO - Õº∆¨ºÏ≤‚“—ÕÍ≥… (ª≠√Ê8): D:/Projects/yolov5-pyqt5/test_img/12.jpg
2026-05-04 18:04:47,876 - __main__ - INFO - HTML±®∏Ê“—…˙≥…: ./results\report_20260504_180447.html
2026-05-04 18:04:51,615 - __main__ - INFO - HTML±®∏Ê“—…˙≥…: ./results\report_20260504_180447.html
2026-05-04 18:04:54,739 - __main__ - INFO - ‰Ø¿¿∆˜º”‘ÿ¡À 320 ÃıºÏ≤‚º«¬º
2026-05-05 12:02:16,546 - __main__ - INFO - ”¶”√≥Ã–Ú∆Ù∂Ø
2026-05-05 12:03:00,171 - torch._native.dsl_registry - INFO - Successfully registered DSL: cutedsl
2026-05-05 12:03:00,176 - torch._native.dsl_registry - INFO - Successfully registered DSL: triton
2026-05-05 12:03:14,959 - __main__ - INFO - ƒ£–Õº”‘ÿ≥…π¶: best.onnx, «Î«Û…Ë±∏=GPU,  µº …Ë±∏=GPU
2026-05-05 12:03:14,960 - __main__ - INFO - º”‘ÿ¡À 3 ∏ˆƒ£–ÕŒƒº˛
2026-05-05 12:03:15,286 - __main__ - INFO - ƒ£–Õº”‘ÿ≥…π¶: best.onnx, «Î«Û…Ë±∏=GPU,  µº …Ë±∏=GPU
2026-05-05 12:03:15,288 - __main__ - INFO - ≤Œ ˝ª÷∏¥≥…π¶
2026-05-05 12:03:21,022 - __main__ - INFO - ƒ£–Õº”‘ÿ≥…π¶: best.onnx, «Î«Û…Ë±∏=CPU,  µº …Ë±∏=CPU
2026-05-05 12:03:22,077 - __main__ - INFO - ƒ£–Õº”‘ÿ≥…π¶: best.onnx, «Î«Û…Ë±∏=GPU,  µº …Ë±∏=GPU
2026-05-05 12:03:40,918 - __main__ - INFO - Õº∆¨ºÏ≤‚“—ÕÍ≥… (ª≠√Ê4): D:/Projects/yolov5-pyqt5/test_img/18.jpg
2026-05-05 12:03:44,146 - __main__ - INFO -  ”∆µºÏ≤‚“—Õ£÷π (ª≠√Ê1): D:/Projects/yolov5-pyqt5/test_img/ ”∆µ1.mp4
2026-05-05 12:03:46,921 - __main__ - INFO - Õº∆¨ºÏ≤‚“—ÕÍ≥… (ª≠√Ê5): D:/Projects/yolov5-pyqt5/test_img/54.jpg
2026-05-05 12:03:51,677 - __main__ - INFO -  ”∆µºÏ≤‚“—Õ£÷π (ª≠√Ê3): D:/Projects/yolov5-pyqt5/test_img/ ”∆µ1.mp4
2026-05-05 12:03:53,807 - __main__ - INFO - Õº∆¨ºÏ≤‚“—ÕÍ≥… (ª≠√Ê6): D:/Projects/yolov5-pyqt5/test_img/47.jpg
2026-05-05 12:03:58,285 - __main__ - INFO - Õº∆¨ºÏ≤‚“—ÕÍ≥… (ª≠√Ê7): D:/Projects/yolov5-pyqt5/test_img/48.jpg
2026-05-05 12:04:00,993 - __main__ - INFO - Õº∆¨ºÏ≤‚“—ÕÍ≥… (ª≠√Ê8): D:/Projects/yolov5-pyqt5/test_img/9.jpg
2026-05-05 12:04:10,214 - __main__ - INFO - HTML±®∏Ê“—…˙≥…: ./results\report_20260505_120410.html
2026-05-05 12:04:20,941 - __main__ - INFO - HTML±®∏Ê“—…˙≥…: ./results\report_20260505_120410.html
2026-05-05 21:29:05,599 - __main__ - INFO - ”¶”√≥Ã–Ú∆Ù∂Ø
2026-05-05 21:29:45,582 - torch._native.dsl_registry - INFO - Successfully registered DSL: cutedsl
2026-05-05 21:29:45,584 - torch._native.dsl_registry - INFO - Successfully registered DSL: triton
2026-05-05 21:29:54,454 - __main__ - INFO - ƒ£–Õº”‘ÿ≥…π¶: best.onnx, «Î«Û…Ë±∏=GPU,  µº …Ë±∏=GPU
2026-05-05 21:29:54,455 - __main__ - INFO - º”‘ÿ¡À 3 ∏ˆƒ£–ÕŒƒº˛
2026-05-05 21:29:54,614 - __main__ - INFO - ƒ£–Õº”‘ÿ≥…π¶: best.onnx, «Î«Û…Ë±∏=GPU,  µº …Ë±∏=GPU
2026-05-05 21:29:54,615 - __main__ - INFO - ≤Œ ˝ª÷∏¥≥…π¶
2026-05-05 21:30:25,792 - __main__ - INFO - Õº∆¨ºÏ≤‚“—ÕÍ≥… (ª≠√Ê3): D:/Projects/yolov5-pyqt5/test_img/18.jpg
2026-05-05 21:30:28,512 - __main__ - INFO - Õº∆¨ºÏ≤‚“—ÕÍ≥… (ª≠√Ê4): D:/Projects/yolov5-pyqt5/test_img/6.jpg
2026-05-05 21:30:38,205 - __main__ - INFO -  ”∆µºÏ≤‚“—Õ£÷π (ª≠√Ê1): D:/Projects/yolov5-pyqt5/test_img/ ”∆µ1.mp4
2026-05-05 21:30:41,225 - __main__ - INFO -  ”∆µºÏ≤‚“—Õ£÷π (ª≠√Ê2): D:/Projects/yolov5-pyqt5/test_img/ ”∆µ1.mp4
2026-05-05 21:30:42,327 - __main__ - INFO - ‰Ø¿¿∆˜º”‘ÿ¡À 626 ÃıºÏ≤‚º«¬º
2026-05-05 21:30:50,537 - __main__ - INFO - ‰Ø¿¿∆˜º”‘ÿ¡À 626 ÃıºÏ≤‚º«¬º
2026-05-05 21:31:02,525 - __main__ - INFO - HTML±®∏Ê“—…˙≥…: ./results\report_20260505_213102.html
2026-05-05 21:31:12,732 - __main__ - INFO - HTML±®∏Ê“—…˙≥…: ./results\report_20260505_213102.html
2026-05-06 10:26:51,075 - __main__ - INFO - ”¶”√≥Ã–Ú∆Ù∂Ø
2026-05-06 10:27:31,559 - torch._native.dsl_registry - INFO - Successfully registered DSL: cutedsl
2026-05-06 10:27:31,562 - torch._native.dsl_registry - INFO - Successfully registered DSL: triton
2026-05-06 10:27:39,641 - __main__ - INFO - ƒ£–Õº”‘ÿ≥…π¶: best.onnx, «Î«Û…Ë±∏=GPU,  µº …Ë±∏=GPU
2026-05-06 10:27:39,643 - __main__ - INFO - º”‘ÿ¡À 3 ∏ˆƒ£–ÕŒƒº˛
2026-05-06 10:27:39,799 - __main__ - INFO - ƒ£–Õº”‘ÿ≥…π¶: best.onnx, «Î«Û…Ë±∏=GPU,  µº …Ë±∏=GPU
2026-05-06 10:27:39,802 - __main__ - INFO - ≤Œ ˝ª÷∏¥≥…π¶
2026-05-06 10:27:55,488 - __main__ - INFO - Õº∆¨ºÏ≤‚“—ÕÍ≥… (ª≠√Ê1): D:/Projects/yolov5-pyqt5/test_img/4.jpg
2026-05-06 10:28:00,281 - __main__ - ERROR - ƒ£–Õº”‘ÿ ß∞‹: º”‘ÿ .pt  ß∞‹°£«Î»∑»œ“—∞≤◊∞ PyTorch£¨«“ ◊¥Œ π”√–Ë¡™Õ¯“‘œ¬‘ÿ ultralytics/yolov5£ª“≤ø…∏ƒ”√ ONNX µº≥ˆƒ£–Õ°£œÍ«È: No module named 'ultralytics'
Traceback (most recent call last):
  File "D:\Projects\yolov5-pyqt5\model_interface.py", line 481, in load_model
    self.model = torch.hub.load(
                 ^^^^^^^^^^^^^^^
  File "D:\Users\26838\miniconda3\envs\yolov5-gpu\Lib\site-packages\torch\hub.py", line 669, in load
    model = _load_local(repo_or_dir, model, *args, **kwargs)
            ^^^^^^^^^^^^^^^^^^^^^^^^^^^^^^^^^^^^^^^^^^^^^^^^
  File "D:\Users\26838\miniconda3\envs\yolov5-gpu\Lib\site-packages\torch\hub.py", line 699, in _load_local
    hub_module = _import_module(MODULE_HUBCONF, hubconf_path)
                 ^^^^^^^^^^^^^^^^^^^^^^^^^^^^^^^^^^^^^^^^^^^^
  File "D:\Users\26838\miniconda3\envs\yolov5-gpu\Lib\site-packages\torch\hub.py", line 118, in _import_module
    spec.loader.exec_module(module)
  File "<frozen importlib._bootstrap_external>", line 940, in exec_module
  File "<frozen importlib._bootstrap>", line 241, in _call_with_frames_removed
  File "C:\Users\26838/.cache\torch\hub\ultralytics_yolov5_master\hubconf.py", line 13, in <module>
    from ultralytics.utils.patches import torch_load
ModuleNotFoundError: No module named 'ultralytics'

The above exception was the direct cause of the following exception:

Traceback (most recent call last):
  File "D:\Projects\yolov5-pyqt5\main.py", line 399, in cb_weights_changed
    self.detector = create_detector(weights_path, model_type='auto',
                    ^^^^^^^^^^^^^^^^^^^^^^^^^^^^^^^^^^^^^^^^^^^^^^^^
  File "D:\Projects\yolov5-pyqt5\model_interface.py", line 618, in create_detector
    return YOLOv5PyTorchDetector(weights, **kwargs)
           ^^^^^^^^^^^^^^^^^^^^^^^^^^^^^^^^^^^^^^^^
  File "D:\Projects\yolov5-pyqt5\model_interface.py", line 457, in __init__
    self.load_model()
  File "D:\Projects\yolov5-pyqt5\model_interface.py", line 491, in load_model
    raise RuntimeError(
RuntimeError: º”‘ÿ .pt  ß∞‹°£«Î»∑»œ“—∞≤◊∞ PyTorch£¨«“ ◊¥Œ π”√–Ë¡™Õ¯“‘œ¬‘ÿ ultralytics/yolov5£ª“≤ø…∏ƒ”√ ONNX µº≥ˆƒ£–Õ°£œÍ«È: No module named 'ultralytics'
2026-05-06 10:29:54,606 - __main__ - INFO - ”¶”√≥Ã–Ú∆Ù∂Ø
2026-05-06 10:29:55,912 - torch._native.dsl_registry - INFO - Successfully registered DSL: cutedsl
2026-05-06 10:29:55,914 - torch._native.dsl_registry - INFO - Successfully registered DSL: triton
2026-05-06 10:29:58,464 - __main__ - INFO - ƒ£–Õº”‘ÿ≥…π¶: best.onnx, «Î«Û…Ë±∏=GPU,  µº …Ë±∏=GPU
2026-05-06 10:29:58,465 - __main__ - INFO - º”‘ÿ¡À 3 ∏ˆƒ£–ÕŒƒº˛
2026-05-06 10:29:58,620 - __main__ - INFO - ƒ£–Õº”‘ÿ≥…π¶: best.onnx, «Î«Û…Ë±∏=GPU,  µº …Ë±∏=GPU
2026-05-06 10:29:58,623 - __main__ - INFO - ≤Œ ˝ª÷∏¥≥…π¶
2026-05-06 10:30:03,205 - __main__ - INFO - Õº∆¨ºÏ≤‚“—ÕÍ≥… (ª≠√Ê1): D:/Projects/yolov5-pyqt5/test_img/3.jpg
2026-05-06 10:30:07,701 - __main__ - INFO - ƒ£–Õº”‘ÿ≥…π¶: yolov5s.onnx, «Î«Û…Ë±∏=GPU,  µº …Ë±∏=GPU
2026-05-06 10:30:10,706 - __main__ - ERROR - ƒ£–Õº”‘ÿ ß∞‹: º”‘ÿ .pt  ß∞‹°£«Î»∑»œ“—∞≤◊∞ PyTorch£¨«“ ◊¥Œ π”√–Ë¡™Õ¯“‘œ¬‘ÿ ultralytics/yolov5£ª“≤ø…∏ƒ”√ ONNX µº≥ˆƒ£–Õ°£œÍ«È: No module named 'pandas'
Traceback (most recent call last):
  File "D:\Projects\yolov5-pyqt5\model_interface.py", line 481, in load_model
    self._hub_device = '0' if cuda_available else 'cpu'
                 ^^^^^^^^^^^^^^^^^^^^^^^^^^^^^^^^^^^^^^
  File "D:\Users\26838\miniconda3\envs\yolov5-gpu\Lib\site-packages\torch\hub.py", line 669, in load
    model = _load_local(repo_or_dir, model, *args, **kwargs)
            ^^^^^^^^^^^^^^^^^^^^^^^^^^^^^^^^^^^^^^^^^^^^^^^^
  File "D:\Users\26838\miniconda3\envs\yolov5-gpu\Lib\site-packages\torch\hub.py", line 702, in _load_local
    model = entry(*args, **kwargs)
            ^^^^^^^^^^^^^^^^^^^^^^
  File "C:\Users\26838/.cache\torch\hub\ultralytics_yolov5_master\hubconf.py", line 135, in custom
    return _create(path, autoshape=autoshape, verbose=_verbose, device=device)
           ^^^^^^^^^^^^^^^^^^^^^^^^^^^^^^^^^^^^^^^^^^^^^^^^^^^^^^^^^^^^^^^^^^^
  File "C:\Users\26838/.cache\torch\hub\ultralytics_yolov5_master\hubconf.py", line 55, in _create
    from models.common import AutoShape, DetectMultiBackend
  File "C:\Users\26838/.cache\torch\hub\ultralytics_yolov5_master\models\common.py", line 18, in <module>
    import pandas as pd
ModuleNotFoundError: No module named 'pandas'

The above exception was the direct cause of the following exception:

Traceback (most recent call last):
  File "D:\Projects\yolov5-pyqt5\main.py", line 399, in cb_weights_changed
    self.detector = create_detector(weights_path, model_type='auto',
                    ^^^^^^^^^^^^^^^^^^^^^^^^^^^^^^^^^^^^^^^^^^^^^^^^
  File "D:\Projects\yolov5-pyqt5\model_interface.py", line 618, in create_detector
    model_type = 'pytorch'
       ^^^^^^^^^^^^^^^^^^^^
  File "D:\Projects\yolov5-pyqt5\model_interface.py", line 457, in __init__
    self.model = None
  File "D:\Projects\yolov5-pyqt5\model_interface.py", line 491, in load_model
    _verbose=False,
RuntimeError: º”‘ÿ .pt  ß∞‹°£«Î»∑»œ“—∞≤◊∞ PyTorch£¨«“ ◊¥Œ π”√–Ë¡™Õ¯“‘œ¬‘ÿ ultralytics/yolov5£ª“≤ø…∏ƒ”√ ONNX µº≥ˆƒ£–Õ°£œÍ«È: No module named 'pandas'
2026-05-06 10:30:52,217 - __main__ - INFO - ”¶”√≥Ã–Ú∆Ù∂Ø
2026-05-06 10:30:53,519 - torch._native.dsl_registry - INFO - Successfully registered DSL: cutedsl
2026-05-06 10:30:53,522 - torch._native.dsl_registry - INFO - Successfully registered DSL: triton
2026-05-06 10:30:55,748 - __main__ - INFO - ƒ£–Õº”‘ÿ≥…π¶: best.onnx, «Î«Û…Ë±∏=GPU,  µº …Ë±∏=GPU
2026-05-06 10:30:55,750 - __main__ - INFO - º”‘ÿ¡À 3 ∏ˆƒ£–ÕŒƒº˛
2026-05-06 10:30:56,104 - __main__ - INFO - ƒ£–Õº”‘ÿ≥…π¶: best.onnx, «Î«Û…Ë±∏=GPU,  µº …Ë±∏=GPU
2026-05-06 10:30:56,118 - __main__ - INFO - ≤Œ ˝ª÷∏¥≥…π¶
2026-05-06 10:30:59,552 - __main__ - INFO - Õº∆¨ºÏ≤‚“—ÕÍ≥… (ª≠√Ê1): D:/Projects/yolov5-pyqt5/test_img/1.jpg
2026-05-06 10:31:07,578 - __main__ - ERROR - ƒ£–Õº”‘ÿ ß∞‹: º”‘ÿ .pt  ß∞‹°£«Î»∑»œ“—∞≤◊∞ PyTorch£¨«“ ◊¥Œ π”√–Ë¡™Õ¯“‘œ¬‘ÿ ultralytics/yolov5:v7.0£®torch hub ª∫¥Ê£©£ª»Ù‘¯¿≠»°π˝¥ÌŒÛµƒ master ª∫¥Ê£¨ø……æ≥˝ torch hub ª∫¥Êƒø¬º∫Û÷ÿ ‘°£“≤ø…∏ƒ”√ ONNX µº≥ˆƒ£–Õ°£œÍ«È: No module named 'IPython'
Traceback (most recent call last):
  File "D:\Projects\yolov5-pyqt5\model_interface.py", line 494, in load_model
    self.model = torch.hub.load(
                 ^^^^^^^^^^^^^^^
  File "D:\Users\26838\miniconda3\envs\yolov5-gpu\Lib\site-packages\torch\hub.py", line 669, in load
    model = _load_local(repo_or_dir, model, *args, **kwargs)
            ^^^^^^^^^^^^^^^^^^^^^^^^^^^^^^^^^^^^^^^^^^^^^^^^
  File "D:\Users\26838\miniconda3\envs\yolov5-gpu\Lib\site-packages\torch\hub.py", line 702, in _load_local
    model = entry(*args, **kwargs)
            ^^^^^^^^^^^^^^^^^^^^^^
  File "C:\Users\26838/.cache\torch\hub\ultralytics_yolov5_v7.0\hubconf.py", line 83, in custom
    return _create(path, autoshape=autoshape, verbose=_verbose, device=device)
           ^^^^^^^^^^^^^^^^^^^^^^^^^^^^^^^^^^^^^^^^^^^^^^^^^^^^^^^^^^^^^^^^^^^
  File "C:\Users\26838/.cache\torch\hub\ultralytics_yolov5_v7.0\hubconf.py", line 33, in _create
    from models.common import AutoShape, DetectMultiBackend
  File "C:\Users\26838/.cache\torch\hub\ultralytics_yolov5_v7.0\models\common.py", line 24, in <module>
    from IPython.display import display
ModuleNotFoundError: No module named 'IPython'

The above exception was the direct cause of the following exception:

Traceback (most recent call last):
  File "D:\Projects\yolov5-pyqt5\main.py", line 399, in cb_weights_changed
    self.detector = create_detector(weights_path, model_type='auto',
                    ^^^^^^^^^^^^^^^^^^^^^^^^^^^^^^^^^^^^^^^^^^^^^^^^
  File "D:\Projects\yolov5-pyqt5\model_interface.py", line 629, in create_detector
    return YOLOv5PyTorchDetector(weights, **kwargs)
           ^^^^^^^^^^^^^^^^^^^^^^^^^^^^^^^^^^^^^^^^
  File "D:\Projects\yolov5-pyqt5\model_interface.py", line 461, in __init__
    self.load_model()
  File "D:\Projects\yolov5-pyqt5\model_interface.py", line 500, in load_model
    raise RuntimeError(
RuntimeError: º”‘ÿ .pt  ß∞‹°£«Î»∑»œ“—∞≤◊∞ PyTorch£¨«“ ◊¥Œ π”√–Ë¡™Õ¯“‘œ¬‘ÿ ultralytics/yolov5:v7.0£®torch hub ª∫¥Ê£©£ª»Ù‘¯¿≠»°π˝¥ÌŒÛµƒ master ª∫¥Ê£¨ø……æ≥˝ torch hub ª∫¥Êƒø¬º∫Û÷ÿ ‘°£“≤ø…∏ƒ”√ ONNX µº≥ˆƒ£–Õ°£œÍ«È: No module named 'IPython'
2026-05-06 10:31:53,643 - __main__ - INFO - ”¶”√≥Ã–Ú∆Ù∂Ø
2026-05-06 10:31:54,973 - torch._native.dsl_registry - INFO - Successfully registered DSL: cutedsl
2026-05-06 10:31:54,975 - torch._native.dsl_registry - INFO - Successfully registered DSL: triton
2026-05-06 10:31:57,133 - __main__ - INFO - ƒ£–Õº”‘ÿ≥…π¶: best.onnx, «Î«Û…Ë±∏=GPU,  µº …Ë±∏=GPU
2026-05-06 10:31:57,135 - __main__ - INFO - º”‘ÿ¡À 3 ∏ˆƒ£–ÕŒƒº˛
2026-05-06 10:31:57,451 - __main__ - INFO - ƒ£–Õº”‘ÿ≥…π¶: best.onnx, «Î«Û…Ë±∏=GPU,  µº …Ë±∏=GPU
2026-05-06 10:31:57,455 - __main__ - INFO - ≤Œ ˝ª÷∏¥≥…π¶
2026-05-06 10:32:02,443 - __main__ - INFO - Õº∆¨ºÏ≤‚“—ÕÍ≥… (ª≠√Ê1): D:/Projects/yolov5-pyqt5/test_img/2.jpg
2026-05-06 10:32:07,347 - __main__ - ERROR - ƒ£–Õº”‘ÿ ß∞‹: º”‘ÿ .pt  ß∞‹°£«Î»∑»œ“—∞≤◊∞ PyTorch£¨«“ ◊¥Œ π”√–Ë¡™Õ¯“‘œ¬‘ÿ ultralytics/yolov5:v7.0£®torch hub ª∫¥Ê£©£ª»Ù‘¯¿≠»°π˝¥ÌŒÛµƒ master ª∫¥Ê£¨ø……æ≥˝ torch hub ª∫¥Êƒø¬º∫Û÷ÿ ‘°£“≤ø…∏ƒ”√ ONNX µº≥ˆƒ£–Õ°£œÍ«È: No module named 'tqdm'
Traceback (most recent call last):
  File "D:\Projects\yolov5-pyqt5\model_interface.py", line 494, in load_model
    self.model = torch.hub.load(
                 ^^^^^^^^^^^^^^^
  File "D:\Users\26838\miniconda3\envs\yolov5-gpu\Lib\site-packages\torch\hub.py", line 669, in load
    model = _load_local(repo_or_dir, model, *args, **kwargs)
            ^^^^^^^^^^^^^^^^^^^^^^^^^^^^^^^^^^^^^^^^^^^^^^^^
  File "D:\Users\26838\miniconda3\envs\yolov5-gpu\Lib\site-packages\torch\hub.py", line 702, in _load_local
    model = entry(*args, **kwargs)
            ^^^^^^^^^^^^^^^^^^^^^^
  File "C:\Users\26838/.cache\torch\hub\ultralytics_yolov5_v7.0\hubconf.py", line 83, in custom
    return _create(path, autoshape=autoshape, verbose=_verbose, device=device)
           ^^^^^^^^^^^^^^^^^^^^^^^^^^^^^^^^^^^^^^^^^^^^^^^^^^^^^^^^^^^^^^^^^^^
  File "C:\Users\26838/.cache\torch\hub\ultralytics_yolov5_v7.0\hubconf.py", line 33, in _create
    from models.common import AutoShape, DetectMultiBackend
  File "C:\Users\26838/.cache\torch\hub\ultralytics_yolov5_v7.0\models\common.py", line 29, in <module>
    from utils.dataloaders import exif_transpose, letterbox
  File "C:\Users\26838/.cache\torch\hub\ultralytics_yolov5_v7.0\utils\dataloaders.py", line 29, in <module>
    from tqdm import tqdm
ModuleNotFoundError: No module named 'tqdm'

The above exception was the direct cause of the following exception:

Traceback (most recent call last):
  File "D:\Projects\yolov5-pyqt5\main.py", line 399, in cb_weights_changed
    self.detector = create_detector(weights_path, model_type='auto',
                    ^^^^^^^^^^^^^^^^^^^^^^^^^^^^^^^^^^^^^^^^^^^^^^^^
  File "D:\Projects\yolov5-pyqt5\model_interface.py", line 629, in create_detector
    return YOLOv5PyTorchDetector(weights, **kwargs)
           ^^^^^^^^^^^^^^^^^^^^^^^^^^^^^^^^^^^^^^^^
  File "D:\Projects\yolov5-pyqt5\model_interface.py", line 461, in __init__
    self.load_model()
  File "D:\Projects\yolov5-pyqt5\model_interface.py", line 500, in load_model
    raise RuntimeError(
RuntimeError: º”‘ÿ .pt  ß∞‹°£«Î»∑»œ“—∞≤◊∞ PyTorch£¨«“ ◊¥Œ π”√–Ë¡™Õ¯“‘œ¬‘ÿ ultralytics/yolov5:v7.0£®torch hub ª∫¥Ê£©£ª»Ù‘¯¿≠»°π˝¥ÌŒÛµƒ master ª∫¥Ê£¨ø……æ≥˝ torch hub ª∫¥Êƒø¬º∫Û÷ÿ ‘°£“≤ø…∏ƒ”√ ONNX µº≥ˆƒ£–Õ°£œÍ«È: No module named 'tqdm'
2026-05-06 10:32:38,712 - __main__ - INFO - ”¶”√≥Ã–Ú∆Ù∂Ø
2026-05-06 10:32:40,155 - torch._native.dsl_registry - INFO - Successfully registered DSL: cutedsl
2026-05-06 10:32:40,157 - torch._native.dsl_registry - INFO - Successfully registered DSL: triton
2026-05-06 10:32:42,519 - __main__ - INFO - ƒ£–Õº”‘ÿ≥…π¶: best.onnx, «Î«Û…Ë±∏=GPU,  µº …Ë±∏=GPU
2026-05-06 10:32:42,521 - __main__ - INFO - º”‘ÿ¡À 3 ∏ˆƒ£–ÕŒƒº˛
2026-05-06 10:32:42,917 - __main__ - INFO - ƒ£–Õº”‘ÿ≥…π¶: best.onnx, «Î«Û…Ë±∏=GPU,  µº …Ë±∏=GPU
2026-05-06 10:32:42,919 - __main__ - INFO - ≤Œ ˝ª÷∏¥≥…π¶
2026-05-06 10:32:46,310 - __main__ - INFO - Õº∆¨ºÏ≤‚“—ÕÍ≥… (ª≠√Ê1): D:/Projects/yolov5-pyqt5/test_img/1.jpg
2026-05-06 10:32:48,748 - __main__ - ERROR - ƒ£–Õº”‘ÿ ß∞‹: º”‘ÿ .pt  ß∞‹°£«Î»∑»œ“—∞≤◊∞ PyTorch£¨«“ ◊¥Œ π”√–Ë¡™Õ¯“‘œ¬‘ÿ ultralytics/yolov5:v7.0£®torch hub ª∫¥Ê£©£ª»Ù‘¯¿≠»°π˝¥ÌŒÛµƒ master ª∫¥Ê£¨ø……æ≥˝ torch hub ª∫¥Êƒø¬º∫Û÷ÿ ‘°£“≤ø…∏ƒ”√ ONNX µº≥ˆƒ£–Õ°£œÍ«È: No module named 'seaborn'
Traceback (most recent call last):
  File "D:\Projects\yolov5-pyqt5\model_interface.py", line 494, in load_model
    self.model = torch.hub.load(
                 ^^^^^^^^^^^^^^^
  File "D:\Users\26838\miniconda3\envs\yolov5-gpu\Lib\site-packages\torch\hub.py", line 669, in load
    model = _load_local(repo_or_dir, model, *args, **kwargs)
            ^^^^^^^^^^^^^^^^^^^^^^^^^^^^^^^^^^^^^^^^^^^^^^^^
  File "D:\Users\26838\miniconda3\envs\yolov5-gpu\Lib\site-packages\torch\hub.py", line 702, in _load_local
    model = entry(*args, **kwargs)
            ^^^^^^^^^^^^^^^^^^^^^^
  File "C:\Users\26838/.cache\torch\hub\ultralytics_yolov5_v7.0\hubconf.py", line 83, in custom
    return _create(path, autoshape=autoshape, verbose=_verbose, device=device)
           ^^^^^^^^^^^^^^^^^^^^^^^^^^^^^^^^^^^^^^^^^^^^^^^^^^^^^^^^^^^^^^^^^^^
  File "C:\Users\26838/.cache\torch\hub\ultralytics_yolov5_v7.0\hubconf.py", line 33, in _create
    from models.common import AutoShape, DetectMultiBackend
  File "C:\Users\26838/.cache\torch\hub\ultralytics_yolov5_v7.0\models\common.py", line 33, in <module>
    from utils.plots import Annotator, colors, save_one_box
  File "C:\Users\26838/.cache\torch\hub\ultralytics_yolov5_v7.0\utils\plots.py", line 18, in <module>
    import seaborn as sn
ModuleNotFoundError: No module named 'seaborn'

The above exception was the direct cause of the following exception:

Traceback (most recent call last):
  File "D:\Projects\yolov5-pyqt5\main.py", line 399, in cb_weights_changed
    self.detector = create_detector(weights_path, model_type='auto',
                    ^^^^^^^^^^^^^^^^^^^^^^^^^^^^^^^^^^^^^^^^^^^^^^^^
  File "D:\Projects\yolov5-pyqt5\model_interface.py", line 629, in create_detector
    return YOLOv5PyTorchDetector(weights, **kwargs)
           ^^^^^^^^^^^^^^^^^^^^^^^^^^^^^^^^^^^^^^^^
  File "D:\Projects\yolov5-pyqt5\model_interface.py", line 461, in __init__
    self.load_model()
  File "D:\Projects\yolov5-pyqt5\model_interface.py", line 500, in load_model
    raise RuntimeError(
RuntimeError: º”‘ÿ .pt  ß∞‹°£«Î»∑»œ“—∞≤◊∞ PyTorch£¨«“ ◊¥Œ π”√–Ë¡™Õ¯“‘œ¬‘ÿ ultralytics/yolov5:v7.0£®torch hub ª∫¥Ê£©£ª»Ù‘¯¿≠»°π˝¥ÌŒÛµƒ master ª∫¥Ê£¨ø……æ≥˝ torch hub ª∫¥Êƒø¬º∫Û÷ÿ ‘°£“≤ø…∏ƒ”√ ONNX µº≥ˆƒ£–Õ°£œÍ«È: No module named 'seaborn'
2026-05-06 10:33:18,858 - __main__ - INFO - ”¶”√≥Ã–Ú∆Ù∂Ø
2026-05-06 10:33:20,166 - torch._native.dsl_registry - INFO - Successfully registered DSL: cutedsl
2026-05-06 10:33:20,167 - torch._native.dsl_registry - INFO - Successfully registered DSL: triton
2026-05-06 10:33:22,452 - __main__ - INFO - ƒ£–Õº”‘ÿ≥…π¶: best.onnx, «Î«Û…Ë±∏=GPU,  µº …Ë±∏=GPU
2026-05-06 10:33:22,454 - __main__ - INFO - º”‘ÿ¡À 3 ∏ˆƒ£–ÕŒƒº˛
2026-05-06 10:33:22,714 - __main__ - INFO - ƒ£–Õº”‘ÿ≥…π¶: best.onnx, «Î«Û…Ë±∏=GPU,  µº …Ë±∏=GPU
2026-05-06 10:33:22,733 - __main__ - INFO - ≤Œ ˝ª÷∏¥≥…π¶
2026-05-06 10:33:33,918 - __main__ - ERROR - ƒ£–Õº”‘ÿ ß∞‹: º”‘ÿ .pt  ß∞‹°£«Î»∑»œ“—∞≤◊∞ PyTorch£¨«“ ◊¥Œ π”√–Ë¡™Õ¯“‘œ¬‘ÿ ultralytics/yolov5:v7.0£®torch hub ª∫¥Ê£©£ª»Ù‘¯¿≠»°π˝¥ÌŒÛµƒ master ª∫¥Ê£¨ø……æ≥˝ torch hub ª∫¥Êƒø¬º∫Û÷ÿ ‘°£“≤ø…∏ƒ”√ ONNX µº≥ˆƒ£–Õ°£œÍ«È: Weights only load failed. This file can still be loaded, to do so you have two options, [1mdo those steps only if you trust the source of the checkpoint[0m. 
	(1) In PyTorch 2.6, we changed the default value of the `weights_only` argument in `torch.load` from `False` to `True`. Re-running `torch.load` with `weights_only` set to `False` will likely succeed, but it can result in arbitrary code execution. Do it only if you got the file from a trusted source.
	(2) Alternatively, to load with `weights_only=True` please check the recommended steps in the following error message.
	WeightsUnpickler error: Unsupported global: GLOBAL models.yolo.DetectionModel was not an allowed global by default. Please use `torch.serialization.add_safe_globals([models.yolo.DetectionModel])` or the `torch.serialization.safe_globals([models.yolo.DetectionModel])` context manager to allowlist this global if you trust this class/function.

Check the documentation of torch.load to learn more about types accepted by default with weights_only https://pytorch.org/docs/stable/generated/torch.load.html.. Cache may be out of date, try `force_reload=True` or see https://github.com/ultralytics/yolov5/issues/36 for help.
Traceback (most recent call last):
  File "C:\Users\26838/.cache\torch\hub\ultralytics_yolov5_v7.0\hubconf.py", line 60, in _create
    model = attempt_load(path, device=device, fuse=False)  # arbitrary model
            ^^^^^^^^^^^^^^^^^^^^^^^^^^^^^^^^^^^^^^^^^^^^^
  File "C:\Users\26838/.cache\torch\hub\ultralytics_yolov5_v7.0\models\experimental.py", line 79, in attempt_load
    ckpt = torch.load(attempt_download(w), map_location='cpu')  # load
           ^^^^^^^^^^^^^^^^^^^^^^^^^^^^^^^^^^^^^^^^^^^^^^^^^^^
  File "D:\Users\26838\miniconda3\envs\yolov5-gpu\Lib\site-packages\torch\serialization.py", line 1578, in load
    raise pickle.UnpicklingError(_get_wo_message(str(e))) from None
_pickle.UnpicklingError: Weights only load failed. This file can still be loaded, to do so you have two options, [1mdo those steps only if you trust the source of the checkpoint[0m. 
	(1) In PyTorch 2.6, we changed the default value of the `weights_only` argument in `torch.load` from `False` to `True`. Re-running `torch.load` with `weights_only` set to `False` will likely succeed, but it can result in arbitrary code execution. Do it only if you got the file from a trusted source.
	(2) Alternatively, to load with `weights_only=True` please check the recommended steps in the following error message.
	WeightsUnpickler error: Unsupported global: GLOBAL models.yolo.DetectionModel was not an allowed global by default. Please use `torch.serialization.add_safe_globals([models.yolo.DetectionModel])` or the `torch.serialization.safe_globals([models.yolo.DetectionModel])` context manager to allowlist this global if you trust this class/function.

Check the documentation of torch.load to learn more about types accepted by default with weights_only https://pytorch.org/docs/stable/generated/torch.load.html.

The above exception was the direct cause of the following exception:

Traceback (most recent call last):
  File "D:\Projects\yolov5-pyqt5\model_interface.py", line 494, in load_model
    self.model = torch.hub.load(
                 ^^^^^^^^^^^^^^^
  File "D:\Users\26838\miniconda3\envs\yolov5-gpu\Lib\site-packages\torch\hub.py", line 669, in load
    model = _load_local(repo_or_dir, model, *args, **kwargs)
            ^^^^^^^^^^^^^^^^^^^^^^^^^^^^^^^^^^^^^^^^^^^^^^^^
  File "D:\Users\26838\miniconda3\envs\yolov5-gpu\Lib\site-packages\torch\hub.py", line 702, in _load_local
    model = entry(*args, **kwargs)
            ^^^^^^^^^^^^^^^^^^^^^^
  File "C:\Users\26838/.cache\torch\hub\ultralytics_yolov5_v7.0\hubconf.py", line 83, in custom
    return _create(path, autoshape=autoshape, verbose=_verbose, device=device)
           ^^^^^^^^^^^^^^^^^^^^^^^^^^^^^^^^^^^^^^^^^^^^^^^^^^^^^^^^^^^^^^^^^^^
  File "C:\Users\26838/.cache\torch\hub\ultralytics_yolov5_v7.0\hubconf.py", line 78, in _create
    raise Exception(s) from e
Exception: Weights only load failed. This file can still be loaded, to do so you have two options, [1mdo those steps only if you trust the source of the checkpoint[0m. 
	(1) In PyTorch 2.6, we changed the default value of the `weights_only` argument in `torch.load` from `False` to `True`. Re-running `torch.load` with `weights_only` set to `False` will likely succeed, but it can result in arbitrary code execution. Do it only if you got the file from a trusted source.
	(2) Alternatively, to load with `weights_only=True` please check the recommended steps in the following error message.
	WeightsUnpickler error: Unsupported global: GLOBAL models.yolo.DetectionModel was not an allowed global by default. Please use `torch.serialization.add_safe_globals([models.yolo.DetectionModel])` or the `torch.serialization.safe_globals([models.yolo.DetectionModel])` context manager to allowlist this global if you trust this class/function.

Check the documentation of torch.load to learn more about types accepted by default with weights_only https://pytorch.org/docs/stable/generated/torch.load.html.. Cache may be out of date, try `force_reload=True` or see https://github.com/ultralytics/yolov5/issues/36 for help.

The above exception was the direct cause of the following exception:

Traceback (most recent call last):
  File "D:\Projects\yolov5-pyqt5\main.py", line 399, in cb_weights_changed
    self.detector = create_detector(weights_path, model_type='auto',
                    ^^^^^^^^^^^^^^^^^^^^^^^^^^^^^^^^^^^^^^^^^^^^^^^^
  File "D:\Projects\yolov5-pyqt5\model_interface.py", line 629, in create_detector
    return YOLOv5PyTorchDetector(weights, **kwargs)
           ^^^^^^^^^^^^^^^^^^^^^^^^^^^^^^^^^^^^^^^^
  File "D:\Projects\yolov5-pyqt5\model_interface.py", line 461, in __init__
    self.load_model()
  File "D:\Projects\yolov5-pyqt5\model_interface.py", line 500, in load_model
    raise RuntimeError(
RuntimeError: º”‘ÿ .pt  ß∞‹°£«Î»∑»œ“—∞≤◊∞ PyTorch£¨«“ ◊¥Œ π”√–Ë¡™Õ¯“‘œ¬‘ÿ ultralytics/yolov5:v7.0£®torch hub ª∫¥Ê£©£ª»Ù‘¯¿≠»°π˝¥ÌŒÛµƒ master ª∫¥Ê£¨ø……æ≥˝ torch hub ª∫¥Êƒø¬º∫Û÷ÿ ‘°£“≤ø…∏ƒ”√ ONNX µº≥ˆƒ£–Õ°£œÍ«È: Weights only load failed. This file can still be loaded, to do so you have two options, [1mdo those steps only if you trust the source of the checkpoint[0m. 
	(1) In PyTorch 2.6, we changed the default value of the `weights_only` argument in `torch.load` from `False` to `True`. Re-running `torch.load` with `weights_only` set to `False` will likely succeed, but it can result in arbitrary code execution. Do it only if you got the file from a trusted source.
	(2) Alternatively, to load with `weights_only=True` please check the recommended steps in the following error message.
	WeightsUnpickler error: Unsupported global: GLOBAL models.yolo.DetectionModel was not an allowed global by default. Please use `torch.serialization.add_safe_globals([models.yolo.DetectionModel])` or the `torch.serialization.safe_globals([models.yolo.DetectionModel])` context manager to allowlist this global if you trust this class/function.

Check the documentation of torch.load to learn more about types accepted by default with weights_only https://pytorch.org/docs/stable/generated/torch.load.html.. Cache may be out of date, try `force_reload=True` or see https://github.com/ultralytics/yolov5/issues/36 for help.
2026-05-06 10:36:31,310 - __main__ - INFO - ”¶”√≥Ã–Ú∆Ù∂Ø
2026-05-06 10:36:32,626 - torch._native.dsl_registry - INFO - Successfully registered DSL: cutedsl
2026-05-06 10:36:32,627 - torch._native.dsl_registry - INFO - Successfully registered DSL: triton
2026-05-06 10:36:34,969 - __main__ - INFO - ƒ£–Õº”‘ÿ≥…π¶: best.onnx, «Î«Û…Ë±∏=GPU,  µº …Ë±∏=GPU
2026-05-06 10:36:34,970 - __main__ - INFO - º”‘ÿ¡À 3 ∏ˆƒ£–ÕŒƒº˛
2026-05-06 10:36:35,311 - __main__ - INFO - ƒ£–Õº”‘ÿ≥…π¶: best.onnx, «Î«Û…Ë±∏=GPU,  µº …Ë±∏=GPU
2026-05-06 10:36:35,316 - __main__ - INFO - ≤Œ ˝ª÷∏¥≥…π¶
2026-05-06 10:36:39,436 - __main__ - INFO - Õº∆¨ºÏ≤‚“—ÕÍ≥… (ª≠√Ê1): D:/Projects/yolov5-pyqt5/test_img/2.jpg
2026-05-06 10:42:22,743 - __main__ - INFO - ”¶”√≥Ã–Ú∆Ù∂Ø
2026-05-06 10:42:24,093 - torch._native.dsl_registry - INFO - Successfully registered DSL: cutedsl
2026-05-06 10:42:24,095 - torch._native.dsl_registry - INFO - Successfully registered DSL: triton
2026-05-06 10:42:26,432 - __main__ - INFO - ƒ£–Õº”‘ÿ≥…π¶: best.onnx, «Î«Û…Ë±∏=GPU,  µº …Ë±∏=GPU
2026-05-06 10:42:26,434 - __main__ - INFO - º”‘ÿ¡À 3 ∏ˆƒ£–ÕŒƒº˛
2026-05-06 10:42:26,819 - __main__ - INFO - ƒ£–Õº”‘ÿ≥…π¶: best.onnx, «Î«Û…Ë±∏=GPU,  µº …Ë±∏=GPU
2026-05-06 10:42:26,824 - __main__ - INFO - ≤Œ ˝ª÷∏¥≥…π¶
2026-05-06 10:42:30,797 - __main__ - INFO - ƒ£–Õº”‘ÿ≥…π¶: best.pt, «Î«Û…Ë±∏=GPU,  µº …Ë±∏=GPU
2026-05-06 10:42:38,271 - __main__ - INFO - Õº∆¨ºÏ≤‚“—ÕÍ≥… (ª≠√Ê1): D:/Projects/yolov5-pyqt5/test_img/2.jpg
2026-05-06 10:43:01,419 - __main__ - INFO -  ”∆µºÏ≤‚“—Õ£÷π (ª≠√Ê1): D:/Projects/yolov5-pyqt5/test_img/ ”∆µ1.mp4
2026-05-06 10:43:04,893 - __main__ - INFO - ƒ£–Õº”‘ÿ≥…π¶: best.onnx, «Î«Û…Ë±∏=GPU,  µº …Ë±∏=GPU
2026-05-06 10:43:08,042 - __main__ - INFO - Õº∆¨ºÏ≤‚“—ÕÍ≥… (ª≠√Ê1): D:/Projects/yolov5-pyqt5/test_img/30.jpg
2026-05-06 10:43:43,382 - __main__ - INFO - ”¶”√≥Ã–Ú∆Ù∂Ø
2026-05-06 10:43:44,765 - torch._native.dsl_registry - INFO - Successfully registered DSL: cutedsl
2026-05-06 10:43:44,767 - torch._native.dsl_registry - INFO - Successfully registered DSL: triton
2026-05-06 10:43:47,056 - __main__ - INFO - ƒ£–Õº”‘ÿ≥…π¶: best.onnx, «Î«Û…Ë±∏=GPU,  µº …Ë±∏=GPU
2026-05-06 10:43:47,057 - __main__ - INFO - º”‘ÿ¡À 3 ∏ˆƒ£–ÕŒƒº˛
2026-05-06 10:43:47,414 - __main__ - INFO - ƒ£–Õº”‘ÿ≥…π¶: best.onnx, «Î«Û…Ë±∏=GPU,  µº …Ë±∏=GPU
2026-05-06 10:43:47,420 - __main__ - INFO - ≤Œ ˝ª÷∏¥≥…π¶
2026-05-06 10:43:50,800 - __main__ - INFO - ƒ£–Õº”‘ÿ≥…π¶: best.pt, «Î«Û…Ë±∏=GPU,  µº …Ë±∏=GPU
2026-05-06 10:43:58,070 - __main__ - INFO - Õº∆¨ºÏ≤‚“—ÕÍ≥… (ª≠√Ê1): D:/Projects/yolov5-pyqt5/test_img/1.jpg
2026-05-06 10:44:00,951 - __main__ - INFO - Õº∆¨ºÏ≤‚“—ÕÍ≥… (ª≠√Ê1): D:/Projects/yolov5-pyqt5/test_img/9.jpg
2026-05-06 10:46:27,723 - __main__ - INFO - ”¶”√≥Ã–Ú∆Ù∂Ø
2026-05-06 10:46:29,065 - torch._native.dsl_registry - INFO - Successfully registered DSL: cutedsl
2026-05-06 10:46:29,067 - torch._native.dsl_registry - INFO - Successfully registered DSL: triton
2026-05-06 10:46:31,411 - __main__ - INFO - ƒ£–Õº”‘ÿ≥…π¶: best.onnx, «Î«Û…Ë±∏=GPU,  µº …Ë±∏=GPU
2026-05-06 10:46:31,412 - __main__ - INFO - º”‘ÿ¡À 3 ∏ˆƒ£–ÕŒƒº˛
2026-05-06 10:46:31,769 - __main__ - INFO - ƒ£–Õº”‘ÿ≥…π¶: best.onnx, «Î«Û…Ë±∏=GPU,  µº …Ë±∏=GPU
2026-05-06 10:46:31,770 - __main__ - INFO - ≤Œ ˝ª÷∏¥≥…π¶
2026-05-06 10:46:41,699 - __main__ - INFO - ƒ£–Õº”‘ÿ≥…π¶: best.pt, «Î«Û…Ë±∏=GPU,  µº …Ë±∏=GPU
2026-05-06 10:46:44,588 - __main__ - INFO - Õº∆¨ºÏ≤‚“—ÕÍ≥… (ª≠√Ê1): D:/Projects/yolov5-pyqt5/test_img/2.jpg
2026-05-06 10:46:55,777 - __main__ - INFO - Õº∆¨ºÏ≤‚“—ÕÍ≥… (ª≠√Ê3): D:/Projects/yolov5-pyqt5/test_img/53.jpg
2026-05-06 10:47:00,217 - __main__ - INFO - Õº∆¨ºÏ≤‚“—ÕÍ≥… (ª≠√Ê4): D:/Projects/yolov5-pyqt5/test_img/40.jpg
2026-05-06 10:47:04,819 - __main__ - INFO - Õº∆¨ºÏ≤‚“—ÕÍ≥… (ª≠√Ê5): D:/Projects/yolov5-pyqt5/test_img/40.jpg
2026-05-06 10:47:05,767 - __main__ - INFO -  ”∆µºÏ≤‚“—Õ£÷π (ª≠√Ê1): D:/Projects/yolov5-pyqt5/test_img/ ”∆µ1.mp4
2026-05-06 10:47:10,060 - __main__ - INFO -  ”∆µºÏ≤‚“—Õ£÷π (ª≠√Ê2): D:/Projects/yolov5-pyqt5/test_img/ ”∆µ1.mp4
2026-05-06 10:47:15,801 - __main__ - INFO - Õº∆¨ºÏ≤‚“—ÕÍ≥… (ª≠√Ê6): D:/Projects/yolov5-pyqt5/test_img/20.jpg
2026-05-06 10:47:26,779 - __main__ - INFO - HTML±®∏Ê“—…˙≥…: ./results\report_20260506_104726.html
2026-05-06 10:49:36,014 - __main__ - INFO - ”¶”√≥Ã–Ú∆Ù∂Ø
2026-05-06 10:49:37,389 - torch._native.dsl_registry - INFO - Successfully registered DSL: cutedsl
2026-05-06 10:49:37,390 - torch._native.dsl_registry - INFO - Successfully registered DSL: triton
2026-05-06 10:49:39,781 - __main__ - INFO - ƒ£–Õº”‘ÿ≥…π¶: best.onnx, «Î«Û…Ë±∏=GPU,  µº …Ë±∏=GPU
2026-05-06 10:49:39,782 - __main__ - INFO - º”‘ÿ¡À 3 ∏ˆƒ£–ÕŒƒº˛
2026-05-06 10:49:40,112 - __main__ - INFO - ƒ£–Õº”‘ÿ≥…π¶: best.onnx, «Î«Û…Ë±∏=GPU,  µº …Ë±∏=GPU
2026-05-06 10:49:40,113 - __main__ - INFO - ≤Œ ˝ª÷∏¥≥…π¶
2026-05-06 10:49:43,049 - __main__ - INFO - ƒ£–Õº”‘ÿ≥…π¶: best.pt, «Î«Û…Ë±∏=GPU,  µº …Ë±∏=GPU
2026-05-06 10:54:39,336 - __main__ - INFO - ”¶”√≥Ã–Ú∆Ù∂Ø
2026-05-06 10:54:40,711 - torch._native.dsl_registry - INFO - Successfully registered DSL: cutedsl
2026-05-06 10:54:40,713 - torch._native.dsl_registry - INFO - Successfully registered DSL: triton
2026-05-06 10:54:43,083 - __main__ - INFO - ƒ£–Õº”‘ÿ≥…π¶: best.onnx, «Î«Û…Ë±∏=GPU,  µº …Ë±∏=GPU
2026-05-06 10:54:43,085 - __main__ - INFO - º”‘ÿ¡À 3 ∏ˆƒ£–ÕŒƒº˛
2026-05-06 10:54:43,333 - __main__ - INFO - ƒ£–Õº”‘ÿ≥…π¶: best.onnx, «Î«Û…Ë±∏=GPU,  µº …Ë±∏=GPU
2026-05-06 10:54:43,337 - __main__ - INFO - ≤Œ ˝ª÷∏¥≥…π¶
2026-05-06 10:55:05,890 - __main__ - INFO -  ”∆µºÏ≤‚“—Õ£÷π (ª≠√Ê1): D:/Projects/yolov5-pyqt5/test_img/ ”∆µ1.mp4
2026-05-06 10:55:10,178 - __main__ - INFO -  ”∆µºÏ≤‚“—Õ£÷π (ª≠√Ê2): D:/Projects/yolov5-pyqt5/test_img/ ”∆µ1.mp4
2026-05-06 10:55:13,499 - __main__ - INFO - ƒ£–Õº”‘ÿ≥…π¶: best.pt, «Î«Û…Ë±∏=GPU,  µº …Ë±∏=GPU
2026-05-06 10:55:15,558 - __main__ - INFO - ƒ£–Õº”‘ÿ≥…π¶: best.pt, «Î«Û…Ë±∏=CPU,  µº …Ë±∏=CPU
2026-05-06 12:33:23,806 - __main__ - INFO - ”¶”√≥Ã–Ú∆Ù∂Ø
2026-05-06 12:33:25,377 - torch._native.dsl_registry - INFO - Successfully registered DSL: cutedsl
2026-05-06 12:33:25,378 - torch._native.dsl_registry - INFO - Successfully registered DSL: triton
2026-05-06 12:33:28,014 - __main__ - INFO - ƒ£–Õº”‘ÿ≥…π¶: best.onnx, «Î«Û…Ë±∏=GPU,  µº …Ë±∏=GPU
2026-05-06 12:33:28,015 - __main__ - INFO - º”‘ÿ¡À 3 ∏ˆƒ£–ÕŒƒº˛
2026-05-06 12:33:28,387 - __main__ - INFO - ƒ£–Õº”‘ÿ≥…π¶: best.onnx, «Î«Û…Ë±∏=GPU,  µº …Ë±∏=GPU
2026-05-06 12:33:28,395 - __main__ - INFO - ≤Œ ˝ª÷∏¥≥…π¶
2026-05-06 12:33:33,707 - __main__ - INFO - Õº∆¨ºÏ≤‚“—ÕÍ≥… (ª≠√Ê1): D:/Projects/yolov5-pyqt5/test_img/11.jpg
2026-05-06 12:33:37,959 - __main__ - INFO - Õº∆¨ºÏ≤‚“—ÕÍ≥… (ª≠√Ê2): D:/Projects/yolov5-pyqt5/test_img/10.jpg
2026-05-06 12:33:43,424 - __main__ - INFO - ƒ£–Õº”‘ÿ≥…π¶: best.pt, «Î«Û…Ë±∏=GPU,  µº …Ë±∏=GPU
2026-05-06 12:33:45,316 - __main__ - INFO - Õº∆¨ºÏ≤‚“—ÕÍ≥… (ª≠√Ê1): D:/Projects/yolov5-pyqt5/test_img/10.jpg
2026-05-06 15:10:24,453 - __main__ - INFO - ”¶”√≥Ã–Ú∆Ù∂Ø
2026-05-06 15:10:26,099 - torch._native.dsl_registry - INFO - Successfully registered DSL: cutedsl
2026-05-06 15:10:26,101 - torch._native.dsl_registry - INFO - Successfully registered DSL: triton
2026-05-06 15:10:29,271 - __main__ - INFO - ƒ£–Õº”‘ÿ≥…π¶: best.onnx, «Î«Û…Ë±∏=GPU,  µº …Ë±∏=GPU
2026-05-06 15:10:29,273 - __main__ - INFO - º”‘ÿ¡À 3 ∏ˆƒ£–ÕŒƒº˛
2026-05-06 15:10:29,423 - __main__ - INFO - ƒ£–Õº”‘ÿ≥…π¶: best.onnx, «Î«Û…Ë±∏=GPU,  µº …Ë±∏=GPU
2026-05-06 15:10:29,426 - __main__ - INFO - ≤Œ ˝ª÷∏¥≥…π¶
2026-05-06 15:11:27,868 - __main__ - INFO - Õº∆¨ºÏ≤‚“—ÕÍ≥… (ª≠√Ê1): D:/Projects/yolov5-pyqt5/test_img/10.jpg
2026-05-06 15:11:34,152 - __main__ - INFO - ƒ£–Õº”‘ÿ≥…π¶: best.pt, «Î«Û…Ë±∏=GPU,  µº …Ë±∏=GPU
2026-05-06 15:11:37,499 - __main__ - INFO - Õº∆¨ºÏ≤‚“—ÕÍ≥… (ª≠√Ê2): D:/Projects/yolov5-pyqt5/test_img/14.jpg
2026-05-06 18:49:19,439 - __main__ - INFO - ”¶”√≥Ã–Ú∆Ù∂Ø
2026-05-06 18:49:21,120 - torch._native.dsl_registry - INFO - Successfully registered DSL: cutedsl
2026-05-06 18:49:21,121 - torch._native.dsl_registry - INFO - Successfully registered DSL: triton
2026-05-06 18:49:23,840 - __main__ - INFO - ƒ£–Õº”‘ÿ≥…π¶: best.onnx, «Î«Û…Ë±∏=GPU,  µº …Ë±∏=GPU
2026-05-06 18:49:23,841 - __main__ - INFO - º”‘ÿ¡À 3 ∏ˆƒ£–ÕŒƒº˛
2026-05-06 18:49:24,113 - __main__ - INFO - ƒ£–Õº”‘ÿ≥…π¶: best.onnx, «Î«Û…Ë±∏=GPU,  µº …Ë±∏=GPU
2026-05-06 18:49:24,132 - __main__ - INFO - ≤Œ ˝ª÷∏¥≥…π¶
2026-05-06 18:49:54,137 - __main__ - INFO - Õº∆¨ºÏ≤‚“—ÕÍ≥… (ª≠√Ê1): D:/Projects/yolov5-pyqt5/test_img/1.jpg
2026-05-06 18:50:00,974 - __main__ - INFO - ƒ£–Õº”‘ÿ≥…π¶: best.pt, «Î«Û…Ë±∏=GPU,  µº …Ë±∏=GPU
2026-05-06 18:50:02,998 - __main__ - INFO - Õº∆¨ºÏ≤‚“—ÕÍ≥… (ª≠√Ê2): D:/Projects/yolov5-pyqt5/test_img/1.jpg
2026-05-06 18:51:19,741 - __main__ - INFO - Õº∆¨ºÏ≤‚“—ÕÍ≥… (ª≠√Ê3): D:/Projects/yolov5-pyqt5/test_img/3.jpg
2026-05-06 18:51:24,284 - __main__ - INFO - ƒ£–Õº”‘ÿ≥…π¶: best.onnx, «Î«Û…Ë±∏=GPU,  µº …Ë±∏=GPU
2026-05-06 18:51:27,012 - __main__ - INFO - Õº∆¨ºÏ≤‚“—ÕÍ≥… (ª≠√Ê4): D:/Projects/yolov5-pyqt5/test_img/3.jpg
2026-05-07 11:27:47,076 - __main__ - INFO - ”¶”√≥Ã–Ú∆Ù∂Ø
2026-05-07 11:28:29,762 - torch._native.dsl_registry - INFO - Successfully registered DSL: cutedsl
2026-05-07 11:28:29,766 - torch._native.dsl_registry - INFO - Successfully registered DSL: triton
2026-05-07 11:28:44,245 - __main__ - INFO - ƒ£–Õº”‘ÿ≥…π¶: best.onnx, «Î«Û…Ë±∏=GPU,  µº …Ë±∏=GPU
2026-05-07 11:28:44,247 - __main__ - INFO - º”‘ÿ¡À 3 ∏ˆƒ£–ÕŒƒº˛
2026-05-07 11:28:44,551 - __main__ - INFO - ƒ£–Õº”‘ÿ≥…π¶: best.onnx, «Î«Û…Ë±∏=GPU,  µº …Ë±∏=GPU
2026-05-07 11:28:44,566 - __main__ - INFO - ≤Œ ˝ª÷∏¥≥…π¶
2026-05-07 11:28:52,306 - __main__ - INFO - Õº∆¨ºÏ≤‚“—ÕÍ≥… (ª≠√Ê1): D:/Projects/yolov5-pyqt5/test_img/3.jpg
2026-05-07 11:29:04,136 - __main__ - INFO - ƒ£–Õº”‘ÿ≥…π¶: best.pt, «Î«Û…Ë±∏=GPU,  µº …Ë±∏=GPU
2026-05-07 11:29:07,913 - __main__ - INFO - Õº∆¨ºÏ≤‚“—ÕÍ≥… (ª≠√Ê2): D:/Projects/yolov5-pyqt5/test_img/14.jpg
2026-05-07 11:29:18,443 - __main__ - INFO - …„œÒÕ∑ºÏ≤‚“—Õ£÷π (ª≠√Ê1)
2026-05-07 11:29:34,927 - __main__ - INFO -  ”∆µºÏ≤‚“—Õ£÷π (ª≠√Ê1): D:/Projects/yolov5-pyqt5/test_img/ ”∆µ2.mp4
2026-05-07 14:52:47,284 - __main__ - INFO - ”¶”√≥Ã–Ú∆Ù∂Ø
2026-05-07 14:53:25,223 - torch._native.dsl_registry - INFO - Successfully registered DSL: cutedsl
2026-05-07 14:53:25,226 - torch._native.dsl_registry - INFO - Successfully registered DSL: triton
2026-05-07 14:53:32,479 - __main__ - INFO - ƒ£–Õº”‘ÿ≥…π¶: best.onnx, «Î«Û…Ë±∏=GPU,  µº …Ë±∏=GPU
2026-05-07 14:53:32,480 - __main__ - INFO - º”‘ÿ¡À 3 ∏ˆƒ£–ÕŒƒº˛
2026-05-07 14:53:32,793 - __main__ - INFO - ƒ£–Õº”‘ÿ≥…π¶: best.onnx, «Î«Û…Ë±∏=GPU,  µº …Ë±∏=GPU
2026-05-07 14:53:32,809 - __main__ - INFO - ≤Œ ˝ª÷∏¥≥…π¶
2026-05-07 14:53:45,844 - __main__ - INFO - Õº∆¨ºÏ≤‚“—ÕÍ≥… (ª≠√Ê1): D:/Projects/yolov5-pyqt5/test_img/3.jpg
2026-05-07 16:56:52,102 - __main__ - INFO - ”¶”√≥Ã–Ú∆Ù∂Ø
2026-05-07 16:56:53,400 - torch._native.dsl_registry - INFO - Successfully registered DSL: cutedsl
2026-05-07 16:56:53,401 - torch._native.dsl_registry - INFO - Successfully registered DSL: triton
2026-05-07 16:56:55,681 - __main__ - INFO - ƒ£–Õº”‘ÿ≥…π¶: best.onnx, «Î«Û…Ë±∏=GPU,  µº …Ë±∏=GPU
2026-05-07 16:56:55,682 - __main__ - INFO - º”‘ÿ¡À 3 ∏ˆƒ£–ÕŒƒº˛
2026-05-07 16:56:56,033 - __main__ - INFO - ƒ£–Õº”‘ÿ≥…π¶: best.onnx, «Î«Û…Ë±∏=GPU,  µº …Ë±∏=GPU
2026-05-07 16:56:56,035 - __main__ - INFO - ≤Œ ˝ª÷∏¥≥…π¶
2026-05-07 16:57:12,676 - __main__ - INFO - Õº∆¨ºÏ≤‚“—ÕÍ≥… (ª≠√Ê2): D:/Projects/yolov5-pyqt5/test_img/20.jpg
2026-05-07 16:57:14,209 - __main__ - INFO - Õº∆¨ºÏ≤‚“—ÕÍ≥… (ª≠√Ê3): D:/Projects/yolov5-pyqt5/test_img/12.jpg
2026-05-07 16:57:16,117 - __main__ - INFO - Õº∆¨ºÏ≤‚“—ÕÍ≥… (ª≠√Ê4): D:/Projects/yolov5-pyqt5/test_img/24.jpg
2026-05-07 16:57:20,472 - __main__ - INFO - Õº∆¨ºÏ≤‚“—ÕÍ≥… (ª≠√Ê5): D:/Projects/yolov5-pyqt5/test_img/40.jpg
2026-05-07 16:57:25,300 - __main__ - INFO -  ”∆µºÏ≤‚“—Õ£÷π (ª≠√Ê1): D:/Projects/yolov5-pyqt5/test_img/ ”∆µ1.mp4
2026-05-07 16:57:34,571 - __main__ - INFO - Õº∆¨ºÏ≤‚“—ÕÍ≥… (ª≠√Ê6): D:/Projects/yolov5-pyqt5/test_img/40.jpg
2026-05-07 16:57:50,657 - __main__ - INFO - HTML±®∏Ê“—…˙≥…: ./results\report_20260507_165750.html
2026-05-07 19:21:29,611 - __main__ - INFO - ”¶”√≥Ã–Ú∆Ù∂Ø
2026-05-07 19:22:07,828 - torch._native.dsl_registry - INFO - Successfully registered DSL: cutedsl
2026-05-07 19:22:07,830 - torch._native.dsl_registry - INFO - Successfully registered DSL: triton
2026-05-07 19:22:14,491 - __main__ - INFO - ƒ£–Õº”‘ÿ≥…π¶: best.onnx, «Î«Û…Ë±∏=GPU,  µº …Ë±∏=GPU
2026-05-07 19:22:14,492 - __main__ - INFO - º”‘ÿ¡À 3 ∏ˆƒ£–ÕŒƒº˛
2026-05-07 19:22:14,829 - __main__ - INFO - ƒ£–Õº”‘ÿ≥…π¶: best.onnx, «Î«Û…Ë±∏=GPU,  µº …Ë±∏=GPU
2026-05-07 19:22:14,840 - __main__ - INFO - ≤Œ ˝ª÷∏¥≥…π¶
2026-05-07 19:22:38,865 - __main__ - INFO -  ”∆µºÏ≤‚“—Õ£÷π (ª≠√Ê1): D:/Projects/yolov5-pyqt5/test_img/ ”∆µ1.mp4
2026-05-07 21:25:31,254 - __main__ - INFO - ”¶”√≥Ã–Ú∆Ù∂Ø
2026-05-07 21:26:10,707 - torch._native.dsl_registry - INFO - Successfully registered DSL: cutedsl
2026-05-07 21:26:10,710 - torch._native.dsl_registry - INFO - Successfully registered DSL: triton
2026-05-07 21:26:18,464 - __main__ - INFO - ƒ£–Õº”‘ÿ≥…π¶: best.onnx, «Î«Û…Ë±∏=GPU,  µº …Ë±∏=GPU
2026-05-07 21:26:18,465 - __main__ - INFO - º”‘ÿ¡À 3 ∏ˆƒ£–ÕŒƒº˛
2026-05-07 21:26:18,616 - __main__ - INFO - ƒ£–Õº”‘ÿ≥…π¶: best.onnx, «Î«Û…Ë±∏=GPU,  µº …Ë±∏=GPU
2026-05-07 21:26:18,619 - __main__ - INFO - ≤Œ ˝ª÷∏¥≥…π¶
2026-05-07 21:26:25,937 - __main__ - INFO - Õº∆¨ºÏ≤‚“—ÕÍ≥… (ª≠√Ê1): D:/Projects/yolov5-pyqt5/test_img/9.jpg
2026-05-07 21:26:29,981 - __main__ - INFO - Õº∆¨ºÏ≤‚“—ÕÍ≥… (ª≠√Ê2): D:/Projects/yolov5-pyqt5/test_img/40.jpg
2026-05-07 21:26:33,673 - __main__ - INFO - Õº∆¨ºÏ≤‚“—ÕÍ≥… (ª≠√Ê3): D:/Projects/yolov5-pyqt5/test_img/40.jpg
2026-05-07 21:26:39,225 - __main__ - INFO - HTML±®∏Ê“—…˙≥…: ./results\report_20260507_212639.html
2026-05-08 09:01:00,098 - __main__ - INFO - ”¶”√≥Ã–Ú∆Ù∂Ø
2026-05-08 09:01:37,680 - torch._native.dsl_registry - INFO - Successfully registered DSL: cutedsl
2026-05-08 09:01:37,682 - torch._native.dsl_registry - INFO - Successfully registered DSL: triton
2026-05-08 09:01:45,194 - __main__ - INFO - ƒ£–Õº”‘ÿ≥…π¶: best.onnx, «Î«Û…Ë±∏=GPU,  µº …Ë±∏=GPU
2026-05-08 09:01:45,196 - __main__ - INFO - º”‘ÿ¡À 3 ∏ˆƒ£–ÕŒƒº˛
2026-05-08 09:01:45,364 - __main__ - INFO - ƒ£–Õº”‘ÿ≥…π¶: best.onnx, «Î«Û…Ë±∏=GPU,  µº …Ë±∏=GPU
2026-05-08 09:01:45,365 - __main__ - INFO - ≤Œ ˝ª÷∏¥≥…π¶
2026-05-08 09:02:10,053 - __main__ - INFO -  ”∆µºÏ≤‚“—Õ£÷π (ª≠√Ê1): D:/Projects/yolov5-pyqt5/test_img/ ”∆µ1.mp4
2026-05-08 09:02:44,895 - __main__ - INFO -  ”∆µºÏ≤‚“—Õ£÷π (ª≠√Ê2): D:/Projects/yolov5-pyqt5/test_img/ ”∆µ2.mp4
2026-05-08 10:58:38,779 - __main__ - INFO - ”¶”√≥Ã–Ú∆Ù∂Ø
2026-05-08 10:59:17,256 - torch._native.dsl_registry - INFO - Successfully registered DSL: cutedsl
2026-05-08 10:59:17,257 - torch._native.dsl_registry - INFO - Successfully registered DSL: triton
2026-05-08 10:59:23,755 - __main__ - INFO - ƒ£–Õº”‘ÿ≥…π¶: best.onnx, «Î«Û…Ë±∏=GPU,  µº …Ë±∏=GPU
2026-05-08 10:59:23,756 - __main__ - INFO - º”‘ÿ¡À 3 ∏ˆƒ£–ÕŒƒº˛
2026-05-08 10:59:23,926 - __main__ - INFO - ƒ£–Õº”‘ÿ≥…π¶: best.onnx, «Î«Û…Ë±∏=GPU,  µº …Ë±∏=GPU
2026-05-08 10:59:23,928 - __main__ - INFO - ≤Œ ˝ª÷∏¥≥…π¶
2026-05-09 09:10:10,317 - __main__ - INFO - ”¶”√≥Ã–Ú∆Ù∂Ø
2026-05-09 09:10:54,744 - torch._native.dsl_registry - INFO - Successfully registered DSL: cutedsl
2026-05-09 09:10:54,749 - torch._native.dsl_registry - INFO - Successfully registered DSL: triton
2026-05-09 09:11:08,706 - __main__ - INFO - ƒ£–Õº”‘ÿ≥…π¶: best.onnx, «Î«Û…Ë±∏=GPU,  µº …Ë±∏=GPU
2026-05-09 09:11:08,707 - __main__ - INFO - º”‘ÿ¡À 3 ∏ˆƒ£–ÕŒƒº˛
2026-05-09 09:11:08,989 - __main__ - INFO - ƒ£–Õº”‘ÿ≥…π¶: best.onnx, «Î«Û…Ë±∏=GPU,  µº …Ë±∏=GPU
2026-05-09 09:11:08,993 - __main__ - INFO - ≤Œ ˝ª÷∏¥≥…π¶
2026-05-09 15:56:13,526 - __main__ - INFO - ”¶”√≥Ã–Ú∆Ù∂Ø
2026-05-09 15:56:56,674 - torch._native.dsl_registry - INFO - Successfully registered DSL: cutedsl
2026-05-09 15:56:56,678 - torch._native.dsl_registry - INFO - Successfully registered DSL: triton
2026-05-09 15:57:11,355 - __main__ - INFO - ƒ£–Õº”‘ÿ≥…π¶: best.onnx, «Î«Û…Ë±∏=GPU,  µº …Ë±∏=GPU
2026-05-09 15:57:11,356 - __main__ - INFO - º”‘ÿ¡À 3 ∏ˆƒ£–ÕŒƒº˛
2026-05-09 15:57:11,669 - __main__ - INFO - ƒ£–Õº”‘ÿ≥…π¶: best.onnx, «Î«Û…Ë±∏=GPU,  µº …Ë±∏=GPU
2026-05-09 15:57:11,675 - __main__ - INFO - ≤Œ ˝ª÷∏¥≥…π¶
2026-05-09 15:57:19,091 - __main__ - INFO - Õº∆¨ºÏ≤‚“—ÕÍ≥… (ª≠√Ê1): D:/Projects/yolov5-pyqt5/test_img/4.jpg
2026-05-09 15:57:30,336 - __main__ - INFO - ƒ£–Õº”‘ÿ≥…π¶: best.pt, «Î«Û…Ë±∏=GPU,  µº …Ë±∏=GPU
2026-05-09 15:57:34,390 - __main__ - INFO - Õº∆¨ºÏ≤‚“—ÕÍ≥… (ª≠√Ê2): D:/Projects/yolov5-pyqt5/test_img/11.jpg
2026-05-09 17:42:01,456 - __main__ - INFO - ”¶”√≥Ã–Ú∆Ù∂Ø
2026-05-09 17:42:38,967 - torch._native.dsl_registry - INFO - Successfully registered DSL: cutedsl
2026-05-09 17:42:38,969 - torch._native.dsl_registry - INFO - Successfully registered DSL: triton
2026-05-09 17:42:46,013 - __main__ - INFO - ƒ£–Õº”‘ÿ≥…π¶: best.onnx, «Î«Û…Ë±∏=GPU,  µº …Ë±∏=GPU
2026-05-09 17:42:46,014 - __main__ - INFO - º”‘ÿ¡À 3 ∏ˆƒ£–ÕŒƒº˛
2026-05-09 17:42:46,324 - __main__ - INFO - ƒ£–Õº”‘ÿ≥…π¶: best.onnx, «Î«Û…Ë±∏=GPU,  µº …Ë±∏=GPU
2026-05-09 17:42:46,328 - __main__ - INFO - ≤Œ ˝ª÷∏¥≥…π¶
2026-05-09 17:42:53,459 - __main__ - INFO - Õº∆¨ºÏ≤‚“—ÕÍ≥… (ª≠√Ê1): D:/Projects/yolov5-pyqt5/test_img/9.jpg
2026-05-09 17:42:58,203 - __main__ - INFO - Õº∆¨ºÏ≤‚“—ÕÍ≥… (ª≠√Ê2): D:/Projects/yolov5-pyqt5/test_img/53.jpg
2026-05-09 17:43:00,740 - __main__ - INFO - Õº∆¨ºÏ≤‚“—ÕÍ≥… (ª≠√Ê2): D:/Projects/yolov5-pyqt5/test_img/40.jpg
2026-05-09 17:43:03,624 - __main__ - INFO - ƒ£–Õº”‘ÿ≥…π¶: yolov5s.onnx, «Î«Û…Ë±∏=GPU,  µº …Ë±∏=GPU
2026-05-09 17:43:08,596 - __main__ - INFO - Õº∆¨ºÏ≤‚“—ÕÍ≥… (ª≠√Ê2): D:/Projects/yolov5-pyqt5/test_img/40.jpg
2026-05-09 17:43:18,339 - __main__ - INFO - ƒ£–Õº”‘ÿ≥…π¶: best.pt, «Î«Û…Ë±∏=GPU,  µº …Ë±∏=GPU
2026-05-09 17:43:20,828 - __main__ - INFO - Õº∆¨ºÏ≤‚“—ÕÍ≥… (ª≠√Ê2): D:/Projects/yolov5-pyqt5/test_img/40.jpg
2026-05-09 17:43:27,526 - __main__ - INFO - Õº∆¨ºÏ≤‚“—ÕÍ≥… (ª≠√Ê3): D:/Projects/yolov5-pyqt5/test_img/40.jpg
2026-05-09 19:44:46,725 - __main__ - INFO - ”¶”√≥Ã–Ú∆Ù∂Ø
2026-05-09 19:44:48,330 - torch._native.dsl_registry - INFO - Successfully registered DSL: cutedsl
2026-05-09 19:44:48,332 - torch._native.dsl_registry - INFO - Successfully registered DSL: triton
2026-05-09 19:44:50,774 - __main__ - INFO - ƒ£–Õº”‘ÿ≥…π¶: best.onnx, «Î«Û…Ë±∏=GPU,  µº …Ë±∏=GPU
2026-05-09 19:44:50,776 - __main__ - INFO - º”‘ÿ¡À 3 ∏ˆƒ£–ÕŒƒº˛
2026-05-09 19:44:51,099 - __main__ - INFO - ƒ£–Õº”‘ÿ≥…π¶: best.onnx, «Î«Û…Ë±∏=GPU,  µº …Ë±∏=GPU
2026-05-09 19:44:51,099 - __main__ - INFO - ≤Œ ˝ª÷∏¥≥…π¶
2026-05-10 11:05:19,752 - __main__ - INFO - ”¶”√≥Ã–Ú∆Ù∂Ø
2026-05-10 11:06:01,836 - torch._native.dsl_registry - INFO - Successfully registered DSL: cutedsl
2026-05-10 11:06:01,838 - torch._native.dsl_registry - INFO - Successfully registered DSL: triton
2026-05-10 11:06:09,193 - __main__ - INFO - ƒ£–Õº”‘ÿ≥…π¶: best.onnx, «Î«Û…Ë±∏=GPU,  µº …Ë±∏=GPU
2026-05-10 11:06:09,195 - __main__ - INFO - º”‘ÿ¡À 3 ∏ˆƒ£–ÕŒƒº˛
2026-05-10 11:06:09,450 - __main__ - INFO - ƒ£–Õº”‘ÿ≥…π¶: best.onnx, «Î«Û…Ë±∏=GPU,  µº …Ë±∏=GPU
2026-05-10 11:06:09,452 - __main__ - INFO - ≤Œ ˝ª÷∏¥≥…π¶
2026-05-10 11:06:24,900 - __main__ - INFO - Õº∆¨ºÏ≤‚“—ÕÍ≥… (ª≠√Ê3): D:/Projects/yolov5-pyqt5/test_img/9.jpg
2026-05-10 11:06:26,976 - __main__ - INFO - Õº∆¨ºÏ≤‚“—ÕÍ≥… (ª≠√Ê4): D:/Projects/yolov5-pyqt5/test_img/7.jpg
2026-05-10 11:06:35,809 - __main__ - INFO - Õº∆¨ºÏ≤‚“—ÕÍ≥… (ª≠√Ê5): D:/Projects/yolov5-pyqt5/test_img/40.jpg
2026-05-10 11:06:36,217 - __main__ - INFO -  ”∆µºÏ≤‚“—Õ£÷π (ª≠√Ê1): D:/Projects/yolov5-pyqt5/test_img/ ”∆µ1.mp4
2026-05-10 11:06:38,804 - __main__ - INFO -  ”∆µºÏ≤‚“—Õ£÷π (ª≠√Ê2): D:/Projects/yolov5-pyqt5/test_img/ ”∆µ1.mp4
2026-05-10 11:06:46,437 - __main__ - INFO - Õº∆¨ºÏ≤‚“—ÕÍ≥… (ª≠√Ê6): D:/Projects/yolov5-pyqt5/test_img/40.jpg
2026-05-10 11:07:03,758 - __main__ - INFO - ‰Ø¿¿∆˜º”‘ÿ¡À 628 ÃıºÏ≤‚º«¬º
2026-05-10 11:07:08,487 - __main__ - INFO - HTML±®∏Ê“—…˙≥…: ./results\report_20260510_110708.html
2026-05-10 11:07:11,952 - __main__ - INFO - HTML±®∏Ê“—…˙≥…: ./results\report_20260510_110708.html
2026-05-10 20:20:18,915 - __main__ - INFO - ”¶”√≥Ã–Ú∆Ù∂Ø
2026-05-10 20:20:23,860 - torch._native.dsl_registry - INFO - Successfully registered DSL: cutedsl
2026-05-10 20:20:23,866 - torch._native.dsl_registry - INFO - Successfully registered DSL: triton
2026-05-10 20:20:35,169 - __main__ - INFO - ƒ£–Õº”‘ÿ≥…π¶: best.onnx, «Î«Û…Ë±∏=GPU,  µº …Ë±∏=GPU
2026-05-10 20:20:35,171 - __main__ - INFO - º”‘ÿ¡À 3 ∏ˆƒ£–ÕŒƒº˛
2026-05-10 20:20:35,304 - __main__ - INFO - ƒ£–Õº”‘ÿ≥…π¶: best.onnx, «Î«Û…Ë±∏=GPU,  µº …Ë±∏=GPU
2026-05-10 20:20:35,305 - __main__ - INFO - ≤Œ ˝ª÷∏¥≥…π¶
2026-05-10 20:22:42,966 - __main__ - INFO -  ”∆µºÏ≤‚“—Õ£÷π (ª≠√Ê1): D:/Projects/yolov5-pyqt5/test_img/ ”∆µ1.mp4
2026-05-10 20:22:43,146 - __main__ - INFO - Õº∆¨ºÏ≤‚“—ÕÍ≥… (ª≠√Ê3): D:/Projects/yolov5-pyqt5/test_img/20.jpg
2026-05-10 20:22:47,969 - __main__ - INFO -  ”∆µºÏ≤‚“—Õ£÷π (ª≠√Ê2): D:/Projects/yolov5-pyqt5/test_img/ ”∆µ2.mp4
2026-05-10 20:22:55,343 - __main__ - INFO - Õº∆¨ºÏ≤‚“—ÕÍ≥… (ª≠√Ê4): D:/Projects/yolov5-pyqt5/test_img/27.jpg
2026-05-10 20:22:58,040 - __main__ - INFO - Õº∆¨ºÏ≤‚“—ÕÍ≥… (ª≠√Ê4): D:/Projects/yolov5-pyqt5/test_img/30.jpg
2026-05-10 20:23:03,989 - __main__ - INFO - Õº∆¨ºÏ≤‚“—ÕÍ≥… (ª≠√Ê5): D:/Projects/yolov5-pyqt5/test_img/40.jpg
2026-05-10 20:23:09,616 - __main__ - INFO - Õº∆¨ºÏ≤‚“—ÕÍ≥… (ª≠√Ê6): D:/Projects/yolov5-pyqt5/test_img/40.jpg
2026-05-10 20:23:39,114 - __main__ - INFO - HTML±®∏Ê“—…˙≥…: ./results\report_20260510_202339.html
2026-05-10 20:23:50,409 - __main__ - INFO - HTML±®∏Ê“—…˙≥…: ./results\report_20260510_202339.html
2026-05-10 20:23:59,258 - __main__ - INFO -  ”∆µºÏ≤‚“—Õ£÷π (ª≠√Ê2): D:/Projects/yolov5-pyqt5/test_img/ ”∆µ2.mp4
2026-05-11 09:39:50,577 - __main__ - INFO - ”¶”√≥Ã–Ú∆Ù∂Ø
2026-05-11 09:40:31,334 - torch._native.dsl_registry - INFO - Successfully registered DSL: cutedsl
2026-05-11 09:40:31,336 - torch._native.dsl_registry - INFO - Successfully registered DSL: triton
2026-05-11 09:40:38,989 - __main__ - INFO - ƒ£–Õº”‘ÿ≥…π¶: best.onnx, «Î«Û…Ë±∏=GPU,  µº …Ë±∏=GPU
2026-05-11 09:40:38,990 - __main__ - INFO - º”‘ÿ¡À 3 ∏ˆƒ£–ÕŒƒº˛
2026-05-11 09:40:39,136 - __main__ - INFO - ƒ£–Õº”‘ÿ≥…π¶: best.onnx, «Î«Û…Ë±∏=GPU,  µº …Ë±∏=GPU
2026-05-11 09:40:39,139 - __main__ - INFO - ≤Œ ˝ª÷∏¥≥…π¶
2026-05-11 10:57:28,821 - __main__ - INFO - ”¶”√≥Ã–Ú∆Ù∂Ø
2026-05-11 10:57:32,908 - torch._native.dsl_registry - INFO - Successfully registered DSL: cutedsl
2026-05-11 10:57:32,912 - torch._native.dsl_registry - INFO - Successfully registered DSL: triton
2026-05-11 10:57:42,755 - __main__ - INFO - ƒ£–Õº”‘ÿ≥…π¶: best.onnx, «Î«Û…Ë±∏=GPU,  µº …Ë±∏=GPU
2026-05-11 10:57:42,756 - __main__ - INFO - º”‘ÿ¡À 3 ∏ˆƒ£–ÕŒƒº˛
2026-05-11 10:57:43,078 - __main__ - INFO - ƒ£–Õº”‘ÿ≥…π¶: best.onnx, «Î«Û…Ë±∏=GPU,  µº …Ë±∏=GPU
2026-05-11 10:57:43,079 - __main__ - INFO - ≤Œ ˝ª÷∏¥≥…π¶
2026-05-11 11:04:53,732 - __main__ - INFO - ”¶”√≥Ã–Ú∆Ù∂Ø
2026-05-11 11:04:55,012 - torch._native.dsl_registry - INFO - Successfully registered DSL: cutedsl
2026-05-11 11:04:55,014 - torch._native.dsl_registry - INFO - Successfully registered DSL: triton
2026-05-11 11:04:57,247 - __main__ - INFO - ƒ£–Õº”‘ÿ≥…π¶: best.onnx, «Î«Û…Ë±∏=GPU,  µº …Ë±∏=GPU
2026-05-11 11:04:57,247 - __main__ - INFO - º”‘ÿ¡À 3 ∏ˆƒ£–ÕŒƒº˛
2026-05-11 11:04:57,598 - __main__ - INFO - ƒ£–Õº”‘ÿ≥…π¶: best.onnx, «Î«Û…Ë±∏=GPU,  µº …Ë±∏=GPU
2026-05-11 11:04:57,599 - __main__ - INFO - ≤Œ ˝ª÷∏¥≥…π¶
2026-05-11 20:06:22,517 - __main__ - INFO - ”¶”√≥Ã–Ú∆Ù∂Ø
2026-05-11 20:07:02,997 - torch._native.dsl_registry - INFO - Successfully registered DSL: cutedsl
2026-05-11 20:07:02,999 - torch._native.dsl_registry - INFO - Successfully registered DSL: triton
2026-05-11 20:07:10,086 - __main__ - INFO - ƒ£–Õº”‘ÿ≥…π¶: best.onnx, «Î«Û…Ë±∏=GPU,  µº …Ë±∏=GPU
2026-05-11 20:07:10,087 - __main__ - INFO - º”‘ÿ¡À 3 ∏ˆƒ£–ÕŒƒº˛
2026-05-11 20:07:10,398 - __main__ - INFO - ƒ£–Õº”‘ÿ≥…π¶: best.onnx, «Î«Û…Ë±∏=GPU,  µº …Ë±∏=GPU
2026-05-11 20:07:10,409 - __main__ - INFO - ≤Œ ˝ª÷∏¥≥…π¶
2026-05-11 20:07:16,847 - __main__ - INFO - Õº∆¨ºÏ≤‚“—ÕÍ≥… (ª≠√Ê1): D:/Projects/yolov5-pyqt5/test_img/3.jpg
2026-05-11 20:07:28,458 - __main__ - INFO - ƒ£–Õº”‘ÿ≥…π¶: best.pt, «Î«Û…Ë±∏=GPU,  µº …Ë±∏=GPU
2026-05-11 20:07:34,184 - __main__ - INFO - Õº∆¨ºÏ≤‚“—ÕÍ≥… (ª≠√Ê2): D:/Projects/yolov5-pyqt5/test_img/3.jpg
2026-05-11 20:07:46,344 - __main__ - INFO - ƒ£–Õº”‘ÿ≥…π¶: yolov5s.onnx, «Î«Û…Ë±∏=GPU,  µº …Ë±∏=GPU
2026-05-11 20:07:49,415 - __main__ - INFO - Õº∆¨ºÏ≤‚“—ÕÍ≥… (ª≠√Ê3): D:/Projects/yolov5-pyqt5/test_img/3.jpg
2026-05-12 11:05:54,734 - __main__ - INFO - ”¶”√≥Ã–Ú∆Ù∂Ø
2026-05-12 11:06:40,719 - torch._native.dsl_registry - INFO - Successfully registered DSL: cutedsl
2026-05-12 11:06:40,724 - torch._native.dsl_registry - INFO - Successfully registered DSL: triton
2026-05-12 11:06:57,332 - __main__ - INFO - ƒ£–Õº”‘ÿ≥…π¶: best.onnx, «Î«Û…Ë±∏=GPU,  µº …Ë±∏=GPU
2026-05-12 11:06:57,333 - __main__ - INFO - º”‘ÿ¡À 3 ∏ˆƒ£–ÕŒƒº˛
2026-05-12 11:06:57,504 - __main__ - INFO - ƒ£–Õº”‘ÿ≥…π¶: best.onnx, «Î«Û…Ë±∏=GPU,  µº …Ë±∏=GPU
2026-05-12 11:06:57,506 - __main__ - INFO - ≤Œ ˝ª÷∏¥≥…π¶
2026-05-12 11:07:14,055 - __main__ - INFO - Õº∆¨ºÏ≤‚“—ÕÍ≥… (ª≠√Ê1): D:/Projects/yolov5-pyqt5/test_img/40.jpg
2026-05-12 11:07:18,246 - __main__ - INFO - Õº∆¨ºÏ≤‚“—ÕÍ≥… (ª≠√Ê2): D:/Projects/yolov5-pyqt5/test_img/40.jpg
2026-05-12 13:15:13,613 - __main__ - INFO - ”¶”√≥Ã–Ú∆Ù∂Ø
2026-05-12 13:15:53,576 - torch._native.dsl_registry - INFO - Successfully registered DSL: cutedsl
2026-05-12 13:15:53,580 - torch._native.dsl_registry - INFO - Successfully registered DSL: triton
2026-05-12 13:16:07,558 - __main__ - INFO - ƒ£–Õº”‘ÿ≥…π¶: best.onnx, «Î«Û…Ë±∏=GPU,  µº …Ë±∏=GPU
2026-05-12 13:16:07,559 - __main__ - INFO - º”‘ÿ¡À 3 ∏ˆƒ£–ÕŒƒº˛
2026-05-12 13:16:07,737 - __main__ - INFO - ƒ£–Õº”‘ÿ≥…π¶: best.onnx, «Î«Û…Ë±∏=GPU,  µº …Ë±∏=GPU
2026-05-12 13:16:07,738 - __main__ - INFO - ≤Œ ˝ª÷∏¥≥…π¶
2026-05-12 15:50:20,868 - __main__ - INFO - ”¶”√≥Ã–Ú∆Ù∂Ø
2026-05-12 15:50:58,113 - torch._native.dsl_registry - INFO - Successfully registered DSL: cutedsl
2026-05-12 15:50:58,115 - torch._native.dsl_registry - INFO - Successfully registered DSL: triton
2026-05-12 15:51:05,371 - __main__ - INFO - ƒ£–Õº”‘ÿ≥…π¶: best.onnx, «Î«Û…Ë±∏=GPU,  µº …Ë±∏=GPU
2026-05-12 15:51:05,372 - __main__ - INFO - º”‘ÿ¡À 3 ∏ˆƒ£–ÕŒƒº˛
2026-05-12 15:51:05,615 - __main__ - INFO - ƒ£–Õº”‘ÿ≥…π¶: best.onnx, «Î«Û…Ë±∏=GPU,  µº …Ë±∏=GPU
2026-05-12 15:51:05,616 - __main__ - INFO - ≤Œ ˝ª÷∏¥≥…π¶
2026-05-12 15:51:23,736 - __main__ - INFO - Õº∆¨ºÏ≤‚“—ÕÍ≥… (ª≠√Ê1): D:/Projects/yolov5-pyqt5/test_img/40.jpg
2026-05-12 15:51:27,317 - __main__ - INFO - Õº∆¨ºÏ≤‚“—ÕÍ≥… (ª≠√Ê2): D:/Projects/yolov5-pyqt5/test_img/40.jpg
2026-05-12 15:52:48,278 - __main__ - INFO - ”¶”√≥Ã–Ú∆Ù∂Ø
2026-05-12 15:52:49,643 - torch._native.dsl_registry - INFO - Successfully registered DSL: cutedsl
2026-05-12 15:52:49,644 - torch._native.dsl_registry - INFO - Successfully registered DSL: triton
2026-05-12 15:52:51,877 - __main__ - INFO - ƒ£–Õº”‘ÿ≥…π¶: best.onnx, «Î«Û…Ë±∏=GPU,  µº …Ë±∏=GPU
2026-05-12 15:52:51,878 - __main__ - INFO - º”‘ÿ¡À 3 ∏ˆƒ£–ÕŒƒº˛
2026-05-12 15:52:52,211 - __main__ - INFO - ƒ£–Õº”‘ÿ≥…π¶: best.onnx, «Î«Û…Ë±∏=GPU,  µº …Ë±∏=GPU
2026-05-12 15:52:52,218 - __main__ - INFO - ≤Œ ˝ª÷∏¥≥…π¶
2026-05-12 15:53:09,052 - __main__ - INFO - Õº∆¨ºÏ≤‚“—ÕÍ≥… (ª≠√Ê3): D:/Projects/yolov5-pyqt5/test_img/9.jpg
2026-05-12 15:53:16,235 - __main__ - INFO - Õº∆¨ºÏ≤‚“—ÕÍ≥… (ª≠√Ê4): D:/Projects/yolov5-pyqt5/test_img/16.jpg
2026-05-12 15:53:18,754 - __main__ - INFO -  ”∆µºÏ≤‚“—Õ£÷π (ª≠√Ê1): D:/Projects/yolov5-pyqt5/test_img/ ”∆µ1.mp4
2026-05-12 15:53:22,668 - __main__ - INFO -  ”∆µºÏ≤‚“—Õ£÷π (ª≠√Ê2): D:/Projects/yolov5-pyqt5/test_img/ ”∆µ1.mp4
2026-05-12 15:53:29,942 - __main__ - INFO - Õº∆¨ºÏ≤‚“—ÕÍ≥… (ª≠√Ê5): D:/Projects/yolov5-pyqt5/test_img/40.jpg
2026-05-12 15:53:36,296 - __main__ - INFO - Õº∆¨ºÏ≤‚“—ÕÍ≥… (ª≠√Ê6): D:/Projects/yolov5-pyqt5/test_img/40.jpg
2026-05-12 15:53:53,928 - __main__ - INFO - ‰Ø¿¿∆˜º”‘ÿ¡À 629 ÃıºÏ≤‚º«¬º
2026-05-12 15:54:05,049 - __main__ - INFO - HTML±®∏Ê“—…˙≥…: ./results\report_20260512_155405.html
2026-05-12 15:54:09,948 - __main__ - INFO - HTML±®∏Ê“—…˙≥…: ./results\report_20260512_155405.html
2026-05-12 16:00:38,485 - __main__ - INFO - ”¶”√≥Ã–Ú∆Ù∂Ø
2026-05-12 16:00:39,826 - torch._native.dsl_registry - INFO - Successfully registered DSL: cutedsl
2026-05-12 16:00:39,827 - torch._native.dsl_registry - INFO - Successfully registered DSL: triton
2026-05-12 16:00:42,029 - __main__ - INFO - ƒ£–Õº”‘ÿ≥…π¶: best.onnx, «Î«Û…Ë±∏=GPU,  µº …Ë±∏=GPU
2026-05-12 16:00:42,030 - __main__ - INFO - º”‘ÿ¡À 3 ∏ˆƒ£–ÕŒƒº˛
2026-05-12 16:00:42,252 - __main__ - INFO - ƒ£–Õº”‘ÿ≥…π¶: best.onnx, «Î«Û…Ë±∏=GPU,  µº …Ë±∏=GPU
2026-05-12 16:00:42,254 - __main__ - INFO - ≤Œ ˝ª÷∏¥≥…π¶
2026-05-12 16:00:49,506 - __main__ - INFO - ”¶”√≥Ã–Ú∆Ù∂Ø
2026-05-12 16:00:50,755 - torch._native.dsl_registry - INFO - Successfully registered DSL: cutedsl
2026-05-12 16:00:50,756 - torch._native.dsl_registry - INFO - Successfully registered DSL: triton
2026-05-12 16:00:52,810 - __main__ - INFO - ƒ£–Õº”‘ÿ≥…π¶: best.onnx, «Î«Û…Ë±∏=GPU,  µº …Ë±∏=GPU
2026-05-12 16:00:52,811 - __main__ - INFO - º”‘ÿ¡À 3 ∏ˆƒ£–ÕŒƒº˛
2026-05-12 16:00:53,046 - __main__ - INFO - ƒ£–Õº”‘ÿ≥…π¶: best.onnx, «Î«Û…Ë±∏=GPU,  µº …Ë±∏=GPU
2026-05-12 16:00:53,047 - __main__ - INFO - ≤Œ ˝ª÷∏¥≥…π¶
2026-05-12 16:01:16,320 - __main__ - INFO - Õº∆¨ºÏ≤‚“—ÕÍ≥… (ª≠√Ê3): D:/Projects/yolov5-pyqt5/test_img/3.jpg
2026-05-12 16:01:18,308 - __main__ - INFO - Õº∆¨ºÏ≤‚“—ÕÍ≥… (ª≠√Ê4): D:/Projects/yolov5-pyqt5/test_img/1.jpg
2026-05-12 16:01:21,595 - __main__ - INFO -  ”∆µºÏ≤‚“—Õ£÷π (ª≠√Ê1): D:/Projects/yolov5-pyqt5/test_img/ ”∆µ1.mp4
2026-05-12 16:01:28,237 - __main__ - INFO -  ”∆µºÏ≤‚“—Õ£÷π (ª≠√Ê2): D:/Projects/yolov5-pyqt5/test_img/ ”∆µ1.mp4
2026-05-12 16:01:34,720 - __main__ - INFO - Õº∆¨ºÏ≤‚“—ÕÍ≥… (ª≠√Ê5): D:/Projects/yolov5-pyqt5/test_img/40.jpg
2026-05-12 16:01:44,007 - __main__ - INFO - Õº∆¨ºÏ≤‚“—ÕÍ≥… (ª≠√Ê6): D:/Projects/yolov5-pyqt5/test_img/40.jpg
2026-05-12 16:55:33,921 - __main__ - INFO - ”¶”√≥Ã–Ú∆Ù∂Ø
2026-05-12 16:55:35,577 - torch._native.dsl_registry - INFO - Successfully registered DSL: cutedsl
2026-05-12 16:55:35,579 - torch._native.dsl_registry - INFO - Successfully registered DSL: triton
2026-05-12 16:55:37,912 - __main__ - INFO - ƒ£–Õº”‘ÿ≥…π¶: best.onnx, «Î«Û…Ë±∏=GPU,  µº …Ë±∏=GPU
2026-05-12 16:55:37,913 - __main__ - INFO - º”‘ÿ¡À 3 ∏ˆƒ£–ÕŒƒº˛
2026-05-12 16:55:38,060 - __main__ - INFO - ƒ£–Õº”‘ÿ≥…π¶: best.onnx, «Î«Û…Ë±∏=GPU,  µº …Ë±∏=GPU
2026-05-12 16:55:38,063 - __main__ - INFO - ≤Œ ˝ª÷∏¥≥…π¶
2026-05-12 17:11:20,682 - __main__ - INFO - ”¶”√≥Ã–Ú∆Ù∂Ø
2026-05-12 17:11:22,228 - torch._native.dsl_registry - INFO - Successfully registered DSL: cutedsl
2026-05-12 17:11:22,229 - torch._native.dsl_registry - INFO - Successfully registered DSL: triton
2026-05-12 17:11:24,553 - __main__ - INFO - ƒ£–Õº”‘ÿ≥…π¶: best.onnx, «Î«Û…Ë±∏=GPU,  µº …Ë±∏=GPU
2026-05-12 17:11:24,555 - __main__ - INFO - º”‘ÿ¡À 3 ∏ˆƒ£–ÕŒƒº˛
2026-05-12 17:11:24,718 - __main__ - INFO - ƒ£–Õº”‘ÿ≥…π¶: best.onnx, «Î«Û…Ë±∏=GPU,  µº …Ë±∏=GPU
2026-05-12 17:11:24,719 - __main__ - INFO - ≤Œ ˝ª÷∏¥≥…π¶
2026-05-12 17:11:51,919 - __main__ - INFO -  ”∆µºÏ≤‚“—Õ£÷π (ª≠√Ê1): D:/Projects/yolov5-pyqt5/test_img/ ”∆µ1.mp4
2026-05-12 17:11:52,365 - __main__ - INFO - Õº∆¨ºÏ≤‚“—ÕÍ≥… (ª≠√Ê3): D:/Projects/yolov5-pyqt5/test_img/26.jpg
2026-05-12 17:11:54,513 - __main__ - INFO - Õº∆¨ºÏ≤‚“—ÕÍ≥… (ª≠√Ê4): D:/Projects/yolov5-pyqt5/test_img/35.jpg
2026-05-12 17:11:56,080 - __main__ - INFO -  ”∆µºÏ≤‚“—Õ£÷π (ª≠√Ê2): D:/Projects/yolov5-pyqt5/test_img/ ”∆µ1.mp4
2026-05-12 17:11:57,062 - __main__ - INFO - Õº∆¨ºÏ≤‚“—ÕÍ≥… (ª≠√Ê5): D:/Projects/yolov5-pyqt5/test_img/30.jpg
2026-05-12 17:12:00,451 - __main__ - INFO - Õº∆¨ºÏ≤‚“—ÕÍ≥… (ª≠√Ê6): D:/Projects/yolov5-pyqt5/test_img/35.jpg
2026-05-12 17:12:02,889 - __main__ - INFO - Õº∆¨ºÏ≤‚“—ÕÍ≥… (ª≠√Ê7): D:/Projects/yolov5-pyqt5/test_img/40.jpg
2026-05-12 17:12:06,041 - __main__ - INFO - Õº∆¨ºÏ≤‚“—ÕÍ≥… (ª≠√Ê8): D:/Projects/yolov5-pyqt5/test_img/40.jpg
2026-05-12 17:12:18,545 - __main__ - INFO - ‰Ø¿¿∆˜º”‘ÿ¡À 631 ÃıºÏ≤‚º«¬º
2026-05-12 17:12:23,705 - __main__ - INFO - ‰Ø¿¿∆˜º”‘ÿ¡À 631 ÃıºÏ≤‚º«¬º
2026-05-12 17:12:25,837 - __main__ - INFO - HTML±®∏Ê“—…˙≥…: ./results\report_20260512_171225.html
2026-05-12 17:40:21,610 - __main__ - INFO - ”¶”√≥Ã–Ú∆Ù∂Ø
2026-05-12 17:40:23,178 - torch._native.dsl_registry - INFO - Successfully registered DSL: cutedsl
2026-05-12 17:40:23,179 - torch._native.dsl_registry - INFO - Successfully registered DSL: triton
2026-05-12 17:40:25,605 - __main__ - INFO - ƒ£–Õº”‘ÿ≥…π¶: best.onnx, «Î«Û…Ë±∏=GPU,  µº …Ë±∏=GPU
2026-05-12 17:40:25,606 - __main__ - INFO - º”‘ÿ¡À 3 ∏ˆƒ£–ÕŒƒº˛
2026-05-12 17:40:25,994 - __main__ - INFO - ƒ£–Õº”‘ÿ≥…π¶: best.onnx, «Î«Û…Ë±∏=GPU,  µº …Ë±∏=GPU
2026-05-12 17:40:26,008 - __main__ - INFO - ≤Œ ˝ª÷∏¥≥…π¶
2026-05-12 17:40:33,533 - __main__ - INFO - Õº∆¨ºÏ≤‚“—ÕÍ≥… (ª≠√Ê1): D:/Projects/yolov5-pyqt5/test_img/1.jpg
2026-05-12 17:41:00,912 - __main__ - INFO -  ”∆µºÏ≤‚“—Õ£÷π (ª≠√Ê2): D:/Projects/yolov5-pyqt5/test_img/ ”∆µ1.mp4
2026-05-12 17:41:07,932 - __main__ - INFO - Õº∆¨ºÏ≤‚“—ÕÍ≥… (ª≠√Ê3): D:/Projects/yolov5-pyqt5/test_img/40.jpg
2026-05-12 17:41:12,121 - __main__ - INFO - Õº∆¨ºÏ≤‚“—ÕÍ≥… (ª≠√Ê4): D:/Projects/yolov5-pyqt5/test_img/40.jpg
2026-05-12 20:18:10,306 - __main__ - INFO - ”¶”√≥Ã–Ú∆Ù∂Ø
2026-05-12 20:18:12,292 - torch._native.dsl_registry - INFO - Successfully registered DSL: cutedsl
2026-05-12 20:18:12,294 - torch._native.dsl_registry - INFO - Successfully registered DSL: triton
2026-05-12 20:18:15,152 - __main__ - INFO - ƒ£–Õº”‘ÿ≥…π¶: best.onnx, «Î«Û…Ë±∏=GPU,  µº …Ë±∏=GPU
2026-05-12 20:18:15,153 - __main__ - INFO - º”‘ÿ¡À 3 ∏ˆƒ£–ÕŒƒº˛
2026-05-12 20:18:15,418 - __main__ - INFO - ƒ£–Õº”‘ÿ≥…π¶: best.onnx, «Î«Û…Ë±∏=GPU,  µº …Ë±∏=GPU
2026-05-12 20:18:15,419 - __main__ - INFO - ≤Œ ˝ª÷∏¥≥…π¶
2026-05-12 21:42:48,768 - __main__ - INFO - ”¶”√≥Ã–Ú∆Ù∂Ø
2026-05-12 21:43:31,507 - torch._native.dsl_registry - INFO - Successfully registered DSL: cutedsl
2026-05-12 21:43:31,509 - torch._native.dsl_registry - INFO - Successfully registered DSL: triton
2026-05-12 21:43:38,343 - __main__ - INFO - ƒ£–Õº”‘ÿ≥…π¶: best.onnx, «Î«Û…Ë±∏=GPU,  µº …Ë±∏=GPU
2026-05-12 21:43:38,344 - __main__ - INFO - º”‘ÿ¡À 3 ∏ˆƒ£–ÕŒƒº˛
2026-05-12 21:43:38,659 - __main__ - INFO - ƒ£–Õº”‘ÿ≥…π¶: best.onnx, «Î«Û…Ë±∏=GPU,  µº …Ë±∏=GPU
2026-05-12 21:43:38,676 - __main__ - INFO - ≤Œ ˝ª÷∏¥≥…π¶
2026-05-12 21:43:46,277 - __main__ - INFO -  ”∆µºÏ≤‚“—Õ£÷π (ª≠√Ê1): D:/Projects/yolov5-pyqt5/test_img/ ”∆µ1.mp4
2026-05-12 21:43:57,175 - __main__ - INFO - ƒ£–Õº”‘ÿ≥…π¶: best.pt, «Î«Û…Ë±∏=GPU,  µº …Ë±∏=GPU
2026-05-12 21:44:01,083 - __main__ - INFO - Õº∆¨ºÏ≤‚“—ÕÍ≥… (ª≠√Ê2): D:/Projects/yolov5-pyqt5/test_img/3.jpg
2026-05-13 10:07:07,586 - __main__ - INFO - ”¶”√≥Ã–Ú∆Ù∂Ø
2026-05-13 10:07:49,389 - torch._native.dsl_registry - INFO - Successfully registered DSL: cutedsl
2026-05-13 10:07:49,394 - torch._native.dsl_registry - INFO - Successfully registered DSL: triton
2026-05-13 10:08:05,005 - __main__ - INFO - ƒ£–Õº”‘ÿ≥…π¶: best.onnx, «Î«Û…Ë±∏=GPU,  µº …Ë±∏=GPU
2026-05-13 10:08:05,006 - __main__ - INFO - º”‘ÿ¡À 3 ∏ˆƒ£–ÕŒƒº˛
2026-05-13 10:08:05,216 - __main__ - INFO - ƒ£–Õº”‘ÿ≥…π¶: best.onnx, «Î«Û…Ë±∏=GPU,  µº …Ë±∏=GPU
2026-05-13 10:08:05,219 - __main__ - INFO - ≤Œ ˝ª÷∏¥≥…π¶
2026-05-13 10:08:20,160 - __main__ - INFO - Õº∆¨ºÏ≤‚“—ÕÍ≥… (ª≠√Ê3): D:/Projects/yolov5-pyqt5/test_img/10.jpg
2026-05-13 10:08:24,855 - __main__ - INFO - Õº∆¨ºÏ≤‚“—ÕÍ≥… (ª≠√Ê4): D:/Projects/yolov5-pyqt5/test_img/20.jpg
2026-05-13 10:08:30,984 - __main__ - INFO -  ”∆µºÏ≤‚“—Õ£÷π (ª≠√Ê1): D:/Projects/yolov5-pyqt5/test_img/ ”∆µ1.mp4
2026-05-13 10:08:33,165 - __main__ - INFO - Õº∆¨ºÏ≤‚“—ÕÍ≥… (ª≠√Ê5): D:/Projects/yolov5-pyqt5/test_img/40.jpg
2026-05-13 10:08:34,400 - __main__ - INFO -  ”∆µºÏ≤‚“—Õ£÷π (ª≠√Ê2): D:/Projects/yolov5-pyqt5/test_img/ ”∆µ1.mp4
2026-05-13 10:08:38,718 - __main__ - INFO - Õº∆¨ºÏ≤‚“—ÕÍ≥… (ª≠√Ê6): D:/Projects/yolov5-pyqt5/test_img/40.jpg
2026-05-13 10:20:29,137 - __main__ - INFO - ”¶”√≥Ã–Ú∆Ù∂Ø
2026-05-13 10:20:30,362 - torch._native.dsl_registry - INFO - Successfully registered DSL: cutedsl
2026-05-13 10:20:30,364 - torch._native.dsl_registry - INFO - Successfully registered DSL: triton
2026-05-13 10:20:32,505 - __main__ - INFO - ƒ£–Õº”‘ÿ≥…π¶: best.onnx, «Î«Û…Ë±∏=GPU,  µº …Ë±∏=GPU
2026-05-13 10:20:32,507 - __main__ - INFO - º”‘ÿ¡À 3 ∏ˆƒ£–ÕŒƒº˛
2026-05-13 10:20:32,742 - __main__ - INFO - ƒ£–Õº”‘ÿ≥…π¶: best.onnx, «Î«Û…Ë±∏=GPU,  µº …Ë±∏=GPU
2026-05-13 10:20:32,758 - __main__ - INFO - ≤Œ ˝ª÷∏¥≥…π¶
2026-05-13 10:20:58,254 - __main__ - INFO -  ”∆µºÏ≤‚“—Õ£÷π (ª≠√Ê1): D:/Projects/yolov5-pyqt5/test_img/ ”∆µ1.mp4
2026-05-13 10:21:02,182 - __main__ - INFO -  ”∆µºÏ≤‚“—Õ£÷π (ª≠√Ê2): D:/Projects/yolov5-pyqt5/test_img/ ”∆µ1.mp4
2026-05-13 10:21:04,646 - __main__ - INFO - Õº∆¨ºÏ≤‚“—ÕÍ≥… (ª≠√Ê3): D:/Projects/yolov5-pyqt5/test_img/30.jpg
2026-05-13 10:21:06,383 - __main__ - INFO - Õº∆¨ºÏ≤‚“—ÕÍ≥… (ª≠√Ê4): D:/Projects/yolov5-pyqt5/test_img/5.jpg
2026-05-13 10:21:08,753 - __main__ - INFO - Õº∆¨ºÏ≤‚“—ÕÍ≥… (ª≠√Ê5): D:/Projects/yolov5-pyqt5/test_img/40.jpg
2026-05-13 10:21:16,296 - __main__ - INFO - Õº∆¨ºÏ≤‚“—ÕÍ≥… (ª≠√Ê6): D:/Projects/yolov5-pyqt5/test_img/40.jpg
2026-05-13 10:21:33,472 - __main__ - INFO - ƒ£–Õº”‘ÿ≥…π¶: best.pt, «Î«Û…Ë±∏=GPU,  µº …Ë±∏=GPU
2026-05-13 10:21:37,169 - __main__ - INFO - Õº∆¨ºÏ≤‚“—ÕÍ≥… (ª≠√Ê7): D:/Projects/yolov5-pyqt5/test_img/11.jpg
2026-05-13 10:22:04,663 - __main__ - INFO - ‰Ø¿¿∆˜º”‘ÿ¡À 631 ÃıºÏ≤‚º«¬º
2026-05-13 10:22:15,212 - __main__ - INFO - HTML±®∏Ê“—…˙≥…: ./results\report_20260513_102215.html
2026-05-13 10:46:26,106 - __main__ - INFO - ”¶”√≥Ã–Ú∆Ù∂Ø
2026-05-13 10:46:27,428 - torch._native.dsl_registry - INFO - Successfully registered DSL: cutedsl
2026-05-13 10:46:27,430 - torch._native.dsl_registry - INFO - Successfully registered DSL: triton
2026-05-13 10:46:29,626 - __main__ - INFO - ƒ£–Õº”‘ÿ≥…π¶: best.onnx, «Î«Û…Ë±∏=GPU,  µº …Ë±∏=GPU
2026-05-13 10:46:29,627 - __main__ - INFO - º”‘ÿ¡À 3 ∏ˆƒ£–ÕŒƒº˛
2026-05-13 10:46:30,074 - __main__ - INFO - ƒ£–Õº”‘ÿ≥…π¶: best.onnx, «Î«Û…Ë±∏=GPU,  µº …Ë±∏=GPU
2026-05-13 10:46:30,075 - __main__ - INFO - ≤Œ ˝ª÷∏¥≥…π¶
2026-05-13 10:46:36,821 - __main__ - INFO - Õº∆¨ºÏ≤‚“—ÕÍ≥… (ª≠√Ê1): D:/Projects/yolov5-pyqt5/test_img/1.jpg
2026-05-13 11:53:41,399 - __main__ - INFO - ”¶”√≥Ã–Ú∆Ù∂Ø
2026-05-13 11:53:43,032 - torch._native.dsl_registry - INFO - Successfully registered DSL: cutedsl
2026-05-13 11:53:43,034 - torch._native.dsl_registry - INFO - Successfully registered DSL: triton
2026-05-13 11:53:46,008 - __main__ - INFO - ƒ£–Õº”‘ÿ≥…π¶: best.onnx, «Î«Û…Ë±∏=GPU,  µº …Ë±∏=GPU
2026-05-13 11:53:46,009 - __main__ - INFO - º”‘ÿ¡À 3 ∏ˆƒ£–ÕŒƒº˛
2026-05-13 11:53:46,340 - __main__ - INFO - ƒ£–Õº”‘ÿ≥…π¶: best.onnx, «Î«Û…Ë±∏=GPU,  µº …Ë±∏=GPU
2026-05-13 11:53:46,341 - __main__ - INFO - ≤Œ ˝ª÷∏¥≥…π¶
2026-05-13 11:53:50,066 - __main__ - INFO - Õº∆¨ºÏ≤‚“—ÕÍ≥… (ª≠√Ê1): D:/Projects/yolov5-pyqt5/test_img/10.jpg
2026-05-13 15:15:32,746 - __main__ - INFO - ”¶”√≥Ã–Ú∆Ù∂Ø
2026-05-13 15:15:34,438 - torch._native.dsl_registry - INFO - Successfully registered DSL: cutedsl
2026-05-13 15:15:34,441 - torch._native.dsl_registry - INFO - Successfully registered DSL: triton
2026-05-13 15:15:37,862 - __main__ - INFO - ƒ£–Õº”‘ÿ≥…π¶: best.onnx, «Î«Û…Ë±∏=GPU,  µº …Ë±∏=GPU
2026-05-13 15:15:37,863 - __main__ - INFO - º”‘ÿ¡À 3 ∏ˆƒ£–ÕŒƒº˛
2026-05-13 15:15:38,060 - __main__ - INFO - ƒ£–Õº”‘ÿ≥…π¶: best.onnx, «Î«Û…Ë±∏=GPU,  µº …Ë±∏=GPU
2026-05-13 15:15:38,062 - __main__ - INFO - ≤Œ ˝ª÷∏¥≥…π¶
2026-05-13 16:53:02,234 - __main__ - INFO - ”¶”√≥Ã–Ú∆Ù∂Ø
2026-05-13 16:53:45,325 - torch._native.dsl_registry - INFO - Successfully registered DSL: cutedsl
2026-05-13 16:53:45,329 - torch._native.dsl_registry - INFO - Successfully registered DSL: triton
2026-05-13 16:54:00,487 - __main__ - INFO - ƒ£–Õº”‘ÿ≥…π¶: best.onnx, «Î«Û…Ë±∏=GPU,  µº …Ë±∏=GPU
2026-05-13 16:54:00,489 - __main__ - INFO - º”‘ÿ¡À 3 ∏ˆƒ£–ÕŒƒº˛
2026-05-13 16:54:00,693 - __main__ - INFO - ƒ£–Õº”‘ÿ≥…π¶: best.onnx, «Î«Û…Ë±∏=GPU,  µº …Ë±∏=GPU
2026-05-13 16:54:00,694 - __main__ - INFO - ≤Œ ˝ª÷∏¥≥…π¶
2026-05-13 16:54:04,592 - __main__ - INFO - Õº∆¨ºÏ≤‚“—ÕÍ≥… (ª≠√Ê1): D:/Projects/yolov5-pyqt5/test_img/1.jpg
2026-05-13 19:03:59,753 - __main__ - INFO - ”¶”√≥Ã–Ú∆Ù∂Ø
2026-05-13 19:04:01,109 - torch._native.dsl_registry - INFO - Successfully registered DSL: cutedsl
2026-05-13 19:04:01,110 - torch._native.dsl_registry - INFO - Successfully registered DSL: triton
2026-05-13 19:04:03,373 - __main__ - INFO - ƒ£–Õº”‘ÿ≥…π¶: best.onnx, «Î«Û…Ë±∏=GPU,  µº …Ë±∏=GPU
2026-05-13 19:04:03,374 - __main__ - INFO - º”‘ÿ¡À 3 ∏ˆƒ£–ÕŒƒº˛
2026-05-13 19:04:03,695 - __main__ - INFO - ƒ£–Õº”‘ÿ≥…π¶: best.onnx, «Î«Û…Ë±∏=GPU,  µº …Ë±∏=GPU
2026-05-13 19:04:03,697 - __main__ - INFO - ≤Œ ˝ª÷∏¥≥…π¶
2026-05-13 19:04:33,524 - __main__ - INFO - Õº∆¨ºÏ≤‚“—ÕÍ≥… (ª≠√Ê3): D:/Projects/yolov5-pyqt5/test_img/11.jpg
2026-05-13 19:04:35,173 - __main__ - INFO - Õº∆¨ºÏ≤‚“—ÕÍ≥… (ª≠√Ê4): D:/Projects/yolov5-pyqt5/test_img/6.jpg
2026-05-13 19:04:37,781 - __main__ - INFO - Õº∆¨ºÏ≤‚“—ÕÍ≥… (ª≠√Ê5): D:/Projects/yolov5-pyqt5/test_img/40.jpg
2026-05-13 19:04:39,500 - __main__ - INFO -  ”∆µºÏ≤‚“—Õ£÷π (ª≠√Ê1): D:/Projects/yolov5-pyqt5/test_img/ ”∆µ1.mp4
2026-05-13 19:04:41,669 - __main__ - INFO -  ”∆µºÏ≤‚“—Õ£÷π (ª≠√Ê2): D:/Projects/yolov5-pyqt5/test_img/ ”∆µ1.mp4
2026-05-13 19:04:46,624 - __main__ - INFO - Õº∆¨ºÏ≤‚“—ÕÍ≥… (ª≠√Ê6): D:/Projects/yolov5-pyqt5/test_img/40.jpg
2026-05-13 20:03:22,635 - __main__ - INFO - ”¶”√≥Ã–Ú∆Ù∂Ø
2026-05-13 20:03:23,964 - torch._native.dsl_registry - INFO - Successfully registered DSL: cutedsl
2026-05-13 20:03:23,966 - torch._native.dsl_registry - INFO - Successfully registered DSL: triton
2026-05-13 20:03:26,255 - __main__ - INFO - ƒ£–Õº”‘ÿ≥…π¶: best.onnx, «Î«Û…Ë±∏=GPU,  µº …Ë±∏=GPU
2026-05-13 20:03:26,256 - __main__ - INFO - º”‘ÿ¡À 3 ∏ˆƒ£–ÕŒƒº˛
2026-05-13 20:03:26,607 - __main__ - INFO - ƒ£–Õº”‘ÿ≥…π¶: best.onnx, «Î«Û…Ë±∏=GPU,  µº …Ë±∏=GPU
2026-05-13 20:03:26,608 - __main__ - INFO - ≤Œ ˝ª÷∏¥≥…π¶
2026-05-13 20:03:46,806 - __main__ - INFO - ƒ£–Õº”‘ÿ≥…π¶: best.pt, «Î«Û…Ë±∏=GPU,  µº …Ë±∏=GPU
2026-05-13 20:03:51,408 - __main__ - INFO -  ”∆µºÏ≤‚“—Õ£÷π (ª≠√Ê1): D:/Projects/yolov5-pyqt5/test_img/ ”∆µ1.mp4
2026-05-13 20:03:58,206 - __main__ - INFO - Õº∆¨ºÏ≤‚“—ÕÍ≥… (ª≠√Ê1): D:/Projects/yolov5-pyqt5/test_img/34.jpg
2026-05-13 20:04:02,127 - __main__ - INFO - ƒ£–Õº”‘ÿ≥…π¶: best.onnx, «Î«Û…Ë±∏=GPU,  µº …Ë±∏=GPU
2026-05-13 20:04:05,459 - __main__ - INFO - Õº∆¨ºÏ≤‚“—ÕÍ≥… (ª≠√Ê2): D:/Projects/yolov5-pyqt5/test_img/34.jpg
2026-05-14 10:31:47,329 - __main__ - INFO - ”¶”√≥Ã–Ú∆Ù∂Ø
2026-05-14 10:32:28,715 - torch._native.dsl_registry - INFO - Successfully registered DSL: cutedsl
2026-05-14 10:32:28,717 - torch._native.dsl_registry - INFO - Successfully registered DSL: triton
2026-05-14 10:32:37,164 - __main__ - INFO - ƒ£–Õº”‘ÿ≥…π¶: best.onnx, «Î«Û…Ë±∏=GPU,  µº …Ë±∏=GPU
2026-05-14 10:32:37,166 - __main__ - INFO - º”‘ÿ¡À 3 ∏ˆƒ£–ÕŒƒº˛
2026-05-14 10:32:37,500 - __main__ - INFO - ƒ£–Õº”‘ÿ≥…π¶: best.onnx, «Î«Û…Ë±∏=GPU,  µº …Ë±∏=GPU
2026-05-14 10:32:37,501 - __main__ - INFO - ≤Œ ˝ª÷∏¥≥…π¶
2026-05-14 10:32:45,224 - __main__ - INFO - Õº∆¨ºÏ≤‚“—ÕÍ≥… (ª≠√Ê1): D:/Projects/yolov5-pyqt5/test_img/1.jpg
2026-05-14 11:53:41,902 - __main__ - INFO - ”¶”√≥Ã–Ú∆Ù∂Ø
2026-05-14 11:53:43,213 - torch._native.dsl_registry - INFO - Successfully registered DSL: cutedsl
2026-05-14 11:53:43,213 - torch._native.dsl_registry - INFO - Successfully registered DSL: triton
2026-05-14 11:53:45,454 - __main__ - INFO - ƒ£–Õº”‘ÿ≥…π¶: best.onnx, «Î«Û…Ë±∏=GPU,  µº …Ë±∏=GPU
2026-05-14 11:53:45,455 - __main__ - INFO - º”‘ÿ¡À 3 ∏ˆƒ£–ÕŒƒº˛
2026-05-14 11:53:45,704 - __main__ - INFO - ƒ£–Õº”‘ÿ≥…π¶: best.onnx, «Î«Û…Ë±∏=GPU,  µº …Ë±∏=GPU
2026-05-14 11:53:45,738 - __main__ - INFO - ≤Œ ˝ª÷∏¥≥…π¶
2026-05-14 11:53:51,099 - __main__ - INFO - Õº∆¨ºÏ≤‚“—ÕÍ≥… (ª≠√Ê1): D:/Projects/yolov5-pyqt5/test_img/2.jpg
2026-05-14 11:53:57,656 - __main__ - INFO - ƒ£–Õº”‘ÿ≥…π¶: best.pt, «Î«Û…Ë±∏=GPU,  µº …Ë±∏=GPU
2026-05-14 11:54:07,404 - __main__ - INFO - Õº∆¨ºÏ≤‚“—ÕÍ≥… (ª≠√Ê2): D:/Projects/yolov5-pyqt5/test_img/2.jpg
2026-05-14 12:24:53,076 - __main__ - INFO - ”¶”√≥Ã–Ú∆Ù∂Ø
2026-05-14 12:24:54,629 - torch._native.dsl_registry - INFO - Successfully registered DSL: cutedsl
2026-05-14 12:24:54,630 - torch._native.dsl_registry - INFO - Successfully registered DSL: triton
2026-05-14 12:24:57,221 - __main__ - INFO - ƒ£–Õº”‘ÿ≥…π¶: best.onnx, «Î«Û…Ë±∏=GPU,  µº …Ë±∏=GPU
2026-05-14 12:24:57,223 - __main__ - INFO - º”‘ÿ¡À 3 ∏ˆƒ£–ÕŒƒº˛
2026-05-14 12:24:57,545 - __main__ - INFO - ƒ£–Õº”‘ÿ≥…π¶: best.onnx, «Î«Û…Ë±∏=GPU,  µº …Ë±∏=GPU
2026-05-14 12:24:57,559 - __main__ - INFO - ≤Œ ˝ª÷∏¥≥…π¶
2026-05-14 12:25:03,788 - __main__ - INFO - Õº∆¨ºÏ≤‚“—ÕÍ≥… (ª≠√Ê1): D:/Projects/yolov5-pyqt5/test_img/9.jpg
2026-05-14 15:49:33,851 - __main__ - INFO - ”¶”√≥Ã–Ú∆Ù∂Ø
2026-05-14 15:49:38,436 - torch._native.dsl_registry - INFO - Successfully registered DSL: cutedsl
2026-05-14 15:49:38,440 - torch._native.dsl_registry - INFO - Successfully registered DSL: triton
2026-05-14 15:49:48,694 - __main__ - INFO - ƒ£–Õº”‘ÿ≥…π¶: best.onnx, «Î«Û…Ë±∏=GPU,  µº …Ë±∏=GPU
2026-05-14 15:49:48,696 - __main__ - INFO - º”‘ÿ¡À 3 ∏ˆƒ£–ÕŒƒº˛
2026-05-14 15:49:48,840 - __main__ - INFO - ƒ£–Õº”‘ÿ≥…π¶: best.onnx, «Î«Û…Ë±∏=GPU,  µº …Ë±∏=GPU
2026-05-14 15:49:48,842 - __main__ - INFO - ≤Œ ˝ª÷∏¥≥…π¶
2026-05-14 19:45:26,734 - __main__ - INFO - ”¶”√≥Ã–Ú∆Ù∂Ø
2026-05-14 19:45:28,135 - torch._native.dsl_registry - INFO - Successfully registered DSL: cutedsl
2026-05-14 19:45:28,136 - torch._native.dsl_registry - INFO - Successfully registered DSL: triton
2026-05-14 19:45:30,572 - __main__ - INFO - ƒ£–Õº”‘ÿ≥…π¶: best.onnx, «Î«Û…Ë±∏=GPU,  µº …Ë±∏=GPU
2026-05-14 19:45:30,574 - __main__ - INFO - º”‘ÿ¡À 3 ∏ˆƒ£–ÕŒƒº˛
2026-05-14 19:45:30,761 - __main__ - INFO - ƒ£–Õº”‘ÿ≥…π¶: best.onnx, «Î«Û…Ë±∏=GPU,  µº …Ë±∏=GPU
2026-05-14 19:45:30,766 - __main__ - INFO - ≤Œ ˝ª÷∏¥≥…π¶
2026-05-14 19:45:40,376 - __main__ - INFO - Õº∆¨ºÏ≤‚“—ÕÍ≥… (ª≠√Ê1): D:/Projects/yolov5-pyqt5/test_img/2.jpg
2026-05-14 19:45:43,686 - __main__ - INFO - Õº∆¨ºÏ≤‚“—ÕÍ≥… (ª≠√Ê1): D:/Projects/yolov5-pyqt5/test_img/40.jpg
2026-05-14 19:45:48,026 - __main__ - INFO - Õº∆¨ºÏ≤‚“—ÕÍ≥… (ª≠√Ê1): D:/Projects/yolov5-pyqt5/test_img/54.jpg
2026-05-14 19:45:51,600 - __main__ - INFO - Õº∆¨ºÏ≤‚“—ÕÍ≥… (ª≠√Ê1): D:/Projects/yolov5-pyqt5/test_img/3.jpg
2026-05-14 19:46:06,200 - __main__ - INFO - ƒ£–Õº”‘ÿ≥…π¶: best.pt, «Î«Û…Ë±∏=GPU,  µº …Ë±∏=GPU
2026-05-14 19:46:12,059 - __main__ - INFO - Õº∆¨ºÏ≤‚“—ÕÍ≥… (ª≠√Ê2): D:/Projects/yolov5-pyqt5/test_img/3.jpg
2026-05-15 11:50:50,164 - __main__ - INFO - ”¶”√≥Ã–Ú∆Ù∂Ø
2026-05-15 11:51:50,310 - torch._native.dsl_registry - INFO - Successfully registered DSL: cutedsl
2026-05-15 11:51:50,320 - torch._native.dsl_registry - INFO - Successfully registered DSL: triton
2026-05-15 11:52:12,852 - __main__ - INFO - ƒ£–Õº”‘ÿ≥…π¶: best.onnx, «Î«Û…Ë±∏=GPU,  µº …Ë±∏=GPU
2026-05-15 11:52:12,855 - __main__ - INFO - º”‘ÿ¡À 3 ∏ˆƒ£–ÕŒƒº˛
2026-05-15 11:52:13,231 - __main__ - INFO - ƒ£–Õº”‘ÿ≥…π¶: best.onnx, «Î«Û…Ë±∏=GPU,  µº …Ë±∏=GPU
2026-05-15 11:52:13,248 - __main__ - INFO - ≤Œ ˝ª÷∏¥≥…π¶
2026-05-15 11:52:28,309 - __main__ - INFO -  ”∆µºÏ≤‚“—Õ£÷π (ª≠√Ê1): D:/Projects/yolov5-pyqt5/test_img/ ”∆µ1.mp4
2026-05-15 11:52:34,727 - __main__ - INFO - ”¶”√≥Ã–Ú∆Ù∂Ø
2026-05-15 11:52:36,426 - torch._native.dsl_registry - INFO - Successfully registered DSL: cutedsl
2026-05-15 11:52:36,428 - torch._native.dsl_registry - INFO - Successfully registered DSL: triton
2026-05-15 11:52:38,633 - __main__ - INFO - ƒ£–Õº”‘ÿ≥…π¶: best.onnx, «Î«Û…Ë±∏=GPU,  µº …Ë±∏=GPU
2026-05-15 11:52:38,636 - __main__ - INFO - º”‘ÿ¡À 3 ∏ˆƒ£–ÕŒƒº˛
2026-05-15 11:52:38,881 - __main__ - INFO - ƒ£–Õº”‘ÿ≥…π¶: best.onnx, «Î«Û…Ë±∏=GPU,  µº …Ë±∏=GPU
2026-05-15 11:52:38,882 - __main__ - INFO - ≤Œ ˝ª÷∏¥≥…π¶
2026-05-15 11:53:58,539 - __main__ - INFO - Õº∆¨ºÏ≤‚“—ÕÍ≥… (ª≠√Ê1): D:/Projects/yolov5-pyqt5/test_img/1.jpg
2026-05-15 11:57:11,169 - __main__ - INFO - ”¶”√≥Ã–Ú∆Ù∂Ø
2026-05-15 11:57:13,211 - torch._native.dsl_registry - INFO - Successfully registered DSL: cutedsl
2026-05-15 11:57:13,215 - torch._native.dsl_registry - INFO - Successfully registered DSL: triton
2026-05-15 11:57:16,723 - __main__ - INFO - ƒ£–Õº”‘ÿ≥…π¶: best.onnx, «Î«Û…Ë±∏=GPU,  µº …Ë±∏=GPU
2026-05-15 11:57:16,725 - __main__ - INFO - º”‘ÿ¡À 3 ∏ˆƒ£–ÕŒƒº˛
2026-05-15 11:57:17,069 - __main__ - INFO - ƒ£–Õº”‘ÿ≥…π¶: best.onnx, «Î«Û…Ë±∏=GPU,  µº …Ë±∏=GPU
2026-05-15 11:57:17,071 - __main__ - INFO - ≤Œ ˝ª÷∏¥≥…π¶
2026-05-15 12:10:47,855 - __main__ - INFO - ”¶”√≥Ã–Ú∆Ù∂Ø
2026-05-15 12:10:52,944 - torch._native.dsl_registry - INFO - Successfully registered DSL: cutedsl
2026-05-15 12:10:52,954 - torch._native.dsl_registry - INFO - Successfully registered DSL: triton
2026-05-15 12:11:03,601 - __main__ - INFO - ƒ£–Õº”‘ÿ≥…π¶: best.onnx, «Î«Û…Ë±∏=GPU,  µº …Ë±∏=GPU
2026-05-15 12:11:03,601 - __main__ - INFO - º”‘ÿ¡À 3 ∏ˆƒ£–ÕŒƒº˛
2026-05-15 12:11:03,928 - __main__ - INFO - ƒ£–Õº”‘ÿ≥…π¶: best.onnx, «Î«Û…Ë±∏=GPU,  µº …Ë±∏=GPU
2026-05-15 12:11:03,930 - __main__ - INFO - ≤Œ ˝ª÷∏¥≥…π¶
2026-05-15 12:15:16,707 - __main__ - INFO -  ”∆µºÏ≤‚“—Õ£÷π (ª≠√Ê1): D:/Projects/yolov5-pyqt5/test_img/ ”∆µ1.mp4
2026-05-15 12:15:16,902 - __main__ - INFO - Õº∆¨ºÏ≤‚“—ÕÍ≥… (ª≠√Ê3): D:/Projects/yolov5-pyqt5/test_img/1.jpg
2026-05-15 12:15:19,032 - __main__ - INFO -  ”∆µºÏ≤‚“—Õ£÷π (ª≠√Ê2): D:/Projects/yolov5-pyqt5/test_img/ ”∆µ1.mp4
2026-05-15 12:15:20,774 - __main__ - INFO - Õº∆¨ºÏ≤‚“—ÕÍ≥… (ª≠√Ê4): D:/Projects/yolov5-pyqt5/test_img/9.jpg
2026-05-15 12:15:23,855 - __main__ - INFO - Õº∆¨ºÏ≤‚“—ÕÍ≥… (ª≠√Ê5): D:/Projects/yolov5-pyqt5/test_img/40.jpg
2026-05-15 12:15:29,892 - __main__ - INFO - Õº∆¨ºÏ≤‚“—ÕÍ≥… (ª≠√Ê6): D:/Projects/yolov5-pyqt5/test_img/40.jpg
2026-05-15 12:17:58,959 - __main__ - INFO - …„œÒÕ∑ºÏ≤‚“—Õ£÷π (ª≠√Ê7)
2026-05-19 13:59:37,873 - __main__ - INFO - ”¶”√≥Ã–Ú∆Ù∂Ø
2026-05-19 14:00:23,114 - torch._native.dsl_registry - INFO - Successfully registered DSL: cutedsl
2026-05-19 14:00:23,121 - torch._native.dsl_registry - INFO - Successfully registered DSL: triton
2026-05-19 14:00:39,742 - __main__ - INFO - ƒ£–Õº”‘ÿ≥…π¶: best.onnx, «Î«Û…Ë±∏=GPU,  µº …Ë±∏=GPU
2026-05-19 14:00:39,743 - __main__ - INFO - º”‘ÿ¡À 3 ∏ˆƒ£–ÕŒƒº˛
2026-05-19 14:00:39,944 - __main__ - INFO - ƒ£–Õº”‘ÿ≥…π¶: best.onnx, «Î«Û…Ë±∏=GPU,  µº …Ë±∏=GPU
2026-05-19 14:00:39,946 - __main__ - INFO - ≤Œ ˝ª÷∏¥≥…π¶
2026-05-19 17:06:04,293 - __main__ - INFO - ”¶”√≥Ã–Ú∆Ù∂Ø
2026-05-19 17:06:49,399 - torch._native.dsl_registry - INFO - Successfully registered DSL: cutedsl
2026-05-19 17:06:49,405 - torch._native.dsl_registry - INFO - Successfully registered DSL: triton
2026-05-19 17:07:04,947 - __main__ - INFO - ƒ£–Õº”‘ÿ≥…π¶: best.onnx, «Î«Û…Ë±∏=GPU,  µº …Ë±∏=GPU
2026-05-19 17:07:04,949 - __main__ - INFO - º”‘ÿ¡À 3 ∏ˆƒ£–ÕŒƒº˛
2026-05-19 17:07:05,234 - __main__ - INFO - ƒ£–Õº”‘ÿ≥…π¶: best.onnx, «Î«Û…Ë±∏=GPU,  µº …Ë±∏=GPU
2026-05-19 17:07:05,235 - __main__ - INFO - ≤Œ ˝ª÷∏¥≥…π¶
2026-05-19 17:07:19,283 - __main__ - INFO - Õº∆¨ºÏ≤‚“—ÕÍ≥… (ª≠√Ê3): D:/Projects/yolov5-pyqt5/test_img/1.jpg
2026-05-19 17:07:21,565 - __main__ - INFO - Õº∆¨ºÏ≤‚“—ÕÍ≥… (ª≠√Ê4): D:/Projects/yolov5-pyqt5/test_img/30.jpg
2026-05-19 17:07:31,021 - __main__ - INFO -  ”∆µºÏ≤‚“—Õ£÷π (ª≠√Ê1): D:/Projects/yolov5-pyqt5/test_img/ ”∆µ1.mp4
2026-05-19 17:07:33,692 - __main__ - INFO -  ”∆µºÏ≤‚“—Õ£÷π (ª≠√Ê2): D:/Projects/yolov5-pyqt5/test_img/ ”∆µ1.mp4
2026-05-19 17:07:36,660 - __main__ - INFO - Õº∆¨ºÏ≤‚“—ÕÍ≥… (ª≠√Ê5): D:/Projects/yolov5-pyqt5/test_img/40.jpg
2026-05-19 17:07:39,919 - __main__ - INFO - Õº∆¨ºÏ≤‚“—ÕÍ≥… (ª≠√Ê6): D:/Projects/yolov5-pyqt5/test_img/40.jpg
2026-05-19 17:07:53,514 - __main__ - INFO - ƒ£–Õº”‘ÿ≥…π¶: best.pt, «Î«Û…Ë±∏=GPU,  µº …Ë±∏=GPU
2026-05-19 17:07:57,573 - __main__ - INFO - Õº∆¨ºÏ≤‚“—ÕÍ≥… (ª≠√Ê7): D:/Projects/yolov5-pyqt5/test_img/9.jpg
2026-05-19 17:08:00,321 - __main__ - INFO - ƒ£–Õº”‘ÿ≥…π¶: best.pt, «Î«Û…Ë±∏=CPU,  µº …Ë±∏=CPU
2026-05-19 17:08:04,834 - __main__ - INFO - Õº∆¨ºÏ≤‚“—ÕÍ≥… (ª≠√Ê8): D:/Projects/yolov5-pyqt5/test_img/27.jpg
2026-05-19 17:08:07,708 - __main__ - INFO - Õº∆¨ºÏ≤‚“—ÕÍ≥… (ª≠√Ê8): D:/Projects/yolov5-pyqt5/test_img/53.jpg
2026-05-19 17:08:23,411 - __main__ - INFO - ‰Ø¿¿∆˜º”‘ÿ¡À 632 ÃıºÏ≤‚º«¬º
2026-05-19 17:08:30,711 - __main__ - INFO - HTML±®∏Ê“—…˙≥…: ./results\report_20260519_170830.html
2026-05-19 17:08:51,465 - __main__ - INFO - HTML±®∏Ê“—…˙≥…: ./results\report_20260519_170830.html
2026-05-19 17:08:56,237 - __main__ - INFO - HTML±®∏Ê“—…˙≥…: ./results\report_20260519_170856.html
2026-05-19 17:08:59,035 - __main__ - INFO - HTML±®∏Ê“—…˙≥…: ./results\report_20260519_170856.html
2026-05-24 15:40:06,676 - __main__ - INFO - ”¶”√≥Ã–Ú∆Ù∂Ø
2026-05-24 15:40:52,746 - torch._native.dsl_registry - INFO - Successfully registered DSL: cutedsl
2026-05-24 15:40:52,752 - torch._native.dsl_registry - INFO - Successfully registered DSL: triton
2026-05-24 15:42:10,527 - __main__ - INFO - ”¶”√≥Ã–Ú∆Ù∂Ø
2026-05-24 15:42:11,795 - torch._native.dsl_registry - INFO - Successfully registered DSL: cutedsl
2026-05-24 15:42:11,796 - torch._native.dsl_registry - INFO - Successfully registered DSL: triton
2026-05-24 15:42:52,368 - __main__ - INFO - ƒ£–Õº”‘ÿ≥…π¶: best.onnx, «Î«Û…Ë±∏=GPU,  µº …Ë±∏=GPU
2026-05-24 15:42:52,370 - __main__ - INFO - º”‘ÿ¡À 3 ∏ˆƒ£–ÕŒƒº˛
2026-05-24 15:42:52,678 - __main__ - INFO - ƒ£–Õº”‘ÿ≥…π¶: best.onnx, «Î«Û…Ë±∏=GPU,  µº …Ë±∏=GPU
2026-05-24 15:42:52,679 - __main__ - INFO - ≤Œ ˝ª÷∏¥≥…π¶
2026-05-24 15:43:04,790 - __main__ - INFO - Õº∆¨ºÏ≤‚“—ÕÍ≥… (ª≠√Ê1): D:/Projects/yolov5-pyqt5/test_img/22.jpg
2026-05-24 15:43:11,491 - __main__ - INFO - ƒ£–Õº”‘ÿ≥…π¶: best.onnx, «Î«Û…Ë±∏=CPU,  µº …Ë±∏=CPU
2026-05-24 15:43:18,880 - __main__ - INFO - Õº∆¨ºÏ≤‚“—ÕÍ≥… (ª≠√Ê2): D:/Projects/yolov5-pyqt5/test_img/22.jpg
2026-05-26 13:08:51,438 - __main__ - INFO - ”¶”√≥Ã–Ú∆Ù∂Ø
2026-05-29 11:29:09,838 - __main__ - INFO - ”¶”√≥Ã–Ú∆Ù∂Ø
2026-05-29 11:29:58,590 - torch._native.dsl_registry - INFO - Successfully registered DSL: cutedsl
2026-05-29 11:29:58,593 - torch._native.dsl_registry - INFO - Successfully registered DSL: triton
2026-05-29 11:30:18,070 - __main__ - INFO - ƒ£–Õº”‘ÿ≥…π¶: best.onnx, «Î«Û…Ë±∏=GPU,  µº …Ë±∏=GPU
2026-05-29 11:30:18,071 - __main__ - INFO - º”‘ÿ¡À 3 ∏ˆƒ£–ÕŒƒº˛
2026-05-29 11:30:18,310 - __main__ - INFO - ƒ£–Õº”‘ÿ≥…π¶: best.onnx, «Î«Û…Ë±∏=GPU,  µº …Ë±∏=GPU
2026-05-29 11:30:18,313 - __main__ - INFO - ≤Œ ˝ª÷∏¥≥…π¶
2026-05-29 11:30:47,312 - __main__ - INFO -  ”∆µºÏ≤‚“—Õ£÷π (ª≠√Ê1): D:/Projects/yolov5-pyqt5/test_img/ ”∆µ1.mp4
2026-05-29 11:30:52,845 - __main__ - INFO -  ”∆µºÏ≤‚“—Õ£÷π (ª≠√Ê2): D:/Projects/yolov5-pyqt5/test_img/ ”∆µ1.mp4
2026-05-29 11:30:54,566 - __main__ - INFO - Õº∆¨ºÏ≤‚“—ÕÍ≥… (ª≠√Ê3): D:/Projects/yolov5-pyqt5/test_img/27.jpg
2026-05-29 11:30:56,592 - __main__ - INFO - Õº∆¨ºÏ≤‚“—ÕÍ≥… (ª≠√Ê4): D:/Projects/yolov5-pyqt5/test_img/29.jpg
2026-05-29 18:53:31,392 - __main__ - INFO - ”¶”√≥Ã–Ú∆Ù∂Ø
2026-05-29 18:54:14,874 - torch._native.dsl_registry - INFO - Successfully registered DSL: cutedsl
2026-05-29 18:54:14,879 - torch._native.dsl_registry - INFO - Successfully registered DSL: triton
2026-05-29 18:54:32,456 - __main__ - INFO - ƒ£–Õº”‘ÿ≥…π¶: best.onnx, «Î«Û…Ë±∏=GPU,  µº …Ë±∏=GPU
2026-05-29 18:54:32,458 - __main__ - INFO - º”‘ÿ¡À 3 ∏ˆƒ£–ÕŒƒº˛
2026-05-29 18:54:32,805 - __main__ - INFO - ƒ£–Õº”‘ÿ≥…π¶: best.onnx, «Î«Û…Ë±∏=GPU,  µº …Ë±∏=GPU
2026-05-29 18:54:32,824 - __main__ - INFO - ≤Œ ˝ª÷∏¥≥…π¶
2026-05-29 18:55:01,409 - __main__ - INFO - …„œÒÕ∑ºÏ≤‚“—Õ£÷π (ª≠√Ê1)
2026-05-29 18:57:25,937 - __main__ - INFO - ”¶”√≥Ã–Ú∆Ù∂Ø
2026-05-29 18:58:03,704 - torch._native.dsl_registry - INFO - Successfully registered DSL: cutedsl
2026-05-29 18:58:03,707 - torch._native.dsl_registry - INFO - Successfully registered DSL: triton
2026-05-29 18:58:10,882 - __main__ - INFO - ƒ£–Õº”‘ÿ≥…π¶: best.onnx, «Î«Û…Ë±∏=GPU,  µº …Ë±∏=GPU
2026-05-29 18:58:10,883 - __main__ - INFO - º”‘ÿ¡À 3 ∏ˆƒ£–ÕŒƒº˛
2026-05-29 18:58:11,202 - __main__ - INFO - ƒ£–Õº”‘ÿ≥…π¶: best.onnx, «Î«Û…Ë±∏=GPU,  µº …Ë±∏=GPU
2026-05-29 18:58:11,203 - __main__ - INFO - ≤Œ ˝ª÷∏¥≥…π¶
2026-05-29 18:58:46,795 - __main__ - INFO - Õº∆¨ºÏ≤‚“—ÕÍ≥… (ª≠√Ê3): D:/Projects/yolov5-pyqt5/test_img/3.jpg
2026-05-29 18:58:50,199 - __main__ - INFO - Õº∆¨ºÏ≤‚“—ÕÍ≥… (ª≠√Ê4): D:/Projects/yolov5-pyqt5/test_img/29.jpg
2026-05-29 18:59:00,339 - __main__ - INFO - …„œÒÕ∑ºÏ≤‚“—Õ£÷π (ª≠√Ê2)
2026-05-29 18:59:12,906 - __main__ - INFO - Õº∆¨ºÏ≤‚“—ÕÍ≥… (ª≠√Ê5): D:/Projects/yolov5-pyqt5/test_img/40.jpg
2026-05-29 18:59:16,935 - __main__ - INFO - Õº∆¨ºÏ≤‚“—ÕÍ≥… (ª≠√Ê6): D:/Projects/yolov5-pyqt5/test_img/40.jpg
2026-05-29 18:59:27,059 - __main__ - INFO -  ”∆µºÏ≤‚“—Õ£÷π (ª≠√Ê1): D:/Projects/yolov5-pyqt5/test_img/ ”∆µ2.mp4
2026-05-29 18:59:34,333 - __main__ - INFO - ƒ£–Õº”‘ÿ≥…π¶: best.pt, «Î«Û…Ë±∏=GPU,  µº …Ë±∏=GPU
2026-05-29 18:59:39,093 - __main__ - INFO - Õº∆¨ºÏ≤‚“—ÕÍ≥… (ª≠√Ê7): D:/Projects/yolov5-pyqt5/test_img/1.jpg
2026-05-29 18:59:48,997 - __main__ - INFO -  ”∆µºÏ≤‚“—Õ£÷π (ª≠√Ê7): D:/Projects/yolov5-pyqt5/test_img/…˙≥…≤‚ ‘Ãı¥¯ ”∆µ.mp4
2026-05-29 18:59:50,873 - __main__ - INFO - ƒ£–Õº”‘ÿ≥…π¶: best.pt, «Î«Û…Ë±∏=CPU,  µº …Ë±∏=CPU
2026-05-29 18:59:53,086 - __main__ - INFO - Õº∆¨ºÏ≤‚“—ÕÍ≥… (ª≠√Ê8): D:/Projects/yolov5-pyqt5/test_img/9.jpg
2026-05-29 19:00:07,466 - __main__ - INFO - ‰Ø¿¿∆˜º”‘ÿ¡À 6734 ÃıºÏ≤‚º«¬º
2026-05-29 19:00:19,986 - __main__ - INFO - ‰Ø¿¿∆˜º”‘ÿ¡À 6734 ÃıºÏ≤‚º«¬º
2026-05-29 19:00:22,221 - __main__ - INFO - HTML±®∏Ê“—…˙≥…: ./results\report_20260529_190022.html
2026-05-29 19:00:36,998 - __main__ - INFO - HTML±®∏Ê“—…˙≥…: ./results\report_20260529_190022.html
2026-05-29 19:02:07,886 - __main__ - INFO - ”¶”√≥Ã–Ú∆Ù∂Ø
2026-05-29 19:02:09,282 - torch._native.dsl_registry - INFO - Successfully registered DSL: cutedsl
2026-05-29 19:02:09,284 - torch._native.dsl_registry - INFO - Successfully registered DSL: triton
2026-05-29 19:02:11,572 - __main__ - INFO - ƒ£–Õº”‘ÿ≥…π¶: best.onnx, «Î«Û…Ë±∏=GPU,  µº …Ë±∏=GPU
2026-05-29 19:02:11,573 - __main__ - INFO - º”‘ÿ¡À 3 ∏ˆƒ£–ÕŒƒº˛
2026-05-29 19:02:11,895 - __main__ - INFO - ƒ£–Õº”‘ÿ≥…π¶: best.onnx, «Î«Û…Ë±∏=GPU,  µº …Ë±∏=GPU
2026-05-29 19:02:11,896 - __main__ - INFO - ≤Œ ˝ª÷∏¥≥…π¶
2026-05-29 19:02:47,552 - __main__ - INFO - Õº∆¨ºÏ≤‚“—ÕÍ≥… (ª≠√Ê3): D:/Projects/yolov5-pyqt5/test_img/30.jpg
2026-05-29 19:02:53,447 - __main__ - INFO - Õº∆¨ºÏ≤‚“—ÕÍ≥… (ª≠√Ê4): D:/Projects/yolov5-pyqt5/test_img/35.jpg
2026-05-29 19:02:59,477 - __main__ - INFO - …„œÒÕ∑ºÏ≤‚“—Õ£÷π (ª≠√Ê2)
2026-05-29 19:03:06,014 - __main__ - INFO -  ”∆µºÏ≤‚“—Õ£÷π (ª≠√Ê1): D:/Projects/yolov5-pyqt5/test_img/ ”∆µ2.mp4
2026-05-29 19:03:13,312 - __main__ - INFO - Õº∆¨ºÏ≤‚“—ÕÍ≥… (ª≠√Ê5): D:/Projects/yolov5-pyqt5/test_img/40.jpg
2026-05-29 19:03:17,639 - __main__ - INFO - Õº∆¨ºÏ≤‚“—ÕÍ≥… (ª≠√Ê6): D:/Projects/yolov5-pyqt5/test_img/40.jpg
2026-05-29 19:03:22,647 - __main__ - INFO - ƒ£–Õº”‘ÿ≥…π¶: best.pt, «Î«Û…Ë±∏=GPU,  µº …Ë±∏=GPU
2026-05-29 19:03:29,341 - __main__ - INFO - Õº∆¨ºÏ≤‚“—ÕÍ≥… (ª≠√Ê7): D:/Projects/yolov5-pyqt5/test_img/35.jpg
2026-05-29 19:03:31,808 - __main__ - INFO - ƒ£–Õº”‘ÿ≥…π¶: best.pt, «Î«Û…Ë±∏=CPU,  µº …Ë±∏=CPU
2026-05-29 19:03:41,825 - __main__ - INFO -  ”∆µºÏ≤‚“—Õ£÷π (ª≠√Ê8): D:/Projects/yolov5-pyqt5/test_img/…˙≥…≤‚ ‘Ãı¥¯ ”∆µ.mp4
2026-05-29 19:03:56,192 - __main__ - INFO - HTML±®∏Ê“—…˙≥…: ./results\report_20260529_190356.html
2026-05-29 19:04:16,155 - __main__ - INFO - HTML±®∏Ê“—…˙≥…: ./results\report_20260529_190356.html
2026-05-29 19:04:17,999 - __main__ - INFO - ‰Ø¿¿∆˜º”‘ÿ¡À 5639 ÃıºÏ≤‚º«¬º
2026-05-29 19:04:31,582 - __main__ - INFO - HTML±®∏Ê“—…˙≥…: ./results\report_20260529_190431.html
2026-05-29 19:04:35,336 - __main__ - INFO - HTML±®∏Ê“—…˙≥…: ./results\report_20260529_190431.html
2026-05-29 19:04:58,991 - __main__ - INFO - ”¶”√≥Ã–Ú∆Ù∂Ø
2026-05-29 19:05:00,282 - torch._native.dsl_registry - INFO - Successfully registered DSL: cutedsl
2026-05-29 19:05:00,284 - torch._native.dsl_registry - INFO - Successfully registered DSL: triton
2026-05-29 19:05:02,332 - __main__ - INFO - ƒ£–Õº”‘ÿ≥…π¶: best.onnx, «Î«Û…Ë±∏=GPU,  µº …Ë±∏=GPU
2026-05-29 19:05:02,332 - __main__ - INFO - º”‘ÿ¡À 3 ∏ˆƒ£–ÕŒƒº˛
2026-05-29 19:05:02,648 - __main__ - INFO - ƒ£–Õº”‘ÿ≥…π¶: best.onnx, «Î«Û…Ë±∏=GPU,  µº …Ë±∏=GPU
2026-05-29 19:05:02,649 - __main__ - INFO - ≤Œ ˝ª÷∏¥≥…π¶
2026-05-29 19:05:32,014 - __main__ - INFO -  ”∆µºÏ≤‚“—Õ£÷π (ª≠√Ê1): D:/Projects/yolov5-pyqt5/test_img/ ”∆µ1.mp4
2026-05-29 19:06:02,470 - __main__ - INFO - ”¶”√≥Ã–Ú∆Ù∂Ø
2026-05-29 19:06:03,599 - torch._native.dsl_registry - INFO - Successfully registered DSL: cutedsl
2026-05-29 19:06:03,601 - torch._native.dsl_registry - INFO - Successfully registered DSL: triton
2026-05-29 19:06:05,672 - __main__ - INFO - ƒ£–Õº”‘ÿ≥…π¶: best.onnx, «Î«Û…Ë±∏=GPU,  µº …Ë±∏=GPU
2026-05-29 19:06:05,674 - __main__ - INFO - º”‘ÿ¡À 3 ∏ˆƒ£–ÕŒƒº˛
2026-05-29 19:06:05,974 - __main__ - INFO - ƒ£–Õº”‘ÿ≥…π¶: best.onnx, «Î«Û…Ë±∏=GPU,  µº …Ë±∏=GPU
2026-05-29 19:06:05,979 - __main__ - INFO - ≤Œ ˝ª÷∏¥≥…π¶
2026-05-29 19:06:32,739 - __main__ - INFO - Õº∆¨ºÏ≤‚“—ÕÍ≥… (ª≠√Ê3): D:/Projects/yolov5-pyqt5/test_img/10.jpg
2026-05-29 19:06:36,102 - __main__ - INFO - Õº∆¨ºÏ≤‚“—ÕÍ≥… (ª≠√Ê4): D:/Projects/yolov5-pyqt5/test_img/43.jpg
2026-05-29 19:06:46,378 - __main__ - INFO - …„œÒÕ∑ºÏ≤‚“—Õ£÷π (ª≠√Ê1)
2026-05-29 19:06:48,231 - __main__ - INFO -  ”∆µºÏ≤‚“—Õ£÷π (ª≠√Ê2): D:/Projects/yolov5-pyqt5/test_img/ ”∆µ2.mp4
2026-05-29 19:06:53,106 - __main__ - INFO - Õº∆¨ºÏ≤‚“—ÕÍ≥… (ª≠√Ê5): D:/Projects/yolov5-pyqt5/test_img/40.jpg
2026-05-29 19:06:58,600 - __main__ - INFO - Õº∆¨ºÏ≤‚“—ÕÍ≥… (ª≠√Ê6): D:/Projects/yolov5-pyqt5/test_img/40.jpg
2026-05-29 19:07:01,802 - __main__ - INFO - ƒ£–Õº”‘ÿ≥…π¶: best.pt, «Î«Û…Ë±∏=GPU,  µº …Ë±∏=GPU
2026-05-29 19:07:06,856 - __main__ - INFO - Õº∆¨ºÏ≤‚“—ÕÍ≥… (ª≠√Ê7): D:/Projects/yolov5-pyqt5/test_img/53.jpg
2026-05-29 19:07:08,808 - __main__ - INFO - ƒ£–Õº”‘ÿ≥…π¶: best.pt, «Î«Û…Ë±∏=CPU,  µº …Ë±∏=CPU
2026-05-29 19:07:17,608 - __main__ - INFO -  ”∆µºÏ≤‚“—Õ£÷π (ª≠√Ê8): D:/Projects/yolov5-pyqt5/test_img/ ”∆µ1.mp4
2026-05-29 19:07:30,493 - __main__ - INFO - ‰Ø¿¿∆˜º”‘ÿ¡À 2539 ÃıºÏ≤‚º«¬º
2026-05-29 19:07:41,462 - __main__ - INFO - HTML±®∏Ê“—…˙≥…: ./results\report_20260529_190741.html
2026-05-29 19:07:57,033 - __main__ - INFO - HTML±®∏Ê“—…˙≥…: ./results\report_20260529_190741.html
2026-06-01 14:47:33,708 - __main__ - INFO - ”¶”√≥Ã–Ú∆Ù∂Ø
2026-06-01 14:48:45,047 - torch._native.dsl_registry - INFO - Successfully registered DSL: cutedsl
2026-06-01 14:48:45,055 - torch._native.dsl_registry - INFO - Successfully registered DSL: triton
2026-06-01 14:49:06,785 - __main__ - INFO - ƒ£–Õº”‘ÿ≥…π¶: best.onnx, «Î«Û…Ë±∏=GPU,  µº …Ë±∏=CPU
2026-06-01 14:49:06,801 - __main__ - INFO - º”‘ÿ¡À 3 ∏ˆƒ£–ÕŒƒº˛
2026-06-01 14:49:07,430 - __main__ - INFO - ƒ£–Õº”‘ÿ≥…π¶: best.onnx, «Î«Û…Ë±∏=GPU,  µº …Ë±∏=CPU
2026-06-01 14:49:07,463 - __main__ - INFO - ≤Œ ˝ª÷∏¥≥…π¶
2026-06-01 14:49:23,137 - __main__ - INFO - Õº∆¨ºÏ≤‚“—ÕÍ≥… (ª≠√Ê1): D:/Projects/yolov5-pyqt5/test_img/40.jpg
2026-06-01 14:49:30,591 - __main__ - INFO - Õº∆¨ºÏ≤‚“—ÕÍ≥… (ª≠√Ê1): D:/Projects/yolov5-pyqt5/test_img/40.jpg
2026-06-01 14:51:05,637 - __main__ - INFO - Õº∆¨ºÏ≤‚“—ÕÍ≥… (ª≠√Ê2): D:/Projects/yolov5-pyqt5/test_img/14.jpg
2026-06-01 14:51:12,318 - __main__ - INFO - Õº∆¨ºÏ≤‚“—ÕÍ≥… (ª≠√Ê3): D:/Projects/yolov5-pyqt5/test_img/18.jpg
2026-06-01 14:51:19,079 - __main__ - INFO - Õº∆¨ºÏ≤‚“—ÕÍ≥… (ª≠√Ê4): D:/Projects/yolov5-pyqt5/test_img/22.jpg
2026-06-01 14:51:23,830 - __main__ - INFO - Õº∆¨ºÏ≤‚“—ÕÍ≥… (ª≠√Ê4): D:/Projects/yolov5-pyqt5/test_img/30.jpg
2026-06-01 14:52:59,488 - __main__ - INFO - Õº∆¨ºÏ≤‚“—ÕÍ≥… (ª≠√Ê5): D:/Projects/yolov5-pyqt5/------.v1i.yolov5pytorch/train/images/-_042824_0099_jpg.rf.84523b618ef354e35dbec8f6b6d904d2.jpg
2026-06-01 14:53:09,273 - __main__ - INFO - Õº∆¨ºÏ≤‚“—ÕÍ≥… (ª≠√Ê5): D:/Projects/yolov5-pyqt5/------.v1i.yolov5pytorch/train/images/-_045632_0744_jpg.rf.1c64fc1c7613887add24b353c52c940d.jpg
2026-06-01 14:53:20,454 - __main__ - INFO - Õº∆¨ºÏ≤‚“—ÕÍ≥… (ª≠√Ê5): D:/Projects/yolov5-pyqt5/------.v1i.yolov5pytorch/train/images/-_041903_0542_jpg.rf.58b00a3ac8067608c3c0f805e80bbe6d.jpg
2026-06-01 14:53:31,499 - __main__ - INFO - Õº∆¨ºÏ≤‚“—ÕÍ≥… (ª≠√Ê5): D:/Projects/yolov5-pyqt5/------.v1i.yolov5pytorch/train/images/-_050405_0081_jpg.rf.3b3c755883e9a098affefb3f9a1b54fd.jpg
2026-06-01 14:53:39,925 - __main__ - INFO - Õº∆¨ºÏ≤‚“—ÕÍ≥… (ª≠√Ê5): D:/Projects/yolov5-pyqt5/------.v1i.yolov5pytorch/train/images/-_050405_0081_jpg.rf.c34837c93bfdce20101d6103152582af.jpg
2026-06-01 14:53:48,038 - __main__ - INFO - Õº∆¨ºÏ≤‚“—ÕÍ≥… (ª≠√Ê5): D:/Projects/yolov5-pyqt5/------.v1i.yolov5pytorch/train/images/-_050405_0081_jpg.rf.3b3c755883e9a098affefb3f9a1b54fd.jpg
2026-06-01 14:54:27,906 - __main__ - INFO - Õº∆¨ºÏ≤‚“—ÕÍ≥… (ª≠√Ê5): D:/Projects/yolov5-pyqt5/test_img/41.jpg
2026-06-01 14:54:43,921 - __main__ - INFO - Õº∆¨ºÏ≤‚“—ÕÍ≥… (ª≠√Ê5): D:/Projects/yolov5-pyqt5/test_img/30.jpg
2026-06-01 14:55:25,986 - __main__ - INFO - Õº∆¨ºÏ≤‚“—ÕÍ≥… (ª≠√Ê5): D:/Projects/yolov5-pyqt5/test_img/20.jpg
2026-06-01 14:55:42,953 - __main__ - INFO - Õº∆¨ºÏ≤‚“—ÕÍ≥… (ª≠√Ê5): D:/Projects/yolov5-pyqt5/test_img/32.jpg
2026-06-01 14:55:52,995 - __main__ - INFO - Õº∆¨ºÏ≤‚“—ÕÍ≥… (ª≠√Ê5): D:/Projects/yolov5-pyqt5/test_img/41.jpg
2026-06-01 22:16:22,638 - __main__ - INFO - ”¶”√≥Ã–Ú∆Ù∂Ø
2026-06-01 22:17:29,054 - torch._native.dsl_registry - INFO - Successfully registered DSL: cutedsl
2026-06-01 22:17:29,057 - torch._native.dsl_registry - INFO - Successfully registered DSL: triton
2026-06-01 22:17:42,895 - __main__ - INFO - ƒ£–Õº”‘ÿ≥…π¶: best.onnx, «Î«Û…Ë±∏=GPU,  µº …Ë±∏=GPU
2026-06-01 22:17:42,898 - __main__ - INFO - º”‘ÿ¡À 3 ∏ˆƒ£–ÕŒƒº˛
2026-06-01 22:17:43,315 - __main__ - INFO - ƒ£–Õº”‘ÿ≥…π¶: best.onnx, «Î«Û…Ë±∏=GPU,  µº …Ë±∏=GPU
2026-06-01 22:17:43,316 - __main__ - INFO - ≤Œ ˝ª÷∏¥≥…π¶
2026-06-01 22:17:50,420 - __main__ - INFO - Õº∆¨ºÏ≤‚“—ÕÍ≥… (ª≠√Ê1): D:/Desktop/30.jpg
2026-06-01 22:20:42,307 - __main__ - INFO - Õº∆¨ºÏ≤‚“—ÕÍ≥… (ª≠√Ê2): D:/Projects/yolov5-pyqt5/test_img/30.jpg
2026-06-01 22:20:47,209 - __main__ - INFO - Õº∆¨ºÏ≤‚“—ÕÍ≥… (ª≠√Ê2): D:/Projects/yolov5-pyqt5/test_img/30.jpg
